0.0,0.0,0.0
1.5,0.0,0.0
0.0,1.0,0.0
-1.5,0.0,0.0
0.0,-1.0,0.0
0.0,0.0,0.7
0.0,0.0,-0.7
1.49277708997585,0.09801714054917741,0.0
1.4711779204555622,0.1950903225164606,0.0
1.4354105032517552,0.2902846780160946,0.0
1.3858192981204644,0.3826834334055608,0.0
1.3228818955473356,0.4713967380423078,0.0
1.247204417024696,0.5555702344454901,0.0
1.159515678097258,0.6343932857451392,0.0
1.0606601692964475,0.7071067828421301,0.0
0.9515899239183987,0.7730104546359213,0.0
0.8333553473966663,0.8314696132525781,0.0
0.7070951032772405,0.8819212650474086,0.0
0.574025146868541,0.9238795329749556,0.0
0.43542701457471067,0.9569403359965215,0.0
0.2926354821283755,0.9807852805220232,0.0
0.14702571005269144,0.995184726701196,0.0
-0.14702571082376611,0.9951847266505666,0.0
-0.2926354837746909,0.9807852803037082,0.0
-0.4354270170241419,0.9569403355011702,0.0
-0.5740251501083412,0.9238795320803096,0.0
-0.7070951070634617,0.8819212636982238,0.0
-0.8333553516682353,0.8314696113497975,0.0
-0.9515899286177087,0.7730104520648386,0.0
-1.0606601742631951,0.7071067795309649,0.0
-1.159515681953882,0.6343932826122658,0.0
-1.2472044198788672,0.5555702315977775,0.0
-1.322881897571113,0.4713967355181603,0.0
-1.3858192994624334,0.382683431245694,0.0
-1.4354105039947822,0.2902846763831404,0.0
-1.4711779207830347,0.195090321418917,0.0
-1.4927770900517938,0.09801714003512763,0.0
-1.49277708997585,-0.09801714054917741,0.0
-1.4711779204555622,-0.1950903225164606,0.0
-1.4354105032517552,-0.2902846780160946,0.0
-1.3858192981204644,-0.3826834334055608,0.0
-1.3228818955473356,-0.4713967380423078,0.0
-1.247204417024696,-0.5555702344454901,0.0
-1.159515678097258,-0.6343932857451392,0.0
-1.0606601692964475,-0.7071067828421301,0.0
-0.9515899239183987,-0.7730104546359213,0.0
-0.8333553473966663,-0.8314696132525781,0.0
-0.7070951032772405,-0.8819212650474086,0.0
-0.574025146868541,-0.9238795329749556,0.0
-0.43542701457471067,-0.9569403359965215,0.0
-0.2926354821283755,-0.9807852805220232,0.0
-0.14702571005269144,-0.995184726701196,0.0
0.14702571082376611,-0.9951847266505666,0.0
0.2926354837746909,-0.9807852803037082,0.0
0.4354270170241419,-0.9569403355011702,0.0
0.5740251501083412,-0.9238795320803096,0.0
0.7070951070634617,-0.8819212636982238,0.0
0.8333553516682353,-0.8314696113497975,0.0
0.9515899286177087,-0.7730104520648386,0.0
1.0606601742631951,-0.7071067795309649,0.0
1.159515681953882,-0.6343932826122658,0.0
1.2472044198788672,-0.5555702315977775,0.0
1.322881897571113,-0.4713967355181603,0.0
1.3858192994624334,-0.382683431245694,0.0
1.4354105039947822,-0.2902846763831404,0.0
1.4711779207830347,-0.195090321418917,0.0
1.4927770900517938,-0.09801714003512763,0.0
0.0,0.09801714054917741,0.6966293086553965
0.0,0.1950903225164606,0.6865496962125957
0.0,0.2902846780160946,0.6698582348508191
0.0,0.3826834334055608,0.6467156724562166
0.0,0.4713967380423078,0.6173448845887566
0.0,0.5555702344454901,0.5820287279448582
0.0,0.6343932857451392,0.541107316445387
0.0,0.7071067828421301,0.4949747456716754
0.0,0.7730104546359213,0.444075297828586
0.0,0.8314696132525781,0.3888991621184442
0.0,0.8819212650474086,0.3299777148627122
0.0,0.9238795329749556,0.26787840187198575
0.0,0.9569403359965215,0.2031992734681983
0.0,0.9807852805220232,0.1365632249932419
0.0,0.995184726701196,0.06861199802458934
0.0,0.9951847266505666,-0.06861199838442418
0.0,0.9807852803037082,-0.1365632257615224
0.0,0.9569403355011702,-0.2031992746112662
0.0,0.9238795320803096,-0.26787840338389257
0.0,0.8819212636982238,-0.32997771662961545
0.0,0.8314696113497975,-0.38889916411184305
0.0,0.7730104520648386,-0.4440753000215974
0.0,0.7071067795309649,-0.49497474798949104
0.0,0.6343932826122658,-0.5411073182451449
0.0,0.5555702315977775,-0.5820287292768046
0.0,0.4713967355181603,-0.617344885533186
0.0,0.382683431245694,-0.6467156730824689
0.0,0.2902846763831404,-0.669858235197565
0.0,0.195090321418917,-0.6865496963654162
0.0,0.09801714003512763,-0.6966293086908372
0.0,-0.09801714054917741,-0.6966293086553965
0.0,-0.1950903225164606,-0.6865496962125957
0.0,-0.2902846780160946,-0.6698582348508191
0.0,-0.3826834334055608,-0.6467156724562166
0.0,-0.4713967380423078,-0.6173448845887566
0.0,-0.5555702344454901,-0.5820287279448582
0.0,-0.6343932857451392,-0.541107316445387
0.0,-0.7071067828421301,-0.4949747456716754
0.0,-0.7730104546359213,-0.444075297828586
0.0,-0.8314696132525781,-0.3888991621184442
0.0,-0.8819212650474086,-0.3299777148627122
0.0,-0.9238795329749556,-0.26787840187198575
0.0,-0.9569403359965215,-0.2031992734681983
0.0,-0.9807852805220232,-0.1365632249932419
0.0,-0.995184726701196,-0.06861199802458934
0.0,-0.9951847266505666,0.06861199838442418
0.0,-0.9807852803037082,0.1365632257615224
0.0,-0.9569403355011702,0.2031992746112662
0.0,-0.9238795320803096,0.26787840338389257
0.0,-0.8819212636982238,0.32997771662961545
0.0,-0.8314696113497975,0.38889916411184305
0.0,-0.7730104520648386,0.4440753000215974
0.0,-0.7071067795309649,0.49497474798949104
0.0,-0.6343932826122658,0.5411073182451449
0.0,-0.5555702315977775,0.5820287292768046
0.0,-0.4713967355181603,0.617344885533186
0.0,-0.382683431245694,0.6467156730824689
0.0,-0.2902846763831404,0.669858235197565
0.0,-0.195090321418917,0.6865496963654162
0.0,-0.09801714003512763,0.6966293086908372
1.3734320858101197,-0.3725709477725037,-0.10576339371474856
1.1890123658751912,0.6049140543725445,-0.053059228674148196
1.4078026019049836,0.3339843599848964,-0.0610501681727568
0.12743026835548543,0.1462000310029127,-0.6899203876750852
0.12964783212585163,-0.3373347224358888,-0.6561859940162266
0.12743026839289845,0.5122442182038237,-0.5982394948671028
0.1254969665269554,-0.5136767170145637,-0.5977264125538772
0.12743026832764046,0.6691312111854035,-0.5167907683578153
1.107408789338189,-0.6691312111853911,-0.05946745855291322
0.1274302687361059,-0.6691312143944029,-0.5167907662999536
0.9975073987020819,0.7416766623838236,-0.06136157145552468
0.1491471988696452,-0.1415853941204653,-0.6894438412818561
1.4784008304887366,0.1462000318134437,-0.05946745890829494
1.4784008307299743,-0.1462000310135423,-0.059467458565818886
0.7683663313025997,-0.8546278481636701,-0.0594674589311658
0.12743026913944774,0.8546278481635013,-0.3585709546079813
0.12172532140117338,-0.8602872075004254,-0.35231672687282234
0.6548965455325453,0.8958246771018199,-0.05806456265983379
0.4909578465128355,-0.9405685494196561,-0.06339577196114225
0.12743026837048765,-0.9381403046182186,-0.23497037708568877
0.14033962935121475,0.9377763169805114,-0.2340787355876804
0.12747407574515157,0.3352634419589012,-0.6567986125990227
0.37008703089819045,0.9645497740374672,-0.06555626917416447
1.2804668622103603,-0.5138346370185305,-0.05966409133102841
0.16333960726965763,-0.9880711502415507,-0.07622515010167273
1.4500580056151477,-0.2403532539067416,-0.06146902680075719
1.4495958542669003,-0.1919222104250406,-0.1197025524208934
1.471593314065616,-0.09523052526802131,-0.11806592781483925
1.4360354202563705,-0.1406719984255262,-0.1766429787690115
1.4507015182432899,-0.04304202084396701,-0.1754174611612467
1.4081750219030482,-0.08804410884254235,-0.23314735611479795
1.4159418006072604,0.009903504765243735,-0.23093547721078447
1.3665993365092208,-0.03491024374357589,-0.28754548992687745
1.3676506230544305,0.06309780174842462,-0.28408226486262744
1.3117091831021368,0.01821600855103854,-0.3393126938526066
1.3041939411818002,-0.07975175141830414,-0.34126302880143683
1.3062939771599147,0.1160278124024649,-0.3343449366257613
1.2429904427805667,-0.02647698479052079,-0.3913876995817474
1.229052520410457,-0.1240979358095279,-0.39177194263558773
1.1621573973267072,-0.07054997803152734,-0.43980486455409046
1.1427229366122966,-0.1677913701493483,-0.43798050642703595
1.0698596725580498,-0.1132457617890694,-0.4841978536740433
1.0840372117197843,-0.01589198152843371,-0.48369163114761793
1.0452151943265966,-0.2101400788011051,-0.4800473178884371
1.112667736363326,-0.2634415750601359,-0.43171515077402484
1.010070181050852,-0.3042131425937477,-0.4716637072004556
0.9866711043550531,-0.05860729134000114,-0.5256481212127256
0.9962355113566217,0.03920964034380805,-0.5225949253151859
1.071999830569616,-0.35606408092109,-0.4214384210866748
0.9688050735845171,-0.3921540099436713,-0.45852250215922485
1.0220959001665397,-0.445256219068265,-0.4066299121589212
0.8991457001169172,-0.4782658636541842,-0.4492805257394457
0.8935703434852099,-0.003410328554237547,-0.562232801825262
0.8985411201737896,0.09429173599609114,-0.5566101516905834
0.9022333378209049,-0.3392649266611045,-0.5062846106846631
0.9621720085987857,-0.5317467134440347,-0.387087904040911
0.8451196783939587,-0.566872166103002,-0.4207119992475385
0.8935105525069291,-0.6120894522537529,-0.3640803185461897
0.7773590403767381,-0.64380596251112,-0.39408312014038865
0.791585871325101,0.05148059375959967,-0.5934981358240856
0.7919980392954267,0.1489076516887594,-0.5852619130657628
0.8947335527744639,0.1910780503797019,-0.5456813215504921
0.7842613225486952,0.2449267220733163,-0.5715397392018016
0.8826056224092464,0.2861751328555935,-0.5293614671972711
0.7684503646618308,0.3386114163169804,-0.552464005279249
0.8631567486040603,0.3781167286738894,-0.5076322781925406
0.7447177092031182,0.4290578677929869,-0.5282187533051387
0.835197589007119,0.46684974805742,-0.48092947788844764
0.9624436480167892,0.413338082955204,-0.4522800318003104
0.9172728872800201,0.5004756431034972,-0.42898820221057277
0.7994645433493633,0.550566098962508,-0.44975376853045773
0.8773765045699937,0.5814697862953427,-0.3958338812792063
0.9908755920738432,0.5289516917288117,-0.3729359604092467
0.7547135945533562,0.6296524089765831,-0.4143536300005221
0.8291600261104635,0.6572886300877333,-0.358584030514012
0.783028795225564,-0.04641447889361163,-0.5961689446865936
0.7169401214180244,-0.6048812690476364,-0.44584714597632835
0.8163742739695994,-0.6850926752153847,-0.33893338645492943
1.0668254442008445,-0.4902977618641569,-0.35263505625861014
0.7026184455931818,0.7023865451943807,-0.3751654300898949
0.772917701419094,0.7272680535790311,-0.317378239232689
0.6772440734490974,0.008464216614004476,-0.6245630798042103
0.6651627056429981,-0.08933926507983578,-0.6242877161787959
0.6780614581930191,0.201675222990952,-0.6082295383609456
1.3844282036895414,-0.1807734851807744,-0.23787674965081312
0.8953127911071639,0.678997979189806,-0.299205374299302
0.6730306245603073,0.5957147525962883,-0.46633022545776254
0.698879037529367,-0.7143695470068903,-0.3654746200386275
0.646706194577919,0.3874646170508477,-0.5703997831858969
0.732280312901771,-0.7544232159855035,-0.30713905830937516
0.643266390513415,0.7683875063690568,-0.3325355436783259
0.5697189124414184,0.7399563622234916,-0.38861473549902864
1.3557819934925497,0.1604772955409134,-0.2776219653261303
0.9338264280928521,-0.6578514897343328,-0.29670565797631526
1.2880005671544474,0.2127399757548905,-0.3264076873815536
1.331107953492739,0.256288718671721,-0.26822692224986094
1.2570054465699387,0.3074194228327388,-0.3155775249930666
1.2938665574501569,0.3496076858277078,-0.2559877785426127
0.8353257410550949,0.7454119211948553,-0.256472845680765
0.606434696408056,-0.7790022887357263,-0.3354929878721569
0.5634829047516478,-0.7305653548815658,-0.3991580093663062
0.6408861053694583,-0.81373813098469,-0.2758402961521127
0.5561381557511588,-0.03426538189878591,-0.6496678156358386
0.5411092425947256,-0.1317705502992147,-0.6463178273883202
0.9870058788210678,0.2303718031593476,-0.5018368664794894
0.7664715642795282,-0.7857330923061074,-0.2440199211846491
0.767452293467374,-0.1438903260895136,-0.5929480731441651
1.1811606239572905,-0.3090321669226394,-0.3733282582926538
0.9491121071238893,0.6960968280102787,-0.2374718618436325
0.5108998330872319,-0.8362132100480287,-0.3008690740828762
0.5082354572935533,0.8020029874298407,-0.3443471760784237
0.5782096914385517,0.8269573463507437,-0.28653182623497186
0.43346522815702127,0.7695656343953563,-0.39860751994854243
0.5444711221762839,-0.8678229745895392,-0.23751389016770713
1.2327449688778698,0.1670428992025073,-0.38128618643234663
1.3918000094192369,0.2031313116797274,-0.21891218022540362
0.45096465710766553,0.8556515799340919,-0.2948937227061057
0.5109089445176821,0.8768724529787225,-0.2374664540356518
1.2136076551912602,0.3991526896545365,-0.3019589385179764
1.24398376449453,0.4392473611959977,-0.24176456733319227
0.8885407222350323,0.754538838573886,-0.1977177243337471
0.4294365438373918,-0.07629594812449826,-0.6685701337135143
0.4420868243458771,0.02147605422875439,-0.668738624052599
0.41206526950492994,-0.1732989590025651,-0.6620467325780117
0.521437531775317,-0.2280372919956662,-0.6366367572424226
1.1707838496362277,0.3552591520454318,-0.3600582932156985
1.3185499972821149,0.3880843034806254,-0.19385194860640712
1.2626306722709728,0.4757707122308834,-0.1785930355254999
1.1829385608619027,0.5242439389870286,-0.2249144621709575
1.4929820147978898,-0.04856327258540236,-0.05847004225482123
0.31328183668682896,-0.02042220706308961,-0.6844134178278274
0.40770888646351766,-0.8857518277569638,-0.263376094542583
0.4385426789945527,-0.9129573149668232,-0.19926471914871283
0.5947515512092194,-0.8842061089463971,-0.17283974816521736
1.4515499746513196,0.05498561936571254,-0.17222464672940344
1.2828857515088496,-0.1703310952123974,-0.3425872481904981
0.6440395006513883,0.8431144938955498,-0.226618690669182
0.6204355474760178,0.4755878376373702,-0.5434505552412557
0.5185476956270412,0.4322634010919104,-0.5829957571679554
0.4887100150800699,0.5185473163421395,-0.5533803015633209
0.5428262005006224,0.3418092132674725,-0.6071088077169476
0.412106131545506,0.3847398137897868,-0.6168325269743755
0.4353965970998462,0.2931348820520876,-0.6376606267194865
0.4917270100180219,0.7040863134985446,-0.4409432283686986
0.390140598756339,-0.2685970967930941,-0.6492313581875934
0.49731281522170834,-0.3221368288460607,-0.6207180078227771
0.36387406005256906,-0.3612709284150495,-0.6302476528149751
0.46896784734872266,-0.4131612918300927,-0.5987151626567503
0.600074535007194,-0.3722525889309411,-0.5862424798878245
0.5691494896098439,-0.4613814968472253,-0.5613798018150521
0.43553736038999125,-0.5001795367552605,-0.5710526564415597
1.087724417939538,0.08119751164067086,-0.47865107557097897
0.535031103629406,-0.5449857372753759,-0.5311540973480008
0.3973438904890443,-0.5823520146753582,-0.5379973760572195
0.49285472778104567,-0.625528133738504,-0.4953490182152995
0.35050292762365876,0.7308075413129572,-0.4489392654030269
0.9963317919155841,0.7057563991664728,-0.172487314711261
0.40833527195702446,0.661339078614827,-0.48926193473001617
1.0024683745772704,0.6283326154501758,-0.27873439329709815
0.3617627760957929,-0.8522269504050238,-0.32498683087412417
0.5709875705311754,0.8898401663685579,-0.1760937282638004
0.4325578344991977,0.9196857425891589,-0.18654676674501658
0.7154564750747716,0.8479300367630169,-0.1619306442435138
0.14132649827612184,0.984835395197977,-0.10197507134662645
0.6974343166112376,-0.4184608619567755,-0.546137393069764
0.7241512688902634,-0.3275986301508385,-0.5685166545411923
0.362029956303184,-0.658346367064975,-0.4990801892745321
1.1952467234438444,0.5574252944451835,-0.16317232904599388
1.2729465109623075,0.5024769616332593,-0.11574858559311242
0.33385048289258595,0.0773429572617187,-0.6802912473708392
0.45106488881804824,0.1190070082746349,-0.6623830670429148
0.33729400923937514,0.1644719401000694,-0.6722864137045202
0.2926139716052028,0.7887159942063686,-0.4080900594542409
0.23388154811284456,0.7510838736850823,-0.449071494039574
0.4883334407220624,0.9287848802625249,-0.12398535444037938
1.1200834404620832,0.5974539340061639,-0.20462834684020673
0.2722214553673625,-0.8945920434485964,-0.28586215084607003
0.22329508230796202,0.01919098994805638,-0.6920700721768398
1.1016571338087475,0.4575863149986276,-0.350849788585279
0.2761779148514556,-0.2114149166109695,-0.6719285635810032
0.45875763406769854,-0.6981614647318148,-0.45312953986114823
0.3190073738979359,-0.7281210560430741,-0.4561350212314776
0.4114301677514849,-0.7624975316064582,-0.41018105263708543
0.2793934500681737,-0.7867024152714445,-0.4119936601939997
0.31016997454522305,-0.528677605737993,-0.576275622967435
1.1098031034590894,0.6364882024831399,-0.1525245581548833
0.3074871059490664,0.3342293037669219,-0.6439502740380807
0.2776220262620106,0.4243016280568408,-0.6204831833172748
1.0732750256466614,0.3993463502803583,-0.40124007801878686
1.117011502423515,0.3076126161039383,-0.41461905468532306
0.5926885926767556,-0.6550809128867713,-0.45080470447945586
0.1655311307132595,-0.7406175562036175,-0.46396199126443494
0.35238375248668125,0.9530149104353615,-0.13387030800119976
0.27925183239209145,0.9416225569691454,-0.1963602658831946
0.9271391752432516,0.7642827416291734,-0.1287566266290903
0.4709336078485872,-0.9297691097170466,-0.13457706509815898
0.33652222041086954,-0.9478987407069827,-0.15832366943043538
0.3622090964658038,-0.9612013111590954,-0.09334693467928842
0.5284437171171664,0.9316474363143344,-0.062298881841741614
0.13840848470849493,-0.2415487389796428,-0.6761942119606908
0.26343725121424877,-0.3041756967328947,-0.6554007941276747
0.30312713782223805,-0.1132590964844652,-0.6809579446917166
0.6365577079059875,-0.9016311594049672,-0.058439827240288816
0.6941035473844855,-0.8701267628965301,-0.11870128105759727
0.8203827221757802,-0.8197451486240913,-0.11898851084114512
0.7428318048639331,-0.8312242005717448,-0.17684151446696186
0.8652436547256224,-0.7767102599695046,-0.17707282493434282
0.9387157909387301,-0.7613759153396662,-0.11852118266616635
0.9792224605876583,-0.7146304457036379,-0.17588805734136068
0.9020883155828765,-0.7251891350635671,-0.23471212699421218
1.0107400835619118,-0.6608075642572593,-0.2314142314223515
1.0838595588099607,-0.645753493552484,-0.17273218577455685
1.1103219760987604,-0.5887773037196877,-0.22728295835391688
1.1781459068266678,-0.5707437572267297,-0.16763550107415678
1.1990852273742196,-0.5109691248870402,-0.22123315776041338
1.2595692157021334,-0.4900793041823075,-0.16372320867398363
1.2758250207654154,-0.4279341251271791,-0.2139723315433853
1.2081129404886184,-0.4465114468172132,-0.2728603873768122
1.278865452365317,-0.3614009926924498,-0.2642459072412727
1.3398375898594543,-0.3421160515051798,-0.20421004831389758
1.3976833316926345,-0.252564474041687,-0.18251170090293273
1.2061699356339521,-0.377995540094844,-0.32117811575308874
1.2675548535707577,-0.2993958455237965,-0.31012079756358957
0.8906915421112003,-0.8000046559323071,-0.06021955957321159
1.337211834304426,-0.2754119116794584,-0.25182629594311795
0.12313299329732164,-0.4300200042148273,-0.6293557668613659
0.33825979813187773,-0.4480613246200263,-0.6055658908401791
0.12602339970420967,0.9668287101752685,-0.16884897347509906
0.2594937797843008,0.9079586570527727,-0.2671795666072798
0.1359058111479971,0.8995907131484329,-0.29906264985709874
0.2580596661072663,0.8660227808694881,-0.32863256141583014
0.12515394133511437,-0.5949474040263532,-0.559595615750874
1.4487859149303626,0.2447174266821606,-0.059533352972242305
1.3598098240087289,0.296271222405822,-0.2104763975132952
1.4498562802236405,0.1953349992929349,-0.11626117749380525
1.376890000581689,0.3341696464122604,-0.14971048009484286
1.3542840667410678,0.4220516881032389,-0.05739716360578116
1.3310542919550914,0.4219005780656813,-0.13016089773214226
0.11591117506242665,0.738735594848858,-0.46868564259770795
1.0045389935589168,-0.7379480036468277,-0.05833349055382509
0.11469950057541192,0.5939551930103415,-0.5605991107439695
0.23932910298296534,0.5642796494548373,-0.5670135685436254
0.1437582368646378,0.4272412309133221,-0.6293306973703289
0.768493665934333,0.8547694842551669,-0.058095830188688365
0.8864989406704251,0.8014737253818162,-0.06400198523609701
0.8199168930373784,0.8204743673735448,-0.1172117355393579
0.1257717528721237,-0.8997158404992532,-0.2998427320624546
0.2731054212668448,-0.9311249297184475,-0.2212008618068633
0.19948098769885741,-0.959899773513776,-0.17275511604441648
1.200897977006925,-0.5928022840648788,-0.06113389589111691
0.11271752959815187,0.242293180884342,-0.6771020217427657
0.3308773695435736,0.2490303463693456,-0.6601286462033397
1.4927768410306006,0.05547464735990863,-0.056566989476971474
1.4804207090602897,0.00478461510586671,-0.1126814148604099
1.350356962209202,-0.1275566945759645,-0.2914059546561182
1.4102750462291118,0.1077353684491739,-0.22622927033481274
1.244356194924987,0.07053736639308038,-0.38774994382737754
0.7092195889763584,0.7897703636353104,-0.27354741087137463
0.6210137150976357,0.8951431201234853,-0.11569122526046015
0.5594057940706164,0.06328822821957816,-0.6479869593648867
0.6799398357224826,0.1066886999395736,-0.6194674806063858
0.5663038492312427,0.1595491839457455,-0.638502344729605
0.2658509018084133,0.6846283200938432,-0.4949114829228866
1.20856387845249,0.2624381269255736,-0.37169856986910155
0.38735318410146724,0.4713516408072371,-0.5903046833369626
0.714265806137706,0.5152058603619799,-0.4988295439912038
1.005406030513861,-0.5733340746734127,-0.3298368839710405
1.1167326541658498,-0.5245709546720302,-0.2890943067338711
1.2047851684476352,-0.2133794543481439,-0.3893377421524734
1.1703825258030136,0.02666645482153122,-0.4374249582225372
0.9955131342221845,0.1365144819635007,-0.5148207235429292
0.6684387715511328,0.2957127338691727,-0.5914778741554205
1.1545416158966124,0.4917856089031369,-0.284958839647903
0.6246695634303648,-0.2795267040535735,-0.6055858705396928
0.6462254422438127,-0.1861548911189233,-0.6181214444411244
0.9468607083064798,0.6071474356842271,-0.3378234068573905
0.9678553639229764,-0.1551827769152239,-0.5236391333333148
0.9389275996653461,-0.2494040549314939,-0.5172341850148857
0.6565143189068743,-0.5052651094380007,-0.5206168303381187
0.7769171418559255,-0.4687210290038606,-0.500895770021512
0.9724840157063964,0.3215879852535102,-0.483080581564159
0.6229193273724665,0.6728625189289517,-0.42854576544726236
1.3273308449577743,-0.4065623091830111,-0.15913523400685714
1.047362810467608,-0.696293143682087,-0.11636464469704087
0.8805517714408709,-0.1003671180562879,-0.5623213415067794
0.24637494778817987,-0.3914089358986592,-0.6338077681586133
0.12064426635621815,-0.05614414176928379,-0.6966244865558116
0.2574299362545051,-0.6127141468930761,-0.5400117614904707
0.3315920963930325,0.6151424841273238,-0.5297532213496
1.1462242592124694,-0.6247839938693948,-0.11226326960035633
0.7698136049190818,0.8025455565406749,-0.21293935591839921
0.5422483772045777,0.6343173522903508,-0.47834131548204695
0.5862639066248662,0.558157534866938,-0.5123417708655263
1.166693394187257,0.1238109347878912,-0.4313413762985422
1.080755598829146,0.1751378050771352,-0.46967919806932706
0.858098588046142,-0.1943955494866398,-0.5577867660133982
0.7420661808976345,-0.2379369573938245,-0.5850958453297758
1.4367899171045955,0.1511411162540951,-0.17097876397686335
1.4712445142968862,0.1001826702082447,-0.11699967372140985
1.0530937137203502,0.5520269672759913,-0.31490237956032063
0.1357024996312723,0.8015774461128435,-0.41370478424822843
0.4726506096755856,-0.7982103239529574,-0.35937485466982755
0.5634889293372913,0.251375591997792,-0.6244103635320173
0.36380726771814254,0.8312617759810609,-0.350125341797446
1.4151174289784858,-0.2856836937222319,-0.11788162876724947
1.1211977708573184,-0.4051794354267794,-0.3684989283305825
1.3510816659985232,-0.426388530691855,-0.05812235224811844
0.22672780417177996,0.985271125829632,-0.05597339792013698
1.4179065034284226,0.2857338596940232,-0.11027809344801612
1.1496519250448072,0.2167019161165587,-0.423264629235086
0.6111231617014503,-0.5866902085392116,-0.4899036192859616
1.0970101346893775,0.6774943904934951,-0.05486421161970315
1.0490428780464827,0.6960868982486498,-0.11364158135749935
0.8312571071533807,-0.2877284058487417,-0.5467651645048811
1.2330622083096703,-0.5479662550116472,-0.10840015063260887
0.46015585073345217,0.5907902266604365,-0.5223607721993152
0.13681227961740514,-0.8087886894628626,-0.40668850738487955
0.25025311513658477,-0.8353588422805754,-0.3666433686514305
0.4527402688175907,0.2070176209370028,-0.651430493043621
1.2781136895613825,0.5178019824186787,-0.05353032280227377
1.413604952550497,-0.3245627133844921,-0.05658781133916583
1.0958091848036744,0.5771156628722655,-0.2555236014829848
0.3825391062249178,0.9018589948819138,-0.24411044162769457
1.413270203432504,0.2432887872979178,-0.16131493243767112
1.0402137000939184,-0.6028339622697764,-0.27619637768117905
0.24305992094613288,-0.9733907768970076,-0.11342041684162293
1.062749227333811,0.2662407544776166,-0.45749396376104173
1.3096783947130854,-0.4629022013384382,-0.1070448239701092
0.36604888717472744,0.5476860320427028,-0.5602135050689573
0.21681059435136735,0.6233942980984556,-0.5379023473157956
0.7895529201246609,-0.535304908531542,-0.4624159615313086
0.8344565212871444,-0.7233977418875321,-0.2862488046769154
0.2273456142949875,0.9694171190623253,-0.13511791793799627
0.5824492378733496,-0.9077640933190726,-0.11109477564120823
0.6616194962917865,-0.838889935354573,-0.22324667754632863
1.317783808164947,-0.2156208211450322,-0.2983887515835677
0.2447724687580668,-0.6841321305974317,-0.49760841973316533
0.8045898095315036,-0.3769908562578573,-0.5285626821983296
0.2089774541517423,0.2851928263919823,-0.6638035677226642
0.2203660378072932,0.2037097610843357,-0.6775622444527645
1.148791880710279,-0.4492504296416418,-0.322023275211988
0.2273432115158181,-0.4796764003098245,-0.6049796190906542
1.0099157676562567,0.4632801220886201,-0.4033782233111564
1.2061103930489216,0.5754352927210576,-0.10462571286204625
1.0395846506008086,0.3485741147350445,-0.44170436316207656
1.3796766749197804,0.3691394938279207,-0.09321466552636132
0.35993020370759127,-0.8088779597345669,-0.37574991904590754
0.24534811307110124,0.4924944909396009,-0.5983651154592055
1.3743756426847282,-0.3357939074886681,-0.15292653786354846
0.10735989865391558,0.9948640787737851,-0.050101286135457244
0.8735243602771303,-0.4139249266657102,-0.48976750949911263
0.2332200460360971,0.1137713756392361,-0.68688586877979
0.11519265128214673,-0.9813718833536252,-0.12327105148150505
0.3686476281688494,-0.9674795784176577,-0.041899477074001566
0.7267496111145738,0.8616561044550585,-0.10571798261825295
0.25782746587214567,-0.9826359216449377,-0.04891091947426625
0.6740782445972375,-0.6729989659402753,-0.41123142275420466
1.041046572304812,0.6521165396419988,-0.21354580819837668
0.8261159066524004,0.8003456757756702,-0.1658393137846321
0.23079504476201745,0.8330864635909442,-0.3719187743721935
0.10657961592120796,0.05563314076931525,-0.6971439182765378
0.21232275167676423,0.3755202685024471,-0.6411589423768645
0.33881319866529436,0.877757640986978,-0.2957628794288421
0.28416327970541383,0.97223376555798,-0.09616574190538343
0.07731074597354562,-0.9973400043922783,-0.03607882287267464
1.2519537158685776,-0.2429821253043222,-0.3460172650837029
0.0856668949993751,-0.967158532739202,-0.17337217571926958
0.6985905581766939,-0.5502058578541353,-0.4851620360979874
0.21900148186490356,-0.8731076701487176,-0.3256066443576243
0.20143048855582305,-0.5489907027154154,-0.5774793016948159
1.1366865519430938,0.6391954292719559,-0.09175595897127554
0.2268470817895719,-0.05236950033001549,-0.6909771243340783
1.3757445038994351,-0.369629998954554,0.10426403196834932
0.2367320354686473,-0.3692471443466048,0.6410826726560663
0.1331872833441658,0.594864272048264,0.5592349739386181
0.13206522611400046,0.3296539598731305,0.6579912915148227
1.4784008304888032,0.1462000318131741,0.05946745890825976
1.2831355465161054,0.5106099785699743,0.060733813859969406
1.2795023157828886,-0.5149070403536814,0.059640271022445415
0.12743026835203763,-0.5935457999586586,0.5602127089009216
0.13314143274108364,0.739447547240678,0.46713597665151396
1.1074087849284673,0.6691312143944078,0.05946745874350912
0.12276431630819437,-0.8019477100879392,0.41423301498508225
0.12057706073008807,0.9009645527128479,0.2984670418476597
1.0028817650179245,-0.7389249164007953,0.05848358051590867
1.4784008307299736,-0.1462000310135481,0.05946745856581424
0.1326095907293405,0.1518565314889335,0.6891086363224784
0.12743026835533358,-0.1462000310135439,0.6899203876739874
0.7687107306356791,-0.8546221387310295,0.058530981982317716
0.7683663273057577,0.854627849810141,0.05946745858333222
0.1374115781870136,-0.938665691887801,0.23270630614148521
1.4039851921822817,0.3402870529170303,0.06310569563271896
0.5063221364349952,0.9361428810741216,0.06893415936834207
0.503507953722217,-0.938140303899862,0.05946745891806645
0.12743026836273655,0.9665245088792614,0.16947124977944056
0.1308497952478183,-0.5128588647909734,0.5978205546367107
0.25609658705230337,-0.5472772927801176,0.573546729228303
0.25299841659700617,-0.6263775890079434,0.5327377249079144
0.378520668582889,-0.5774834633373973,0.5434966001513551
0.37589455937009913,-0.6534319475325413,0.5000117922959163
0.49960147708743363,-0.6015634833482181,0.5082536614705585
0.49486173652857146,-0.6744841998419873,0.462334972591681
0.6161689065933199,-0.6195358337900753,0.4682344638604254
0.6182157597866037,-0.5436680056383572,0.511796494621779
0.7318040862609047,-0.5588330343756472,0.4694120339466698
0.7305927354345944,-0.4803043746172839,0.5106059723204511
0.8406516453794494,-0.4929615004926428,0.46585628913362
0.8361378662344908,-0.4117749457832921,0.5046405262057226
0.9416614274475341,-0.422556760986281,0.45760153313980967
0.9323685176680508,-0.3396648136804733,0.49411638281600767
1.0323742354661993,-0.3457629186957142,0.44644452638547744
1.0194859505130602,-0.2629251002887126,0.4793524897272057
0.9185442620675108,-0.251195066139501,0.5247258967600573
0.9979002313018893,-0.1754594886965948,0.507986881907909
1.0969644378658052,-0.1843861978941198,0.459654328169976
1.0693256994247005,-0.09704133780920925,0.48617490353810744
0.965710241070698,-0.08679754545193138,0.5321744901906625
1.0313991835542622,-0.008002771544784484,0.5082322723329673
1.132162541630983,-0.0175792085086187,0.45902370109234686
1.0885818642186744,0.07172154788720785,0.47896816353147537
0.9822140306889215,0.08100147965938088,0.5260086506271147
1.0348881478459973,0.1605002786836666,0.4941040921630132
1.1844747659628454,0.06215750979788165,0.42728080727310247
0.9236521443473225,0.169197358673415,0.5386825908509056
0.9720406704847385,0.247434716778974,0.5042123473699218
0.8557893341721226,0.2555908861879508,0.5463468062760596
0.899326310809108,0.3330788274876101,0.5094140258333864
1.0106210234065505,0.3239862281953499,0.4649061652981103
0.9339193437556913,0.4072998398682482,0.46772364807276595
0.941677224306164,-0.4994576878142647,0.4179112811197284
1.0403648502374172,0.3964778529230736,0.42102358659045214
0.9586934434460183,0.4783720722584227,0.4215571393270327
0.6087477099775724,-0.6893335687230467,0.42006986337187197
0.8475240553733545,0.4870920694287375,0.46616962044372673
0.8681199386470887,0.5555552308737133,0.41790101342453306
0.80354746254985,0.1758625909738191,0.5781252797097661
1.060470983917123,0.46540188908109,0.3727652378404483
1.1370477955146097,0.3816697504047112,0.37021721824608156
0.7528099341035113,0.561758853655657,0.46037983659662873
0.7694937884482442,0.6275254363400922,0.4099915449871018
0.7316799303299223,0.2612148282489459,0.5830756409354314
0.8808514984068392,0.6184665106433935,0.36551464671765294
0.7782423267459742,0.6874295801206042,0.35573353489847154
0.7190674481949958,-0.3942213329649203,0.5488580269671812
1.2218685742587398,-0.02711390512877871,0.4055929561085562
1.266439557817338,0.05190968461858072,0.3733531550109657
1.299658677340332,-0.03728726041059695,0.34852191919945247
0.6757328681838017,0.1804316696714908,0.6120516170638072
0.8857695891436083,0.6748666615321702,0.30978406146880566
0.7789711434481624,0.7408933319220901,0.2981292856927722
0.6684469835391519,0.7492207711770468,0.3429864001368508
0.650509784040043,0.6308587840857848,0.4503697726228214
0.6304390914167994,0.5622138815242562,0.49856001797566774
1.3412450765369759,0.04254805946927411,0.31200022004375094
1.151874730659491,0.4483066557965329,0.3202646585051422
1.2229273482264635,0.3625714127208285,0.31605019723833316
0.6655013705007358,0.7991981623429467,0.2838596025846399
1.3627593577393389,-0.04741190566987689,0.290621020664233
1.320105521773545,-0.126346942731287,0.32040784965521474
0.8823073728257843,0.7252649823028458,0.2504451731381539
0.6004686192308711,0.2647180163796934,0.6141176015499189
1.3772693513877852,-0.1362807573635958,0.26039043770139747
1.3258908675041046,-0.2142049383323397,0.29097516435014953
0.5507674388075233,0.8045477651430253,0.3267455701231052
0.5450699832502782,0.8505428118677287,0.2661214673016622
1.2320228235371298,0.427251306589619,0.26456192506835524
1.2968870800291628,0.339318678081394,0.25942019716843706
0.7440302351866193,0.09421953493652398,0.6042288265332233
0.612789117283459,0.09812575741231877,0.6352197350477865
0.6778118721819869,0.0114494074538866,0.624405600643544
0.5434559567503504,0.01509117603564838,0.6523564696946386
0.6055312460000625,-0.07164922819737259,0.6384609372324701
0.6544096495362849,0.3433823012165918,0.5822024090225766
1.4172648518717794,-0.03672534409209364,0.22782017134587654
1.1547097626804796,0.5079911809133716,0.2705143634481366
0.4847770074322263,-0.7409904405993829,0.41204073722743767
0.5960238239386458,-0.7523877974210484,0.3677673713172651
0.4694446635355704,-0.8004404800593778,0.35785621949818996
0.5781200284610357,-0.8080901675368123,0.3118315991153407
0.7018654546123806,-0.756271353386341,0.3201025746202751
0.680872481517641,-0.8081982193335294,0.26264166251992976
0.8012807424756981,-0.7526036401843532,0.2695062154820351
0.554088543141207,-0.8561162065504984,0.252984226024011
0.5250474386604997,0.6284343938673618,0.4862597619028072
0.5021880401170112,0.5569159243565882,0.5320731965555657
0.5189636351676021,0.3462653833605314,0.6104068474417863
0.47564266522491844,0.1014942828639267,0.6600631066919407
0.40384996380407223,0.01817832862513305,0.6740323857621638
0.8171328222870885,-0.6980242872519717,0.3253335006462602
0.914151631319968,-0.6898688436495828,0.27351165597110016
1.222766188537063,0.1382575395682869,0.39372779416084663
1.3001419965643315,0.4024389827255935,0.20619445553617588
1.3590012922568855,0.3130066481861201,0.19945612500164772
0.6564781557852686,0.8415358737679547,0.22166692239512897
0.8926463167434555,-0.741955968536134,0.21616318861347938
1.0011565938152374,-0.6757655381869302,0.21898682463244432
1.0179955471971711,-0.6197105943461297,0.2759228848898184
1.100171151928918,-0.603151036034585,0.2194292763206287
1.1119417811717822,-0.5448150906424517,0.2743954914522876
1.1887347021804455,-0.5248130442289913,0.21748627489465006
1.1949527698251792,-0.4638956076483757,0.2712653592601448
0.3780750349213861,-0.4959165774596661,0.5816901165076991
1.377279671715571,-0.2158152800949908,0.232540602579612
0.5335519819174608,0.8884717683515772,0.20299334612916023
1.3495993610827455,0.2486024777718201,0.2511015266180145
1.4049130401185572,0.2206438439657245,0.19052406744754244
0.6538604828142438,-0.8522075230659705,0.20254985345575974
0.5241612229625355,-0.8960025608884196,0.19179300942482777
0.21247473651849538,-0.9869060846654404,0.05400311642354466
0.4195406120788773,0.8932816863032904,0.24631570711771825
0.40572237195124916,0.926910474606929,0.1821032022180549
0.42681067229670633,-0.8945764752333667,0.24124082369332683
0.3911602527529692,-0.9307475393876211,0.17943254260466218
0.5527662574828552,0.7505770463005773,0.38393826483815674
0.4308394354258961,0.8020673003430409,0.3665414859278239
0.4648056280069066,0.2653980471579221,0.6390904928855174
1.2604638090760734,-0.204304207990879,0.35149496742283737
1.254504980431131,-0.3098726285182997,0.3165671783267231
0.39431720858244673,0.6202756561019394,0.517315247487072
0.37776241746716743,0.5496761969588364,0.5575586262978137
0.4149577689466624,0.6887804296427988,0.46907973736291514
0.7367898803170857,-0.07514570768056275,0.6074622062661796
0.6612696327651439,-0.1578900614567168,0.6185105729186117
0.526953641235343,-0.1538396009800559,0.6464756692937385
0.5851474104290497,-0.2400846479458596,0.6222455483027196
0.44667543447304603,-0.2348119953715296,0.647713083046448
0.5024797421910119,-0.3200379909651436,0.6203436700699565
0.3784334781398485,-0.1518645562565337,0.6689625086272516
0.9846653889841291,0.656210599075263,0.2604803928663481
0.9765284809766943,0.7026717511079291,0.2009703393285875
0.8702312472611855,0.76818008742193,0.18954430661483182
1.2659927865765024,-0.4415073649445285,0.21317656637031154
1.1712884815581117,-0.5800925889258864,0.16229108570881143
1.0738352455772868,0.6302020185639517,0.2104040820702782
1.4500961943481787,-0.2406106238939326,0.06077554351904085
0.12743026833056714,-0.2421017854330831,0.6765671562108615
0.35399339052744616,-0.3123400920854217,0.644133042043569
1.1168898276129209,-0.4852679884911164,0.3208535492064676
0.3820771444346048,0.3453584731496357,0.6322694410286485
0.3239947793973411,0.2656526013515862,0.6576924489981073
0.9601322335713411,0.7426363119528175,0.1378457323637676
0.21907803516409619,0.9861834491841909,0.05472106899260725
0.7111449902245374,-0.2424198864532258,0.5925097705427206
0.6402491153296467,0.874721500225563,0.16065893058369665
1.4503870209545409,-0.1856802010588542,0.12240901603394161
1.4715933140793178,-0.0952305252157215,0.11806592779831675
1.4929820148065371,-0.04856327257340422,0.05847004221161971
1.479017499146093,0.002757889517241479,0.11665744853618296
0.2488466473391655,-0.6992388991862927,0.486760739788531
0.6210900692983735,-0.8878746643600389,0.14040691108117517
0.7477123031456683,-0.839880029723798,0.15033604701541803
1.388863238226523,0.1551071722623939,0.24110362892633846
1.2017263025136629,0.2951023572068568,0.36445194966319366
0.6057092510376856,0.4886497243743169,0.5413865465407938
1.4374342852321913,0.1262416831599092,0.17948445903995872
1.190494908499579,-0.2813543488397672,0.37757090309488267
0.3558948829060816,-0.7853229607276332,0.4002714798429178
0.34928466536077063,-0.8376633702567351,0.345843892327118
1.3269404238390343,0.1820914740675691,0.3004931768438843
0.29693929171647016,0.926092061870002,0.22483572661436368
1.4125832633119082,0.06462073722628882,0.2310885483162909
0.9749761688484055,-0.7230762568109373,0.16368835120987713
0.3382925585735076,0.1017860963863253,0.6782333716930872
0.26563197213686357,0.001153435171312902,0.6889360442355404
0.4329186887154396,0.4246676516161552,0.6006800435406235
0.29530419655403056,0.4187885941992374,0.6205406339717807
0.12743026911342148,0.5122442208864436,0.5982394937081484
1.3555750383500902,0.3741090726247589,0.14572537719869774
1.2922567859573455,0.4576665186435238,0.15392252374402826
1.4267959780436765,-0.1404575559831186,0.19233490213132845
0.28227439626553585,0.6774623539187133,0.49775461057169257
0.3012322235465861,0.742669772388609,0.4471856966480456
0.21063496871648807,0.7983344649296016,0.4099295719449873
1.1806621503153052,-0.3532080474106233,0.3539709137424302
0.3098553788693029,0.8860287486958451,0.2905478889004598
0.8451236908304742,0.8087028942394345,0.11830263438849016
1.2662714916544773,-0.3784047859521918,0.2657864756425404
1.32861353224048,-0.3559282024834711,0.20856663639180284
0.13773140500546735,0.422506099209921,0.631187912386246
0.4017588348138964,-0.4081984444853373,0.6109023886112251
0.5483212087591594,-0.3991861870211019,0.5885936309404105
1.4469008653534432,0.1916103357488416,0.12683568533440315
0.2595835588590264,-0.4630955292659306,0.6084744729069297
0.2964563631082622,-0.9220571234755054,0.2329539105050509
0.2570624379963324,-0.9541921383054511,0.1716756054367206
0.21519826932471392,-0.9024543442889117,0.28433600460151215
0.3650231547530136,-0.9554702590884746,0.11683492845182927
0.9346105242481879,0.7749688180933436,0.0740893595940659
1.330397712021784,0.4414031637224549,0.09524943750001771
1.4123912045997071,0.2789319264552501,0.13207102908556353
0.23840931334422732,-0.1926103952326503,0.6778224946152642
0.25159003690944315,-0.09791334323996305,0.6866713622851887
0.1266612947129106,-0.04908528456889198,0.6966531303170977
0.26234495929508217,0.957942929496538,0.1592503989359385
0.39060296256860394,0.9504099782569759,0.11902405414330655
0.6060734514199584,-0.4707408635032396,0.5490193629439992
0.6482250511569894,-0.3330540897854172,0.5866322932103797
0.11572903044204716,0.05289612756246084,0.6969305823867492
1.4480703552606768,0.2422111442959341,0.06777634063149854
1.1078023869255136,-0.6693690352234932,0.056484664329445065
1.1981945472458255,-0.5957725958588072,0.05847988511451445
1.0125675535729766,0.7338816459485084,0.052996655111872404
0.12244240469816448,0.247149422544705,0.6758731052258875
0.8900521344521124,-0.8006645723083669,0.057937646640193394
1.1983701977252088,0.5954352620309659,0.05937272712817816
1.1397985794276126,0.628914044476406,0.11517332276387833
1.2261592488220172,0.5509287818026214,0.11769609096107043
0.11641729233836223,-0.8542753658232789,0.3597959484439157
0.13463536001297355,0.8500054230522592,0.36334954858655866
0.2913079532529547,0.8384104143558981,0.35648648793115334
0.12526689974016766,-0.9681610352507183,0.16519121742256715
0.6405638846636927,-0.9007818717819192,0.05523636966216743
0.6546019563296164,0.895483945144111,0.06127461771058311
0.11282615767223414,0.9388560972002173,0.2351953808955529
0.11928860153384321,-0.66943941908067,0.5170183707185697
1.4927375854054983,0.0494340246129218,0.05946315823864237
0.49833714756633374,-0.5257423443418721,0.5481593103287032
0.36905281409294416,-0.7231479230001204,0.45177056237345525
0.7261971942045163,-0.6311110931902498,0.42424592189017934
0.8368136640641289,-0.5691221233992036,0.42283397132860095
0.93515280921014,-0.571654621307027,0.37339573305657314
0.7153627143902304,-0.698131020363182,0.3738100827989551
0.4562140154815982,-0.8500649088511728,0.3009893229992481
0.7724255048167158,0.7868640476592874,0.23807320194227316
1.0787394309712004,-0.654465853702552,0.16339248550687616
1.2543073121417663,-0.4994212779250399,0.15860800529881194
0.5422809858211783,0.6940400586104872,0.4358090104749984
0.6631492371745576,0.6933149310843263,0.39836239598858914
1.077668490614886,0.2380644452847851,0.45750296713289634
1.1115778358136028,0.3119011589901109,0.4162262409395126
0.5163245600987462,0.9179686973616958,0.1379702644939093
0.9739508274392799,0.5447755916577498,0.37148067340309976
0.8030246003245299,0.006995640922654254,0.5912210624294577
0.785820453860034,-0.1605328541447072,0.585569406086711
0.5423749262516165,0.1835624425511123,0.6398637007712014
1.2826954026448105,0.2731908984485272,0.3084125304519418
0.4297382586285261,0.8492452068729531,0.31045991486102376
1.2484764710031728,-0.1160201276293881,0.3794146350896783
1.1650532046876387,-0.1057135880181196,0.43465345964265995
0.8191114795264611,0.4142218079957626,0.509714953939357
0.7756872240910447,-0.8010837241213247,0.21098561056486542
0.4684820618086293,-0.0670545623193526,0.6633249067329721
1.0345703839508802,-0.4238283224423802,0.41095706799687953
0.8680597170814721,0.08800464004125531,0.567541591285342
0.8325324314801499,-0.3224302406485907,0.5367634233763807
0.729809377733583,0.4910397249369687,0.5058240979817575
1.0707617052744787,0.527571715619346,0.32237938666675203
1.230704256073039,0.4802863845603117,0.2170618415307435
0.49270219508851154,-0.9259685597384707,0.13037847911594316
0.2656392372800748,0.6091774106245664,0.5411054395840026
0.9836124629258378,0.6032935522078311,0.3177412414992062
1.1354102604058491,0.15110886657545,0.445041307266104
0.7800905284390265,0.3396958400788773,0.5485713658596247
1.3233392747030521,-0.4146177671238802,0.15616287586378394
0.9207537683611171,0.001007755031385719,0.5526031344173639
0.12322044002674695,-0.7391622379206306,0.4679493785294271
0.23963901046402947,-0.7659048685610707,0.4359526073946582
0.7591959581986718,0.8251484414313756,0.17564536650696033
0.4056065231606004,0.1851797477141873,0.6613388504453476
0.862389113011534,-0.7864862287692977,0.15792629839933595
0.8299347259835602,-0.636030782877383,0.37652922652442444
1.4703777101547837,0.08828257105871941,0.12386753269574234
1.4507626431587055,0.03068656554119141,0.1765758421591562
0.7000415811853713,0.4181533088811389,0.5455260194565477
1.1717913761452277,0.2246719158926081,0.4077210512884742
0.43274241325470214,0.7467299733306646,0.41951264281698786
1.183711884874001,-0.194196277939619,0.4078927586619164
0.35719486829621283,-0.06095948482475896,0.6785228531170443
1.1561435786138181,0.5902195212204987,0.16795079080613293
1.3232688812662818,-0.2939739002072356,0.25751924909200874
1.398382117153778,-0.2775113408167779,0.1624973471198021
0.8558551145634805,-0.08027747749597003,0.5721211446278373
1.072665585272384,0.5837857763323646,0.2691236437608431
1.418325021932742,-0.2794215076358801,0.11683667040096918
1.3532785047888727,-0.4229871013186186,0.059161096314715576
0.12796762615216217,-0.4265190985294899,0.6303123418175556
1.0260382813274989,-0.5619740077021236,0.3255521581992006
0.14364722569286037,0.9836489522027045,0.10676741510928212
0.11707756496694481,-0.9865615348063135,0.10047930940727168
1.0624503838188804,0.6703152181433897,0.1549330350987622
0.35899039001816524,0.9676419995607575,0.055963162864063304
0.14546356445917644,0.6714209213407452,0.5142926525643509
1.11136956137172,-0.2700804048210155,0.43043138356762667
0.5704754052612566,0.4178572214364534,0.5775548816538999
1.254839491252616,0.2065735721198601,0.3552079583158564
0.22318075610645954,0.197515376266365,0.678259925427929
0.9261848224428704,-0.6331351974325623,0.3267487475756893
1.1430861064455229,-0.6294916773149949,0.10618042647377403
0.8951589302072456,-0.1646878696843121,0.5497297238296417
0.3579661399248012,-0.9681344683091403,0.05314769539952305
0.23898383211680652,-0.8211078743171593,0.3836601482030349
1.2305570381804123,-0.5507421499685408,0.10770431646757411
0.7158667695614328,0.8631405505715055,0.11550225849911253
1.0466812831117398,-0.699041927078602,0.10941731823369137
0.9383994718314745,-0.7652619814806483,0.10615836438523708
1.1142357407876835,-0.3509385454755981,0.3990951021213505
0.23069533744815507,-0.2836916704811643,0.6625512211065011
0.11860900988646396,-0.3270993530132229,0.6591731392776015
1.414134290596751,-0.3235610546403274,0.0565182405933225
0.24396693820130233,0.536098144769134,0.579837302560807
0.48260020446297947,0.4875902860768351,0.5681410131679133
0.25303942681731406,0.3420070109587787,0.6471021614912325
1.0312877451167108,-0.4964110555318875,0.3709902352823844
1.3085808037985456,-0.4644445642955987,0.10669390620590198
1.2987861722619063,0.122409942698285,0.33955894308778106
0.3329307921371385,-0.882752607911727,0.289874654196611
0.8185520171392462,-0.2420098399819492,0.561590800354669
1.1563998503716584,0.5541659113488778,0.21976220127431745
0.33339444339815266,0.7892589078988028,0.4006969932937078
0.8212935332326319,-0.8225707571732027,0.10751170390838617
1.4536050765416169,-0.04761748947881526,0.16950382691680282
0.10141937975522936,-0.9006986481922046,0.30040558371271786
0.347979969082035,0.4817895097233367,0.5915149377172929
0.21316162358703872,0.1008035374978328,0.6892935346410383
0.21729815609215547,0.8754501163100156,0.32276080688582515
0.21554541448673625,0.2710095970451103,0.6662532878518326
0.2260861409971788,-0.8669263865823805,0.33257064661583535
1.3617887043003978,0.1031618223446548,0.2844700675674624
0.3326120359465548,-0.2358742764835797,0.6623028817066923
0.23828094282076578,-0.97391678537504,0.11341623270154337
1.1134306889458774,-0.4230572734722786,0.36375246986832893
0.6978115246546731,-0.8729035939431756,0.10292887038547638
0.2763693195298116,0.9724557686427591,0.09993860315421353
1.0403268481779655,0.7058452399210383,0.10088062745981716
0.6088848354703278,0.9001996454678157,0.11038477274439824
0.10735989910128899,0.994864078740838,0.050101286247257557
0.09562507946679946,-0.9959152675081302,0.044760118832160564
0.4825274936815305,-0.4631505299068104,0.5780874255376405
0.5794070608014984,-0.9120661491530527,0.0963098385252444
1.3668955942600542,-0.2818530368300921,0.2101834143038954
1.3559412863242986,0.4240986451783103,0.03830930065082814
1.1976488802674647,-0.4037116198507775,0.3126754592355068
0.8611336396084142,0.8156848448483767,0.04989162333562931
0.21186647435582057,0.9156716070757314,0.26340429011645655
0.7426549394073136,-0.3053140984328986,0.5693956928215436
1.2301492954229236,0.5220238317858782,0.16405688325903517
1.4200395003828117,-0.2134742034623958,0.16887436923555169
0.22323960831931156,0.475389547316852,0.6069672024614644
1.3706077485787216,-0.3416128404224136,0.15397235166693532
1.3830807951195057,0.02483191461797768,0.2703849552045456
0.08968825271265579,0.8013149530340742,0.4166730479526983
1.2815368060848515,0.4954328610376399,0.10983289752750182
0.19921456910709778,0.9468265303398135,0.2051383430933389
-0.2368711407719964,0.3692933262579241,-0.6410584476405461
-0.13308531728466366,-0.5949743780770348,-0.5591828634621923
-0.1290187532062359,-0.3337872563424918,-0.6571012702163235
-1.4784008304888032,-0.1462000318131741,-0.05946745890825978
-1.402816609101635,0.338785987523631,-0.07208404126682948
-1.2842181184711023,-0.508982631872648,-0.06242066627750519
-1.2819417747152448,0.512244218203812,-0.05946745858328755
-1.1074087849284675,-0.6691312143944077,-0.05946745874350762
-0.12973702181616262,0.5932716421221997,-0.5602397010602036
-0.12743026829915016,-0.7382725262338405,-0.46839184782499055
-0.8917868796794441,0.7997773111075971,-0.0581327505182172
-0.12472207935178677,0.8019221616994469,-0.4141298726948747
-1.4784008307299736,0.1462000310135483,-0.059467458565814264
-0.13060929422311893,-0.1485640382697952,-0.689543364202795
-0.1274302683553335,0.1462000310135436,-0.6899203876739874
-0.7683663273058219,-0.8546278498101194,-0.05946745858330441
-0.12005718905832911,-0.9013300949573921,-0.2979714744217944
-0.1203669162096067,0.9012256804519698,-0.2980989884449496
-0.5069801245456017,-0.9359138282708261,-0.06940337822845867
-0.5035079537222169,0.9381403038998621,-0.05946745891806632
-1.398033493809082,-0.3541635368688917,-0.053779715848827424
-1.1074087893381772,0.6691312111854031,-0.05946745855289522
-0.12743026836273652,-0.9665245088792616,-0.16947124977944042
-0.12637948120842837,0.970006130225379,-0.15960850635012602
-0.1310441213996357,0.5127617733177409,-0.5978520936957358
-0.2561581074976358,0.5472725384647564,-0.5735429691042876
-0.2529984165869442,0.6263775890038711,-0.5327377249113012
-0.37852066846203664,0.5774834633528527,-0.5434966001616384
-0.3758945592740077,0.6534319474733391,-0.5000117923495583
-0.49960147690253276,0.601563483331132,-0.5082536615200496
-0.4948617363545595,0.6744841997805187,-0.46233497267618356
-0.6161689063506706,0.6195358337681307,-0.4682344639441919
-0.6182157595277261,0.5436680056661686,-0.5117964946754034
-0.7318040859352898,0.5588330344006369,-0.4694120340426422
-0.7305927351049427,0.4803043746976667,-0.5106059723861218
-0.8409646786654685,0.4926547457342271,-0.4658922528921295
-0.8361568157313931,0.4117505231243436,-0.5046434530558024
-0.941661427028974,0.4225567611224996,-0.45760153326575076
-0.9323685172586089,0.3396648138640408,-0.4941163829224291
-1.0339545864392576,0.3478083719715648,-0.4448667320170312
-1.0199850925745082,0.2633083590122001,-0.47901804744732
-0.9186901380391418,0.2510549031579762,-0.5247031493378957
-0.9975481484618686,0.1757622908548925,-0.5080861767249566
-1.0971597386426633,0.1847596466107236,-0.45947930377133783
-1.0693066135803246,0.0971813215471348,-0.4861703444992181
-0.9656171261977002,0.08697574879637886,-0.5321970296055374
-1.0313836863624701,0.008066034375458898,-0.5082386312588694
-1.1321625413012453,0.01757920881900084,-0.4590237012636378
-1.0885818639196105,-0.07172154756712475,-0.4789681637029848
-0.982214030373605,-0.08100147934629426,-0.5260086507789643
-1.034888147579626,-0.1605002783636235,-0.4941040923354534
-1.184474765684965,-0.06215750947442837,-0.42728080746391683
-0.9236521440585329,-0.169197358363208,-0.538682591006486
-0.9715994273606949,-0.2479004495069386,-0.5042854562488197
-0.8557893339112577,-0.2555908858889472,-0.5463468064335878
-0.8993263106050322,-0.3330788271922712,-0.509414026006469
-1.0106210232316477,-0.3239862278913597,-0.4649061654847156
-0.9337383491369489,-0.4075788136262893,-0.4676832647327725
-0.8380679565540083,0.5689517098378479,-0.4224051299332064
-1.0403404527394151,-0.3967206206024547,-0.42092464870868407
-0.9586934433580899,-0.4783720719833534,-0.42155713952352997
-0.8475240552459309,-0.4870920691626053,-0.4661696206304355
-0.868119938579645,-0.5555552306263946,-0.41790101361614873
-0.8035474622362203,-0.1758625906742166,-0.5781252798493571
-1.0604709838650013,-0.4654018888008299,-0.3727652380441954
-1.1370477954377554,-0.3816697501020795,-0.37021721845036326
-0.7532420741958399,-0.5614893800721068,-0.460386983558153
-0.7694937883956812,-0.6275254361240528,-0.4099915451706123
-0.732243073809327,-0.2610426458486365,-0.5829594581734937
-0.6087477097406093,0.6893335686637667,-0.4200698634943226
-1.0383661560788915,0.4289173282566413,-0.4062582093983416
-0.880851498402457,-0.6184665104175081,-0.3655146469072346
-0.7782423267499662,-0.6874295799297558,-0.3557335350772821
-0.7189863139272804,0.3942365100838146,-0.5488758324886315
-1.2224643608565207,0.02725083431170758,-0.40519729573836727
-1.2689675643360183,-0.05240163856281649,-0.37144525985168325
-1.2985935115657568,0.03634144567740121,-0.34943435209204066
-0.675732867848307,-0.1804316693848846,-0.6120516171858731
-1.1255802058650075,0.3531941623913464,-0.3911074389518785
-1.1248826876467182,0.4323371121577537,-0.3504910049730882
-1.2066475310419844,0.3543058278178765,-0.33377380059588113
-0.8855959011412216,-0.6752189427381957,-0.309515942288958
-0.7789711435024049,-0.7408933317609122,-0.2981292858581765
-0.667859316413348,-0.7496567867673558,-0.34276881513754404
-0.6505097839377201,-0.6308587838789979,-0.4503697727969403
-0.630439091254328,-0.5622138812934788,-0.4985600181479284
-1.3403839451407333,-0.04267386278945718,-0.3127967134951444
-1.1518747306447576,-0.4483066555108352,-0.32026465871264287
-1.2229273481853573,-0.3625714124127958,-0.31605019744612545
-0.665096283996937,-0.7995231743159316,-0.2836177921200617
-1.3634355217166771,0.04293997093817092,-0.29027076896659093
-0.8823073729413202,-0.7252649821276389,-0.2504451732981295
-1.2003229873685002,0.4315502562503217,-0.2915059295311295
-1.2762787341092803,0.3516223496256265,-0.27327964544102745
-1.1129463824871801,0.5074965938837372,-0.30667370810126093
-0.6004686189262292,-0.2647180161063302,-0.6141176016725275
-1.1828037283362902,0.5044433978395926,-0.24624495760129153
-1.0898864514061664,0.5779474715765105,-0.2600782960730784
-0.5507674387809991,-0.8045477650264634,-0.3267455702734775
-0.5450699832672723,-0.8505428117782082,-0.26612146743427767
-1.2320228235566537,-0.427251306297719,-0.2645619252795411
-1.2932544918650644,-0.3417458787396985,-0.26179740736301677
-0.7440302348230641,-0.09421953463957493,-0.6042288266534053
-0.6127891169031325,-0.09812575713092615,-0.635219735148988
-0.6778118717723375,-0.01144940716678054,-0.6244056007429666
-0.5445315958939687,-0.01504408388371152,-0.6521616345010088
-0.6055312455510405,0.07164922846868521,-0.6384609373102945
-0.653200610718889,-0.3442318634486271,-0.5822522626729535
-1.3991103756399474,-0.03344258139866369,-0.2512963137451374
-1.1541098549289015,-0.508875554609788,-0.2702572996550386
-0.4847770072648515,0.7409904405135532,-0.41204073734595476
-0.5960238237379645,0.7523877973417132,-0.3677673714676241
-0.5250474385064732,-0.6284343936686198,-0.48625976206488347
-0.5021880399027824,-0.5569159241341183,-0.5320731967136996
-0.5189636348942481,-0.346265383103824,-0.6104068475637536
-0.4756426648350876,-0.1014942825994421,-0.6600631067730447
-0.469444663391423,0.8004404799628788,-0.3578562196451354
-0.578120028302646,0.8080901674540754,-0.3118315992843497
-0.7018654544153352,0.7562713533137821,-0.32010257479836457
-0.6817885162607857,0.8074747943660492,-0.26321383669094334
-0.5540885430284075,0.8561162064703112,-0.25298422621077993
-0.6536895267371465,0.8508110774138341,-0.2055247637655785
-0.7776223445743269,0.7999295508613251,-0.21157922238464155
-1.4164304675835218,0.04879748712051723,-0.2278399542900174
-0.4038499633771383,-0.01817832837188787,-0.6740323858212179
-1.2247465144475749,-0.1402200986854993,-0.3920436653955081
-1.2993167397218612,-0.4022459049003643,-0.20750774615843334
-1.3523128456502755,-0.3209622058602593,-0.20312725171511598
-0.6564781558598607,-0.84153587367041,-0.22166692252847583
-1.2766108659451065,0.2726742006896655,-0.31408242496566735
-1.3400808043559005,0.268484015632165,-0.2521707023592973
-0.37807503488756683,0.4959165775062886,-0.5816901164930096
-1.33343422648871,0.3459355705098775,-0.21009977607708114
-0.5335519819739132,-0.8884717682838962,-0.20299334624199897
-1.1542587791522734,0.572281982150852,-0.19842756102893605
-1.0559253757887919,0.6430100376785591,-0.21115431975762577
-0.986374244113837,0.6457288104254025,-0.27166775971367857
-1.390440555316614,0.2611361554570712,-0.1885488434913094
-1.3682574695232688,-0.1204336907182975,-0.2741986884199682
-1.420158586573689,-0.1117120750199633,-0.21132865731487765
-0.5245107940462813,0.8945037962201452,-0.1949863140428905
-0.4217869841264128,0.8956825978466686,-0.24115393573994812
-0.42053864346488384,-0.8929195803388821,-0.24658825248456148
-0.4057223719952807,-0.9269104745586983,-0.1821032023169833
-0.552802352919286,-0.7505446110432934,-0.3839580163401692
-0.43083943532885116,-0.8020673002294373,-0.3665414860744734
-0.46480562765822653,-0.265398046821769,-0.6390904930091462
-1.2415356787618181,0.4961792883603464,-0.18352102884537883
-1.2470044717942992,0.1143726495984303,-0.38071173647848217
-0.39431720837840367,-0.6202756559106325,-0.5173152476333402
-0.37762256655617626,-0.5498806946149747,-0.5574804465148692
-0.4186924826990709,-0.6868150313668085,-0.4697685828175986
-0.3910165587742517,0.9307690383138197,-0.17944610384405124
-0.7370258924443955,0.07464158125640201,-0.607430309843679
-0.6612696322905753,0.1578900617197473,-0.6185105729962062
-0.526953640766848,0.1538396012279182,-0.6464756693480015
-0.5851474099956913,0.2400846483180872,-0.6222455483210958
-0.44667543418171074,0.2348119955217061,-0.6477130830635249
-0.5024797417609188,0.3200379907274686,-0.6203436702059077
-0.3786758707925013,0.1529547775904689,-0.6688109110933724
-0.9846653891090619,-0.6562105988521004,-0.26048039303897536
-0.9765284810638121,-0.7026717509394831,-0.2009703395249872
-0.8702312473086263,-0.7681800872978863,-0.1895443068137311
-1.2790562083644879,-0.2797635113940056,-0.3088166677781958
-1.074494971732611,-0.6305879401027991,-0.20909998055640064
-0.12743026833056717,0.2421017854330833,-0.6765671562108615
-0.3539933900318934,0.3123400922774321,-0.6441330420572564
-0.3820771441338627,-0.3453584729728044,-0.6322694411155552
-0.32568252220007327,-0.2685477533432883,-0.6569343475641656
-0.9671059890498799,-0.7404528062192195,-0.13289573683520056
-0.7472715189052093,0.8374115022624214,-0.15739520556353326
-0.2190401676972696,-0.9861854082108317,-0.05473678009871294
-0.21213156909238212,0.9869633201967688,-0.0537839310141815
-0.7111449897223553,0.2424198867019441,-0.5925097706241192
-0.8659754994813076,0.7826534573241329,-0.16290407406794863
-0.6405044698946107,-0.8749369726799017,-0.15986036717941338
-0.24884664741259893,0.6992388990996625,-0.48676073984133367
-0.6048461567007883,-0.4879944508454083,-0.5418860737884783
-0.35589488278355264,0.7853229606267094,-0.4002714799636682
-0.34222378487340105,0.8403090077536125,-0.3442325843498944
-0.2852442454538182,0.9265156582258476,-0.22726492951286698
-0.3038978024901463,-0.9250183179647998,-0.2249767167365617
-0.33874144535357,-0.1012285364883415,-0.6782254682353426
-0.2668055738545221,0.0002857357182116396,-0.6888377183533223
-1.3340976885813212,0.1882298098049295,-0.2916068597771095
-0.4329186884757805,-0.4246676513791501,-0.6006800436603423
-0.29902345278716086,-0.416476256889996,-0.620915197861635
-0.12743026911342148,-0.5122442208864436,-0.5982394937081484
-0.8842537084790283,0.7435668510476755,-0.22091092060983208
-1.3534240398595996,-0.3733009639880963,-0.15099947869164898
-1.2903063094418932,-0.4616672490457723,-0.15161436795198888
-1.4071354146853214,-0.2769571466456626,-0.14562922903072467
-1.209744609374193,0.5604458318251031,-0.1318232452389174
-0.282274396070475,-0.6774623537575004,-0.497754610703297
-0.30123222340832057,-0.7426697722526148,-0.44718569677899767
-0.2106891284241939,-0.7977363987555224,-0.410493625976318
-0.31088508889557914,-0.8859217039955671,-0.29046827388484564
-1.377562573993781,0.3373003563004304,-0.14484374967707667
-1.4259228337551368,0.2529410576118349,-0.12590569827571657
-1.4339343712542951,0.1736804412247826,-0.16562472951266144
-1.3579055602797692,0.392832481051957,-0.11323610026101714
-0.9902169087497794,0.7094233680421314,-0.1727845950595762
-1.382125402767043,-0.2004995054681609,-0.23299674276335722
-0.8463495448646726,-0.8083862519207026,-0.11745148051671649
-0.13790219306414986,-0.4229740542610957,-0.6310261975404288
-0.4017694839874504,0.4082015920035217,-0.6108998328571271
-0.5483168004411298,0.3991869969990951,-0.5885942561114224
-0.2577301800660271,0.4631772392386503,-0.6086155591058016
-0.9300592151665208,-0.7773895181286389,-0.07413586397339415
-1.427018923255283,-0.1897016313616535,-0.16996336834244927
-1.4574617346132068,-0.1054840068475346,-0.1481398928758074
-1.3176104284284698,0.4127627141941856,-0.16862325549630608
-1.3393536558793615,-0.4313202367631401,-0.09042767576433051
-0.23840931414132718,0.1926103952159604,-0.6778224945565314
-0.2564157093995844,0.1011101756619314,-0.6860553361527176
-0.12666129459786674,0.04908528454557015,-0.696653130322458
-1.2637324851072353,0.427694817843267,-0.2292866724890627
-0.2636984858259639,-0.9577628595950326,-0.1592942549304377
-0.39094523745393356,-0.9503274237210668,-0.1191022966627706
-0.5034285984385144,0.9221157267659407,-0.13476123451252503
-0.3710685844546694,0.9543360281263237,-0.11722930726614575
-0.6090647481610296,0.9031645918381895,-0.09755566229515007
-0.6060599285126286,0.4707420722128627,-0.5490221061092194
-0.6482250505476634,0.3330540905744195,-0.5866322931375154
-1.453868744269379,0.2307432400108589,-0.05989022281592322
-0.11572903022949427,-0.05289612748928037,-0.6969305823971573
-1.0039225929153448,0.7381710121159657,-0.0592545952977044
-1.492777090004329,-0.04889029067003684,-0.059467458732529746
-1.4452693772047844,-0.02443498158726673,-0.18658091072467034
-1.4554542269973816,0.08020472935665957,-0.1597467525773247
-1.0112028291278148,-0.7337460320225028,-0.05922540460870672
-0.12287052329403016,0.8553554273379087,-0.3580671003881951
-1.4430946179055575,-0.2550562093398194,-0.06779875960321231
-0.12244240440182375,-0.2471494228852945,-0.6758731051765521
-0.7724795890118129,0.8538067551755602,-0.05332438172689299
-1.2011466398915343,0.5936362759936443,-0.05587870268224512
-1.1985307832182195,-0.5952683590415183,-0.0594867640576277
-1.1417602967614657,-0.6267939342993872,-0.11659617270267497
-1.2261592493208133,-0.5509287812438255,-0.11769609111108512
-0.14789363245709142,0.9405633069990303,-0.2274941227549572
-0.13484277162004066,-0.8497902333443239,-0.36357936369970517
-0.2920612904763694,-0.8380270073365239,-0.3567938617970209
-0.13164363617622726,0.669727269931083,-0.5161820793127205
-0.11846107610121984,-0.9386457717612837,-0.23500326612198227
-0.6538973395292974,-0.8956720599263678,-0.06156513465460556
-1.351037698331718,0.4250833064978832,-0.06283827111722011
-1.3020776045681992,0.4655382782376929,-0.12075820588252176
-1.4938127170937117,0.04182665606206972,-0.056362941789398574
-0.4983364158565275,0.5257423379272756,-0.5481594582100026
-0.3690528139995042,0.7231479229040769,-0.45177056246540953
-0.7278508761960235,0.6306879716309401,-0.4239369724539979
-0.8256403481872132,0.6401152744723855,-0.3751912919994696
-0.93528991819252,0.5748252560058061,-0.37092767438214536
-0.7155948681579201,0.6976125072334773,-0.3741874534313911
-0.4490126254854949,0.8522607460835002,-0.3003041911582271
-0.9428056040414148,0.5001858557751299,-0.4169293446611935
-0.7724255041385948,-0.7868640477963529,-0.23807320219943875
-1.1636839480124974,0.1062022956205236,-0.4353932680559952
-0.8011269412510075,0.753388009421251,-0.2685301803980317
-0.516324560197827,-0.9179686973088402,-0.1379702645854771
-1.077643467359496,-0.2371162079232497,-0.4577570278118613
-1.135800102057882,-0.1502526717028513,-0.4449667109887785
-1.111598868152074,-0.3118062906993196,-0.41624883662398593
-0.8048467291152046,-0.007333550135231976,-0.5906792174679414
-0.7869046626888834,0.1596903377965157,-0.5853651694101447
-0.5422892187998072,-0.69325193448797,-0.4364210061167442
-0.6639544753047311,-0.6934142625007438,-0.3979853995547449
-0.5423749259416152,-0.1835624415841947,-0.6398637009643464
-0.9748804087348104,-0.5443399043100002,-0.37126254444989365
-1.20229880314066,-0.2954464072425178,-0.36390374743694004
-1.106426686475836,0.6373480133184357,-0.1560662587752818
-0.779274411064085,-0.3385289898645819,-0.549177086532892
-0.817868089085857,-0.4148642147807665,-0.5098937350603256
-0.7302651891782321,-0.4899547101496641,-0.5061962422968982
-0.8683187142872865,-0.0879963992877383,-0.5674559279109858
-0.43011629290401476,-0.8491023418144932,-0.3105373729620886
-0.4693466958061869,0.06827585954882422,-0.6631307216520442
-1.3911136379763633,0.1829373699682729,-0.22838275862964474
-1.1158995761494144,0.2707222190225013,-0.42767255826333506
-0.83249186871887,0.3221928069308144,-0.5368469782140343
-1.200702671077074,0.2744246086301701,-0.37300306362098856
-1.2301723954407318,-0.4826771298279721,-0.21511113832294673
-1.3035303175518327,-0.1313095767167331,-0.3339239684291106
-0.26545977266213683,-0.6094330547574889,-0.540983552341217
-1.0163465845177413,0.5790790263981294,-0.31738186734980317
-0.9825626656240387,-0.6042705638832567,-0.31753882343939294
-0.6952105990079245,-0.4179500226907292,-0.5469459205912547
-0.9208061798354565,-0.0009693500827704937,-0.5525841489840692
-1.03265840151175,0.506065864291485,-0.36369643329875306
-1.0701632447376874,-0.5290193778640325,-0.3216488785295925
-1.1721819245866145,-0.2250523402639639,-0.40737361483626605
-1.1845622695950275,0.1933523293919071,-0.40755143861511517
-0.1258680813289768,0.7387228554789758,-0.46813585835240645
-0.24065825596555757,0.76535185440798,-0.4363060852589767
-0.7591959564846578,-0.8251484419641568,-0.17564536689394805
-0.3197125794308421,0.8873074972439702,-0.28627861641938535
-0.40567592345271763,-0.1858983507308413,-0.6612307851061388
-0.8148289383280471,0.7010400265934812,-0.32340884963287814
-1.478316744835257,-0.01034057517056669,-0.11837063710109308
-0.43159356550084393,-0.7458437726051995,-0.42054160496344317
-0.8563005031217163,0.07984794797230799,-0.5720054491509274
-1.15647254380923,-0.5900136075786798,-0.16781201409768143
-0.3581269383434466,0.06159078323029177,-0.6783879081920894
-1.0702273468738115,-0.5866627043184245,-0.26817051326685026
-0.12580235482948768,0.4285663811920393,-0.6297265423551964
-0.1437977117665924,-0.9836324312089988,-0.10679787610535972
-0.1169257601534893,0.9867540507262296,-0.09958754598954174
-1.0641380560880036,-0.6692939725941895,-0.15457360251333685
-1.264168305467181,0.1937908557417783,-0.35151493736943107
-0.3590784203373225,-0.9676213262278566,-0.05601529750609671
-1.2565296160551096,-0.2128759570851591,-0.3520695940673967
-0.9159000168140152,0.6415692579379487,-0.3249964486794412
-0.14546356357062906,-0.6714209209437974,-0.5142926528730125
-0.26171301825613946,0.9545729502368259,-0.16908852675099223
-0.5704754050069025,-0.4178572213100107,-0.577554881753439
-0.22318075757558326,-0.1975153765581757,-0.6782599252810131
-0.23943771321409274,0.8232827471813804,-0.38130750421779347
-1.0531244827503794,0.6942145031867721,-0.1110017720741944
-0.3529328828814238,0.9687634327394421,-0.054835926353045836
-0.8953453225049347,0.1639293903915344,-0.5497747003392258
-0.7158646798258858,-0.8631521343717834,-0.11546265522634536
-1.4564162744569313,-0.1843261484334101,-0.1068303310552879
-0.9456546583601111,0.7607707820142061,-0.1079401673554358
-0.23069533801822845,0.2836916709265574,-0.6625512209698259
-0.11924024942034164,0.3282504754574764,-0.6588678777659094
-1.3176334753062695,0.1156224778815514,-0.32458093159884566
-0.24529114362815463,-0.5374458320164542,-0.5791038518405622
-0.482513331358224,-0.4875583045304328,-0.5681705301838477
-0.25116349411010264,-0.3438527317509248,-0.6467819562597844
-1.3305164835178307,-0.2010585087612516,-0.2909735742282436
-0.8186012208770794,0.2416972077558985,-0.5616411515732569
-1.1497482890568345,0.6247159882965334,-0.10431980612116223
-0.23087840634525583,0.8730903345682132,-0.3238377555011382
-0.8288793353486241,0.8197534336006577,-0.10535586873252559
-1.1563022069173858,-0.5550649843540888,-0.21875999806227647
-0.8947422184542942,0.6985949313331258,-0.276618762555262
-1.4782184305905224,0.0884582024969787,-0.10145504080298152
-0.6249897504575191,0.88316389475867,-0.1508108014477402
-0.33392322696221927,-0.7885167090201667,-0.4013166272919478
-1.3760088410679772,0.1221699936072662,-0.2652281752405394
-0.34797996873861164,-0.4817895099767728,-0.5915149376601431
-0.21536982642797758,-0.09298146678042134,-0.6896827090737799
-0.21518525052353776,-0.2720597616550159,-0.6660688967737823
-0.21722415757671076,-0.8748787889098935,-0.3235298227557296
-1.4600669050855255,0.1684305149306017,-0.108819168488281
-0.33260474313067967,0.2361481135969696,-0.6622558626174566
-1.3407569649282858,-0.2667219347393135,-0.2523042007787109
-0.6439138096778714,0.9008295093843747,-0.045518410478482776
-0.27676020266137186,-0.9723969251673514,-0.09998357571030422
-0.24167175567872398,0.9744185293460838,-0.10968052108311731
-0.6089140970674687,-0.9001934484261539,-0.11037438372808644
-0.7103145542809971,0.8685256072488683,-0.10244963929374992
-0.10704361326025882,-0.9948655601286176,-0.05023407905501113
-0.10735989922255865,0.9948640787292055,-0.05010128630384991
-0.4825269722928765,0.4631506503483813,-0.5780874730321621
-0.9709337093828625,0.6892481295382217,-0.22785380179489018
-0.2062149953866752,-0.9160881305495929,-0.26367124412165877
-1.057972082089354,-0.6933041020594903,-0.10349723314383104
-0.21818602710872503,0.9122864548444715,-0.2679963353898003
-1.3539312738271128,-0.4265840889673255,-0.04022179287912569
-0.8631276762436679,-0.8150200324638094,-0.04766148374502064
-1.4227674647962378,0.1232081892240897,-0.20425779878670075
-0.7414271082863764,0.3055301508558488,-0.5696873025500403
-1.2293760282844455,-0.5226780082984289,-0.16429841898663794
-0.22473140143431558,-0.475796038317204,-0.6066911822413676
-0.08806188690998469,-0.8003078862509213,-0.41769573463054555
-1.392022023803937,-0.2471603299898408,-0.19512369137480223
-1.4784854177649747,-0.09951925449203182,-0.09540644192657319
-1.2834676685902395,-0.4934237903894022,-0.10935336442145842
-0.19964068304678023,-0.9477062597434541,-0.20304692915685946
-1.3923778337649522,-0.3392681728185827,-0.1067254103044392
-0.2234229207147918,-0.3696300007604826,0.6420141016840236
-0.12233757708855185,0.6062812367400396,0.5537399507082474
-0.1431687569116675,0.3341927523036688,0.656361634467185
-1.4927770900513657,0.04889029041517696,0.0594674585780607
-1.4072104558498124,-0.3356719691480951,0.05946745891810361
-1.3510819446488331,0.4260094446224095,0.059467458582218864
-1.275649627999277,-0.5195828164470591,0.057711865936327086
-0.13024959155312943,-0.6688813779162986,0.5167961722730986
-1.1074203694135623,0.6688813777538557,0.06078314258130954
-1.1053165593119396,-0.6709857770399461,0.057678186698784
-0.12186577592628425,0.7430899055876696,0.46496908089223254
-1.407210456932016,0.3356719672560244,0.05946745857430555
-1.365792210143989,0.3771531032494077,0.11857521230556617
-0.12445148238700326,-0.8557493284477624,0.35748654939420754
-0.7681181144664818,0.8547621952212766,0.059219133726823234
-0.7736801759777973,-0.851762941704356,0.06439956099711155
-0.12233686909169289,0.9011384185738663,0.2980536028073162
-0.1274302683520607,-0.593545799958634,0.5602127089009332
-0.25408974054183947,-0.6252253839367866,0.5332875364068875
-1.4784008304848477,-0.1462000318340518,0.05946745890452595
-0.12811051390782427,0.1415903891297151,0.6903639070750518
-0.1274302683553262,-0.1462000310135423,0.6899203876739879
-1.2004558047876661,0.5935457999586867,0.0594674585642488
-1.1427590065848041,0.6252253839360308,0.11857521225771535
-0.12159174182625221,-0.9385177470254923,0.2349055726532038
-0.49054638351355695,-0.9405353223076299,0.06432418540917932
-0.49847824646348704,0.9381146853337595,0.06824562661926079
-0.13120381261653807,0.9680724448823707,0.16444023452097975
-0.2529984165673722,-0.6979577357142518,0.48719542926393017
-0.378520668529981,-0.6508055545980499,0.5012572212404725
-0.3758945593305,-0.7202993882148468,0.4527708273776774
-0.5008303571560293,-0.6695449569484246,0.46444833067771446
-0.4948617364882486,-0.7359745908707387,0.41383099476757124
-0.6170351463103794,-0.681664411553659,0.42355451698167995
-0.6182157597422598,-0.6127141365559416,0.4720299065276861
-0.7318040862374381,-0.6218712792404408,0.42880903567957995
-0.7311079524907113,-0.5491993681765203,0.4751840713816161
-0.8409575914466323,-0.5554802156656448,0.42987428070682393
-0.8362936555501659,-0.4803143732227416,0.47396741099728373
-0.9416614275236432,-0.4845974540128806,0.4264055930358085
-0.9323685177536842,-0.4072176270895551,0.46843199586927214
-1.033976178924657,-0.4079418389420845,0.4190801877014447
-1.0198205976785726,-0.3295441859411374,0.4585738805505452
-0.9136187159510356,-0.3260900226950959,0.5060801001882258
-0.9965457012392201,-0.2464650379987645,0.4939221652710989
-1.0977403702966808,-0.24889734715488,0.44408889291816417
-1.0692702059405113,-0.1649909820348605,0.47714508366538033
-0.9629489802195991,-0.1619339592933044,0.5246064826661344
-1.0309099902736751,-0.07930168227634651,0.5054400483945108
-1.132162541638686,-0.08176911753580678,0.4556072318954432
-1.0885818642739542,0.004308918114898678,0.48158275959792396
-0.9822140308771392,0.006957344468218207,0.5290334485038418
-1.034888147988375,0.09054075433666252,0.5027370906808877
-0.9236521446425661,0.09295387416060487,0.5476976557031793
-0.9715994278510667,0.1760944294106127,0.5188661289068168
-1.184474765899418,0.002028428968763269,0.4294880843885787
-0.8557893345828518,0.177858215313694,0.5612525983773801
-0.8993263111998537,0.2601445244909333,0.529814261883063
-1.0099951835801093,0.2569402980324536,0.48528139514253954
-0.9340735117490231,0.3396235199699401,0.4934285319819516
-0.82002692612688,0.3404936104902281,0.5354885758296214
-0.8488205128404105,0.4193750500316534,0.49690337388064504
-0.9596219886352209,0.4166344726388811,0.45210367060612694
-0.869724441324276,0.4943230990319907,0.45335889974187327
-0.8035474630142707,0.09406406933184595,0.5874077321092092
-0.8380679569328243,-0.6253591129253412,0.38133422004830064
-0.7342223875058433,0.4170575420490889,0.5360696608067429
-0.9767275036942429,0.4889225170169545,0.40633554522143667
-0.8823736417899245,0.5642381318811371,0.4055159470683628
-0.6066888894283475,-0.546069843666022,0.5135445572120091
-0.6087477099456367,-0.7448343057927586,0.37075055873759577
-1.0383839892767648,-0.4841170876498448,0.3746225033890269
-1.1255802064561178,-0.4062580536848251,0.3649907923411765
-1.2224643610538481,-0.08385715671594547,0.4013764257344189
-1.2684450290456462,9.95999104202695e-5,0.3736386377384464
-1.300496724746673,-0.08546226288493015,0.34365008952017756
-0.7316799309287382,0.1783121403750854,0.5981904435349167
-0.6757328688481398,0.09386062874408044,0.6214841984741654
-1.061874013078879,0.4086377414146631,0.4032571874577781
-0.7711419828801107,0.5670839320955743,0.45046645236406024
-0.7798005104350278,0.6342685787129446,0.40055763120470683
-1.341245076328861,-0.001344491516337775,0.3134171612809946
-1.3006039466924768,0.07913520847586367,0.3443035597904691
-1.3676726678122981,0.1006259352152762,0.278709383849968
-1.124882688223583,-0.4793326133212811,0.31913978162962503
-1.2066475316717953,-0.3993362528770972,0.30785695744529024
-0.8883467237404791,0.6287281270313881,0.3527633371532345
-0.7808159594072335,0.6951946313265127,0.3470040553626886
-1.0741370433628654,0.4791692153744968,0.35528708355407196
-0.669439072661379,0.6980419692233911,0.3919751377394598
-0.6665640755462423,0.755923112927978,0.33651743620497826
-1.1542059751695075,0.3971514084460382,0.3501299500444923
-0.774340341107941,0.7495648039004975,0.2900251287549209
-0.6567199829553638,0.8066670884863444,0.27789885695084987
-0.6013237470302604,0.1773545955713678,0.6291588824798572
-1.366844946885209,-0.08681832035251656,0.2818510956751246
-0.5414415128357124,0.09234551517445133,0.6495982862531291
-0.6137681753415519,0.008304920042284615,0.6386915047027285
-0.5523540917737924,0.7549430199881955,0.37985127024900345
-0.5522803554085571,0.6935551735060216,0.43344620935587275
-1.16088186157596,0.4641890881847899,0.301548433091265
-1.2354945285820347,0.381058350043319,0.293978136607042
-1.0439902055591321,0.6979577357177991,0.11806592773355275
-1.4154492306713105,0.2847964392411813,0.11806592777420831
-1.200322987965146,-0.4702901914683851,0.2604927230927334
-1.1127996793633006,-0.5477298008554464,0.27077085023798564
-1.2762787347664115,-0.388195033349702,0.24783821686359678
-0.48477700744119845,-0.7951181614326345,0.35921581384825857
-0.5960238238948261,-0.8002612815739344,0.31437364089350706
-1.0740842109699607,0.6505126093922866,0.17722162607114209
-0.47668878153087446,0.006546891943891204,0.66369637288201
-0.5463836835763958,-0.0775295472501686,0.649646346736879
-0.4694446635793138,-0.8466947734387749,0.3012132234342899
-0.5781200284012706,-0.847863051788176,0.2548853638797557
-0.7018654544039398,-0.7974518985517407,0.2666719047299047
-1.18280372885862,-0.5364946884570739,0.21044835092441808
-1.0919594019274774,-0.60793155640343,0.2218841326100797
-0.7607602562670478,0.7968784771417483,0.2297874395408325
-0.6400017703556115,0.8497843198052065,0.21668494994702994
-0.5328319273172427,0.8555751728523062,0.2636027153889818
-0.44901262570510536,-0.8902068175725381,0.240382831755338
-0.46342132400587877,0.1752855699050816,0.6543507672214978
-0.5198807888521354,0.2595405667646902,0.6309776905359681
-0.6806631119162173,-0.07560444915715243,0.6215321429678891
-0.610317207307275,-0.1610693355951087,0.6294190626229345
-0.4800663168322117,-0.1612859918917766,0.653501094509201
-0.5370903946392598,-0.2446184372070163,0.6307596906940224
-1.320008732179387,-0.169448705173476,0.31059567987458875
-1.3795214351933556,-0.1712548838345848,0.24734745644637143
-1.4196326497922125,-0.08684686607725826,0.2177252769666674
-1.2229198308494897,0.3111742965740617,0.34184753719494315
-1.2982751306127598,0.2934105711153895,0.28416119196235223
-0.6670109911864576,-0.2412655849180722,0.6038107474010398
-0.5902153996795264,-0.3257784425021176,0.6017738043956175
-0.5132831423238575,0.8945766087874754,0.20122965938214082
-1.163543373352506,0.5753134406203584,0.18161028683393785
-0.4396035960391215,0.7435412744585616,0.4207325510045941
-0.43007887461946603,0.6820958952580912,0.47089622862528646
-0.6859366177417804,-0.8428125203073045,0.1986716973296858
-0.8042076581546128,-0.784495949620717,0.21815045944506778
-0.24605842659391441,-0.5450524683571758,0.5755383778196672
-0.16333960736072728,-0.9880711502415507,0.07622515005917364
-1.3023734597016738,0.4639978376595519,0.12294863307957055
-0.40760985976889996,0.8961934278973804,0.2454942644360808
-0.40608187739539336,0.8556488696468527,0.30877460670344836
-0.5474589602335593,0.6253706572014645,0.4828003639125587
-0.4303999080221967,0.6113015427773631,0.5162848665149501
-1.2003363670393516,-0.3255422317198779,0.3525550632887483
-1.0818257896486208,0.5424597755471255,0.3015555415224638
-0.8165247036883589,-0.7399021856059971,0.2766798577168657
-1.4255535270474562,-0.1706605145822249,0.1820992091711951
-0.5379364229093235,0.5510473128171877,0.5274375668131221
-0.42303360157497505,0.5367306828212903,0.5566578251653838
-0.37733699564683354,0.935123347759333,0.17466774258581122
-1.0190681025027755,-0.6155240030062885,0.27962764654750455
-0.3825123477477986,0.2546661595690549,0.6529600408489662
-0.44399141692477634,0.3268669839791677,0.6282652524854462
-1.2373956358511937,0.4455346912665983,0.24348394393554354
-0.8776222855391571,0.7369393319866553,0.23696838499293404
-0.8552663708105306,0.7822759798125622,0.17561745598928258
-0.13023330756178486,-0.2406106238399814,0.6767115573710035
-0.4555364369810463,-0.326863872670853,0.626463556228031
-0.5063254952475527,-0.4057561701648514,0.5945558303805688
-0.3420628039355792,-0.8843249910686816,0.2851726597181822
-0.6407016018279096,-0.4030389144122066,0.5665745846884378
-0.5238046165129903,0.4713022093740203,0.5669271598810652
-0.6168443845084578,0.8840049462537716,0.15562289353639097
-0.2200673263480335,0.9857286328770413,0.05778618994221385
-0.5766255464628731,0.3340293509896663,0.6024263358262673
-0.9078718485255912,-0.7289509887838302,0.2238965474865345
-0.8786420119968252,-0.7756181217352643,0.16461193248510234
-0.24884664734397555,-0.7640302950494421,0.4364406758381922
-1.3799229326002789,-0.2468819346514694,0.21317711748576443
-1.162874766317021,-0.5879605982242042,0.16159240963980204
-1.4561525561030166,-0.08534420475590045,0.15703285381177304
-1.4447604959834033,-0.004840431882083058,0.1881855493296149
-1.3672767844808686,0.3247400998829471,0.17664297868018233
-1.4102310730383352,0.2308935308775787,0.17541746105216405
-1.4515862260546606,0.189704769892777,0.11612843548709598
-1.4394609978361808,0.1347864259502309,0.17277726234550508
-1.075506269433999,-0.6558745230751645,0.1652557775947064
-0.31850451838814764,0.6625097781356324,0.5028290906515666
-0.25408974067669277,-0.1922709847331291,0.6766280621987565
-0.41614416761946305,-0.0777592526598237,0.6703158485356048
-0.337460014131084,0.005887245445872924,0.6820429930302427
-1.4170300715155664,-0.2507060858361189,0.1480189191655452
-1.3650393619077286,-0.3378189693507768,0.16819032739815143
-0.2774251273970666,0.9265778860412257,0.2292399937179204
-1.2789478827001266,0.2238414249923469,0.33049625257874904
-1.1981110195132125,0.2400169864895631,0.38621047977202044
-0.32011145235182237,-0.9235187085389005,0.22309075375015075
-0.4248350750705983,-0.9250561908162177,0.17716439789128896
-0.26986233451129005,-0.9569911200069543,0.15931887360207392
-1.2441100841694863,-0.5148833367618723,0.15172350671239312
-0.321964216001475,0.1710282155383404,0.6731211841310942
-0.14016811607930585,0.5242441235706052,0.592497819841897
-0.3963750154921054,0.4606327606857519,0.5931397828455552
-1.3467639179003423,0.2026566694168445,0.2736354693442061
-0.26522632417791303,-0.08306013381680426,0.686512868418583
-0.12128197431611862,-0.04482991619143899,0.6970020617531002
-0.3890085759546387,-0.2423168672147273,0.6544254261658362
-1.0906844156432893,0.5981236416173771,0.23587022630369323
-0.23730797209696367,0.251036132992227,0.6684732229329066
-1.310306458266773,0.4140576437097312,0.1791347202294194
-0.1510980077758347,0.4273002519952394,0.6289364859112997
-0.2502744659371214,0.3926121549949718,0.6331100039566744
-0.36117996118203405,-0.4145176092718704,0.6143260560635213
-0.43442147301897815,-0.489561115586454,0.5757275367755889
-0.24842331753185742,0.5657455473909198,0.5654438068975437
-0.10991918523983947,0.2330875137175839,0.6787835905180075
-0.9948387839988525,0.6704182598700008,0.23287056957849234
-0.3945245026412223,-0.9506729267386845,0.11511413024245021
-0.5228960811625422,-0.9181391147922238,0.13189089962963516
-0.6335485986594724,-0.8991022933800772,0.08049164247739363
-0.7260770650774395,-0.8561668552818053,0.12652890776757272
-1.3065738298363125,0.355774134599005,0.23706967461515444
-1.476720480483421,-0.002658579638406294,0.12283241069725234
-1.2818396414904654,0.512592023492575,0.05847004230983891
-1.2289096210778518,0.5461923231360932,0.12218071461970247
-1.0043263722902824,-0.7387355978740571,0.0540918804751389
-0.8943731511170988,-0.798507946470692,0.05803023973703115
-1.4454528963559932,-0.243874171339846,0.07646507944848346
-0.1226476656776822,-0.9012318034306971,0.29788738571304346
-1.3486195001661987,-0.4300200046113644,0.0574620633676515
-0.36181922856605203,0.9668287102373027,0.058810919776473784
-0.26813061244507813,0.9685084748026699,0.12132119643098119
-1.1985504016923325,-0.5956007060220497,0.05774513481246701
-1.0069494149866967,0.7364590070333928,0.05850327039337865
-0.9358514793329635,0.7636553907776099,0.11624638372222874
-0.13128352519036388,-0.7389166453361924,0.4676618377010802
-0.12145648206926633,-0.9642269345096944,0.17668604288913997
-0.6409844890255215,0.9001354366973563,0.05919556746502276
-1.4924747048695375,-0.05273999573013515,0.0595084437579042
-0.1271227221912151,0.8544607145121709,0.3587898344438764
-0.2534478062580072,0.8716119167891745,0.322109110212991
-0.2365007902887003,0.8231499412928195,0.3818467792391466
-0.11680855833384371,0.8007684613163516,0.4157232551261499
-0.13227684665073441,0.9392184067415064,0.2322610833662109
-1.4796880794379694,0.1419794559403414,0.057472636944686586
-0.37908294741235576,-0.565348536339328,0.5496282325705031
-1.4500834474779907,0.2418077037652477,0.058470042272088504
-0.3690528140849445,-0.7829247087732236,0.39997853980566517
-0.49805710336726394,-0.5994572215042465,0.509800806772766
-0.727639921068661,-0.6867722915118873,0.37892463765686263
-0.7159618090038056,-0.7465503819440493,0.3244556421678081
-0.7128912774515338,-0.4640613254207657,0.5232584089001622
-0.821325880629384,-0.4028173969050716,0.5134043091684545
-0.8013378051335036,-0.3190519745543089,0.5479749465852127
-0.8885779396110587,-0.2407357568079607,0.5381930140501684
-0.853555888503982,-0.1562212518091552,0.5651352439827688
-0.5461096315491648,0.8083388719999316,0.323850485355769
-0.5516107150036226,-0.88770148239949,0.1939303477613103
-0.941232737767776,-0.5570620776952884,0.3808025955214535
-1.0329423559629962,-0.5536590579686654,0.3277710651843783
-0.6676191886162587,0.6323026878314919,0.4438781557741824
-1.40060021001383,-0.003223421085035859,0.25056813655155397
-1.076490484945754,0.172426931154304,0.47229649665340373
-1.1347511893811626,0.08703748814485714,0.45372260548066096
-0.743812189850273,0.01037158529565983,0.6078324634555939
-0.8680497616735974,0.009886898369503846,0.5708364775794346
-0.92129815285025,-0.07564197177756539,0.5498624380245735
-1.1160458042057377,-0.3302112519848326,0.40659040111081113
-0.7800643320489009,0.2600391093214795,0.5695157395127037
-0.6570290111046445,0.2586781807774524,0.6026608344715464
-1.1645072219616601,-0.1670833084977862,0.42543777633199714
-0.7569731930183414,0.493997372087922,0.4956159127449254
-1.0394106005391155,0.3356941863912836,0.44665431514616405
-0.7383991939108712,-0.1558447101719492,0.5994659100380427
-0.9874483473221631,0.5560965462633739,0.3551416675119217
-1.2756830665136274,-0.3168920255339358,0.2939209016391027
-0.5592081682888398,-0.4790943789846598,0.5562620705635575
-1.1362416515661888,0.3255527622689079,0.39611439588137404
-0.8882391343224754,0.6871081736050556,0.29469050217511583
-0.49338687023126426,0.9238788353141968,0.1369149149368035
-1.2644287829723022,-0.4563603703025077,0.19942784777994454
-1.311185518668426,-0.4325826361629238,0.15460345302649176
-0.7407546578833032,0.8357931548544985,0.16796408356524067
-1.4570748008834937,-0.1564118585003975,0.12512195644900154
-0.4019690331938086,0.08953334636832719,0.671478751724614
-0.3233123945097489,0.7281199185102616,0.45547532338512514
-1.248638417784151,-0.1675172515567251,0.36974684564830285
-0.11232848197131179,-0.5112096442324986,0.599331169556639
-0.23288044090902793,-0.4613437763924998,0.61147243052264
-0.11708698348137239,-0.4183794017205413,0.6334383608685824
-1.2224862181440486,0.08308259275168192,0.4014408510609587
-0.9728570818830444,0.7191003362078225,0.1746494546369883
-0.9927835246752664,0.6198272039357117,0.2951322298118505
-0.3588847295975679,-0.8373099040105805,0.34411850371264036
-1.3607124287733114,0.263212791093486,0.22984434642298043
-1.1095610055660587,0.2497155492233152,0.43741610395556313
-1.1867175071021598,-0.249305378343532,0.39095887355063313
-0.12574582500437725,-0.8009851833993501,0.41495016047936367
-0.24065825597649268,-0.8227600113662834,0.38169283220488687
-0.1196968433934211,0.05725529363283839,0.6966157637698627
-0.25748295108935726,0.09570057908573075,0.6863484318323076
-0.8061475258078554,-0.0747171773120718,0.5879935535417986
-0.6567431810958819,0.5625705148199591,0.49090934061485664
-0.43794514396177675,0.7991705635162163,0.36780571707686477
-0.7027144683369283,0.3373460659148625,0.5715737157892509
-0.8243693269371479,-0.6890336930577554,0.33070454253066234
-0.9358224328110253,-0.6230148764286899,0.3302814723260015
-0.887504374643405,0.801736933362855,0.05916964694407017
-0.2460740251146948,0.476308272544222,0.6046874711123591
-0.8228100503499047,0.8204465094469711,0.11280941799515345
-1.2384690781022403,0.4971029351972297,0.18677971403783208
-1.4753161746801955,0.09686431218027108,0.10675464977064544
-0.2463948381192048,-0.2800000229130349,0.6620895816831619
-0.12245844327429947,0.9859899503260852,0.10182268842324739
-0.6431373982770054,0.4850932650368098,0.5334950123884018
-1.1687946940909801,0.1666109795147912,0.42296086160470375
-1.264320031568485,-0.2455674564717285,0.3351603321957995
-0.9196993396130432,-0.6801125977401169,0.2813224232333266
-1.4227150932671324,0.08058656910630262,0.21449912089008163
-1.1629782333243341,0.523075019829093,0.24775772702085622
-0.12121884420013809,0.6745557865841021,0.5136511189854417
-0.3608673160030077,-0.9676147033284462,0.053511831612186735
-1.0473550071201794,-0.6990124779420018,0.10809755836129549
-0.23987734259800653,-0.872586868172545,0.32307735247482666
-0.9460314545014012,-0.761055457587497,0.10622415434907582
-0.836682922791626,-0.8135291863425042,0.11511142700407566
-0.6164551061060346,0.4096305707556683,0.5701053711952323
-1.2521251329863996,0.1573858518794655,0.3693599487302449
-0.12280933342231481,-0.3248116493585696,0.659559829752508
-1.330606778857938,-0.2420075448016937,0.2751784132228783
-0.7796915060509569,-0.2363818165526106,0.5746558683121966
-0.6973527524965633,0.8709117269673579,0.11151561929516343
-1.4759219736236553,-0.08194845134045246,0.11096892096073553
-0.2644696010003778,-0.9743958616819797,0.09766544650992486
-1.4008726942641454,0.1771744154361601,0.21735169914274208
-0.2292410644441194,-0.9141855281688438,0.26276457226792044
-0.2449323256897113,0.9528399464445904,0.17905911693486173
-1.4015318038285756,-0.3177336522622863,0.1129300423715004
-0.3347546673800928,-0.3286817592164999,0.6423862857378041
-1.0028896556960938,-0.6711984309639036,0.22408303067126176
-0.22304942784816795,0.7024932813920819,0.4871877362869096
-1.3267590016841844,-0.3223734155245616,0.23606145877925971
-0.49407962367372477,0.402480415541638,0.5978811847346142
-1.1471178037903234,-0.6278554853204691,0.10134845699322141
-0.21467763479492463,0.006831420123647179,0.6927773955853324
-0.36887770161829514,-0.1536109781430414,0.6699288093235415
-0.31174002791397254,0.8956186792362788,0.2753014214315434
-1.3157695760224575,0.1532071659289695,0.3185448489813841
-0.7037608974471403,-0.3174008976352762,0.5768664673114019
-0.7892573542996242,-0.8165301468127056,0.16627320708083343
-0.2269101711676983,0.772218636436891,0.4319599675924038
-0.48915208579464586,-0.5388477746248228,0.5437071544953689
-0.6272324631749896,-0.8827856028527741,0.14986539958281597
-1.459766605123379,0.0633996830876401,0.15480223096426152
-1.2305234271052174,-0.5542809050220672,0.09849941810475024
-0.5814401456645484,0.9098160331025748,0.10378023018735595
-0.21558304683837615,-0.9444609572842795,0.2068704042969095
-0.982327106890555,-0.7168712791921464,0.16744718289308289
-0.2257520876857611,0.6315903416672183,0.5323880689657547
-0.400533734660919,0.9503952126600759,0.11166685075163799
-0.10075895015957037,0.995473210252524,0.04706647685232959
-0.30021967375710135,0.3211153432584811,0.6479543998245194
-0.33554843608925294,0.7866037001459036,0.40285799450337906
-0.7396752390454648,-0.3832405562085651,0.5467006596499989
-1.3125525523487684,-0.3909972614047796,0.1997575188666196
-0.10620118091562622,-0.9823854169608168,0.12105374476321196
-0.2562352146066159,-0.9828761906176315,0.0483645487395646
-0.3330315182237823,0.8334640072328253,0.3542058232408227
-1.3595262068081562,-0.3934515719598493,0.10781836124139912
-0.3605466400784391,0.3970010082573322,0.6200495298661685
-1.2965069869392492,-0.4792326155378646,0.10674928166586439
-0.2175451095372042,0.1806021666759295,0.6809633443160404
-0.3315875163087897,0.587096365875274,0.5451247766889475
-0.31678142200833315,0.5162797449428805,0.5809810306900544
-0.07731074571989947,-0.9973400043949163,0.036078822955308176
-0.32188435696887663,-0.4949146255624091,0.5894194655347478
-0.21603540319045722,0.9109087532258596,0.2706588225241735
