195,2,39
320,39,2
320,2,33
149,33,2
195,15,2
149,2,15
149,15,141
141,15,16
187,16,15
195,187,15
195,155,187
187,155,177
155,39,40
312,40,39
195,39,155
320,312,39
320,280,312
312,280,303
141,132,109
149,141,109
149,109,33
320,33,280
280,33,34
109,34,33
317,34,35
146,35,34
146,34,109
317,280,34
303,280,297
317,297,280
317,276,297
297,276,294
276,35,36
108,36,35
317,35,276
146,108,35
146,126,108
126,123,108
146,109,126
132,126,109
132,131,126
132,115,131
131,123,126
131,119,123
131,116,119
119,116,118
131,115,116
116,115,114
140,105,115
185,151,17
140,17,105
185,17,16
140,16,17
187,185,16
141,16,140
141,140,132
140,115,132
187,177,185
185,177,161
185,161,151
162,160,161
176,162,161
177,176,161
177,172,176
176,172,169
176,169,165
176,165,162
165,164,162
302,290,287
290,289,287
302,294,290
302,297,294
303,297,302
303,302,286
302,287,286
287,285,286
311,286,279
311,303,286
312,303,311
312,311,40
311,41,40
192,40,41
192,155,40
177,155,172
192,172,155
192,154,172
172,154,169
192,41,154
311,279,41
154,41,42
279,42,41
190,154,42
284,42,279
190,42,43
284,43,42
190,43,157
284,282,43
309,282,284
309,284,285
286,285,279
285,284,279
171,170,157
190,157,170
190,170,154
170,169,154
169,168,165
170,168,169
166,164,165
168,166,165
179,166,168
179,173,166
171,168,170
179,168,171
180,179,171
188,180,171
179,152,173
180,152,179
180,47,152
322,333,47
152,47,48
322,334,333
322,335,334
322,337,335
46,337,322
188,46,180
180,46,47
46,322,47
45,337,46
188,45,46
45,350,337
196,45,188
196,5,45
5,350,45
84,350,5
318,84,5
318,5,44
196,44,5
196,157,44
318,44,282
282,44,43
157,43,44
188,171,157
196,188,157
310,282,309
318,282,310
318,310,84
310,85,84
85,349,84
349,350,84
337,350,349
337,349,335
349,351,335
325,351,349
325,349,85
86,325,85
316,86,85
316,85,310
316,310,308
310,309,308
308,307,277
316,308,277
316,277,86
277,87,86
86,342,325
342,343,325
343,351,325
343,344,336
336,351,343
335,351,336
335,336,334
336,338,334
338,360,13
13,360,344
344,360,336
336,360,338
288,285,287
309,285,288
309,288,308
308,288,307
307,288,289
289,288,287
292,289,291
307,289,292
307,292,300
300,292,299
299,292,298
298,292,291
99,399,100
99,403,399
14,403,99
102,403,14
395,403,102
103,395,102
394,395,103
394,396,395
399,403,395
396,399,395
396,405,399
396,397,392
394,397,396
394,402,397
104,394,103
104,402,394
13,402,104
344,359,93
13,344,93
93,402,13
94,397,93
397,402,93
392,397,94
93,324,94
93,359,324
324,359,340
340,354,324
340,359,341
341,359,344
341,344,343
341,343,342
341,342,339
339,342,87
87,342,86
315,87,277
315,277,300
307,300,277
301,300,299
315,300,301
315,301,88
315,88,87
88,339,87
327,339,88
327,340,339
340,341,339
327,354,340
346,354,327
327,357,346
89,357,327
89,327,88
301,89,88
319,89,301
319,301,283
301,299,283
262,273,242
242,272,262
255,272,242
82,242,83
283,82,83
319,283,83
242,273,83
83,273,10
319,83,10
10,357,89
319,10,89
10,273,69
69,357,10
69,273,262
346,357,69
69,262,70
70,346,69
71,329,70
70,244,71
244,269,71
70,262,244
71,352,329
329,346,70
329,354,346
324,354,347
347,354,329
347,352,95
324,347,94
95,392,94
95,406,392
94,347,95
95,352,11
11,406,95
71,269,11
11,352,71
329,352,347
11,269,74
74,406,11
400,406,74
392,406,400
73,400,74
74,269,264
264,269,244
73,264,239
74,264,73
398,400,73
392,400,398
392,398,396
262,272,244
244,272,264
264,272,239
239,272,255
255,256,239
398,405,396
399,405,393
393,405,401
401,405,398
73,401,398
73,239,72
72,401,73
72,404,401
401,404,393
12,404,72
239,257,72
72,257,12
101,404,12
100,393,101
393,404,101
100,399,393
256,257,239
256,259,257
258,259,256
254,258,256
254,256,255
254,255,242
304,298,278
304,299,298
304,283,299
304,82,283
82,254,242
81,254,82
304,81,82
304,278,81
81,258,254
80,258,81
278,80,81
240,258,80
306,80,278
306,278,305
305,278,298
240,259,258
240,267,259
260,267,240
250,267,260
306,305,296
313,306,296
313,79,306
306,79,80
79,240,80
79,260,240
78,260,79
313,78,79
321,78,313
78,266,260
250,260,253
260,266,253
253,266,27
28,253,27
142,28,27
150,142,27
150,27,4
27,266,4
4,266,78
321,4,78
321,38,4
150,4,38
150,38,111
321,281,38
281,37,38
111,38,37
150,111,142
142,111,125
321,313,281
313,296,281
296,295,281
314,281,295
125,111,124
143,124,111
143,111,37
314,37,281
314,36,37
143,37,36
143,36,108
314,276,36
143,108,124
124,108,123
314,295,276
295,294,276
295,293,294
294,293,290
291,289,290
293,291,290
305,291,293
305,298,291
305,293,296
296,293,295
124,123,122
123,119,122
120,119,118
122,119,120
134,122,120
134,120,127
134,125,122
125,124,122
142,125,135
135,125,134
134,127,106
135,134,106
135,106,29
29,248,237
30,248,29
106,30,29
29,237,28
135,29,28
142,135,28
237,253,28
250,253,237
249,250,237
248,249,237
247,249,248
247,252,249
249,252,251
251,267,250
249,251,250
259,267,251
251,265,259
259,265,257
12,265,252
252,265,251
257,265,12
12,270,75
75,374,12
252,270,12
12,374,101
101,363,100
363,369,100
101,374,363
371,375,363
363,375,369
366,375,368
368,375,371
368,371,76
75,238,76
76,371,75
371,374,75
363,374,371
75,270,238
238,275,246
270,275,238
246,275,247
246,271,238
252,275,270
247,275,252
247,248,245
246,247,245
241,246,245
241,245,31
133,112,31
133,31,30
31,245,30
245,248,30
133,30,106
133,106,127
133,127,128
133,128,112
129,128,121
128,127,121
127,120,121
121,120,118
139,121,118
139,129,121
14,373,96
99,373,14
369,373,99
100,369,99
369,375,366
365,366,364
365,369,366
365,373,369
96,373,365
97,365,364
96,365,97
97,364,98
364,372,98
367,372,364
366,367,364
362,367,366
206,236,199
199,236,233
199,230,206
61,367,362
61,199,60
60,367,61
60,372,367
199,233,60
60,233,8
8,372,60
98,372,8
8,233,213
233,236,213
207,236,206
213,236,207
209,213,207
208,209,207
205,208,207
139,107,129
145,129,107
23,208,24
24,208,205
145,107,24
145,24,25
24,205,25
25,205,201
145,25,130
145,130,129
130,128,129
205,207,206
205,206,201
206,230,201
220,231,201
201,230,220
130,112,128
148,112,130
130,25,26
25,201,26
201,231,26
148,130,26
148,26,3
26,231,3
57,274,3
3,231,57
3,274,32
148,3,32
148,32,112
112,32,31
32,241,31
32,274,241
241,274,261
241,271,246
261,271,241
261,274,57
57,231,220
57,220,58
58,261,57
243,261,58
59,268,243
59,243,58
58,203,59
203,228,59
58,220,203
220,230,203
203,230,223
223,230,199
243,271,261
263,271,243
238,271,263
238,263,76
263,268,77
77,370,76
76,263,77
76,370,368
366,368,362
368,370,362
61,362,62
61,223,199
62,228,223
62,223,61
362,376,62
7,228,62
62,376,7
370,376,362
223,228,203
7,268,59
59,228,7
243,268,263
77,376,370
7,376,77
77,268,7
8,219,63
8,387,98
219,234,63
63,387,8
64,382,63
382,387,63
377,382,64
63,198,64
63,234,198
198,234,215
215,229,198
215,234,216
216,219,218
216,234,219
381,382,377
379,382,381
379,387,382
98,387,379
98,379,97
97,380,96
380,388,96
379,380,97
96,388,14
14,388,102
102,388,384
102,384,103
379,381,380
384,388,380
381,384,380
381,390,384
383,390,381
384,390,378
378,390,386
386,390,383
103,384,378
378,389,104
103,378,104
104,389,13
90,358,13
13,389,90
13,358,338
334,338,332
338,361,332
332,361,331
358,361,338
323,361,358
331,361,323
323,355,331
323,358,90
91,386,383
386,389,378
90,389,386
90,386,91
91,323,90
383,385,91
91,348,323
92,353,348
91,385,92
92,348,91
9,353,92
92,391,9
385,391,92
348,353,328
9,227,68
68,353,9
65,227,9
9,391,65
204,227,222
377,391,385
222,227,65
65,391,377
64,222,65
65,377,64
198,222,64
377,383,381
377,385,383
198,229,222
204,229,221
222,229,204
68,227,204
204,221,67
68,204,67
67,328,68
328,353,68
67,345,328
345,355,328
328,355,348
348,355,323
331,355,326
345,356,326
326,355,345
66,356,345
66,345,67
67,221,66
221,232,66
202,232,221
221,229,202
202,229,215
193,158,186
186,158,174
158,56,55
56,202,55
56,232,202
193,56,158
193,6,56
6,232,56
6,356,66
66,232,6
193,50,6
50,356,6
193,186,50
326,356,50
186,49,50
49,326,50
48,330,49
178,48,49
186,178,49
49,330,326
330,331,326
330,332,331
330,333,332
333,334,332
47,333,48
48,333,330
178,152,48
178,173,152
186,174,178
178,174,173
174,167,173
175,167,174
173,167,166
167,164,166
184,167,175
184,164,167
184,175,153
189,153,175
189,175,158
175,174,158
216,217,214
216,218,217
215,216,214
202,215,214
202,214,55
189,158,55
189,55,54
55,214,54
214,217,54
189,54,153
54,217,53
153,54,53
53,217,200
191,153,53
184,153,182
191,182,153
191,183,182
183,181,182
191,52,183
53,200,52
191,53,52
200,224,52
200,226,224
224,226,210
217,218,200
218,226,200
218,219,211
211,226,218
210,226,211
210,211,209
211,213,209
213,235,8
8,235,219
219,235,211
211,235,213
164,163,162
184,163,164
184,182,163
182,181,163
181,160,163
163,160,162
161,160,151
160,159,151
181,159,160
181,156,159
136,114,113
136,113,110
113,19,110
159,156,19
113,18,19
159,19,18
113,105,18
159,18,151
105,17,18
151,18,17
114,105,113
115,105,114
117,116,114
118,116,117
139,118,117
139,117,137
136,117,114
137,117,136
138,137,136
144,137,138
139,137,107
144,107,137
144,23,107
197,208,23
107,23,24
197,209,208
197,210,209
197,212,210
22,212,197
144,138,22
144,22,23
22,197,23
138,21,22
21,212,22
21,225,212
147,21,138
147,138,110
138,136,110
212,224,210
212,225,224
224,225,51
194,183,51
52,224,51
183,52,51
183,156,181
194,156,183
194,20,156
156,20,19
110,19,20
147,110,20
147,20,1
194,1,20
147,1,21
1,225,21
51,225,1
194,51,1
