-0.105156841248,0,0
-0.10421371924264197,0.0060214183202429699,0.00083138007738404963
-0.10421371924264197,0.0024941531329664593,0.0020071290583073657
-0.10421371924264197,-0.0024941531329664584,0.0020071290583073657
-0.10421371924264197,-0.0060214183202429699,0.00083138007738404996
-0.10421371924264197,-0.0060214183202429708,-0.00083138007738404942
-0.10421371924264197,-0.0024941531329664623,-0.0020071290583073653
-0.10421371924264197,0.0024941531329664601,-0.0020071290583073657
-0.10421371924264197,0.0060214183202429682,-0.00083138007738405104
-0.10158383903133726,0.012609552778864162,0
-0.10158383903133726,0.0096594778364643592,0.0027017407886964205
-0.10158383903133726,0.0021896258612447402,0.0041393070358575566
-0.10158383903133726,-0.0063047763894320792,0.0036400455176675184
-0.10158383903133726,-0.011849103697709097,0.0014375662471611361
-0.10158383903133726,-0.011849103697709099,-0.0014375662471611352
-0.10158383903133726,-0.0063047763894320862,-0.0036400455176675167
-0.10158383903133726,0.0021896258612447345,-0.0041393070358575566
-0.10158383903133726,0.0096594778364643558,-0.0027017407886964218
-0.097685453756395993,0.017446878401064833,0.001558284265856489
-0.097685453756395993,0.012772001423055514,0.0042573117869550963
-0.097685453756395993,0.0046748769780093225,0.0058155960528115851
-0.097685453756395993,-0.0046748769780093173,0.005815596052811586
-0.097685453756395993,-0.012772001423055512,0.0042573117869550972
-0.097685453756395993,-0.01744687840106483,0.0015582842658564907
-0.097685453756395993,-0.017446878401064833,-0.0015582842658564894
-0.097685453756395993,-0.012772001423055516,-0.0042573117869550963
-0.097685453756395993,-0.0046748769780093329,-0.0058155960528115842
-0.097685453756395993,0.0046748769780093112,-0.0058155960528115868
-0.097685453756395993,0.0127720014230555,-0.0042573117869551015
-0.097685453756395993,0.01744687840106483,-0.0015582842658564942
-0.092910221860696307,0.02285161352348743,0
-0.092910221860696307,0.020875987734186172,0.0030981801659559364
-0.092910221860696307,0.01529071401324943,0.005660656835134891
-0.092910221860696307,0.007061536927645988,0.0072443545120661037
-0.092910221860696307,-0.0023886440447964661,0.0075754374809664498
-0.092910221860696307,-0.011425806761743712,0.0065966584887187096
-0.092910221860696307,-0.018487343689389701,0.0044772573150105134
-0.092910221860696307,-0.022352250940895414,0.0015836976769312166
-0.092910221860696307,-0.022352250940895418,-0.0015836976769312116
-0.092910221860696307,-0.018487343689389705,-0.0044772573150105117
-0.092910221860696307,-0.011425806761743726,-0.006596658488718707
-0.092910221860696307,-0.0023886440447964865,-0.0075754374809664489
-0.092910221860696307,0.0070615369276459837,-0.0072443545120661045
-0.092910221860696307,0.015290714013249419,-0.0056606568351348936
-0.092910221860696307,0.020875987734186165,-0.0030981801659559424
-0.087537325136913174,0.026624988631120925,0.0015648931912433028
-0.087537325136913174,0.023413622059225155,0.0045059303595021884
-0.087537325136913174,0.017378227118727153,0.0069034858259555019
-0.087537325136913174,0.0092467615123937776,0.0084683790171988047
-0.087537325136913174,1.6554605203251642e-18,0.0090118607190043786
-0.087537325136913174,-0.0092467615123937742,0.0084683790171988065
-0.087537325136913174,-0.017378227118727146,0.0069034858259555054
-0.087537325136913174,-0.023413622059225148,0.0045059303595021919
-0.087537325136913174,-0.026624988631120925,0.0015648931912433063
-0.087537325136913174,-0.026624988631120929,-0.0015648931912433002
-0.087537325136913174,-0.023413622059225158,-0.0045059303595021876
-0.087537325136913174,-0.017378227118727156,-0.006903485825955501
-0.087537325136913174,-0.0092467615123937932,-0.008468379017198803
-0.087537325136913174,-4.9663815609754919e-18,-0.0090118607190043786
-0.087537325136913174,0.0092467615123937585,-0.0084683790171988065
-0.087537325136913174,0.017378227118727149,-0.0069034858259555028
-0.087537325136913174,0.023413622059225144,-0.0045059303595021936
-0.087537325136913174,0.026624988631120922,-0.0015648931912433113
-0.081749448307011585,0.030690040512593095,0
-0.081749448307011585,0.029187963014863916,0.0031612316741712141
-0.081749448307011585,0.024828764332743437,0.0060130199664783423
-0.081749448307011585,0.018039153205560755,0.0082762119692929726
-0.081749448307011585,0.0094837440764468893,0.0097292706807937095
-0.081749448307011585,1.8792229939724863e-18,0.010229960590243515
-0.081749448307011585,-0.0094837440764468858,0.0097292706807937113
-0.081749448307011585,-0.018039153205560751,0.0082762119692929726
-0.081749448307011585,-0.024828764332743433,0.0060130199664783432
-0.081749448307011585,-0.029187963014863916,0.003161231674171215
-0.081749448307011585,-0.030690040512593095,1.2528088492245289e-18
-0.081749448307011585,-0.02918796301486392,-0.0031612316741712128
-0.081749448307011585,-0.024828764332743437,-0.0060130199664783406
-0.081749448307011585,-0.018039153205560758,-0.0082762119692929709
-0.081749448307011585,-0.0094837440764468928,-0.0097292706807937095
-0.081749448307011585,-5.6376689819174586e-18,-0.010229960590243515
-0.081749448307011585,0.0094837440764468824,-0.0097292706807937113
-0.081749448307011585,0.018039153205560748,-0.0082762119692929726
-0.081749448307011585,0.024828764332743433,-0.0060130199664783441
-0.081749448307011585,0.029187963014863916,-0.0031612316741712167
-0.075665223130172196,0.033538394598330974,0.0016073560722580291
-0.075665223130172196,0.030821313328486998,0.0046918497871143794
-0.075665223130172196,0.025607272554177281,0.0073962377357238169
-0.075665223130172196,0.018318682849841936,0.0095014264901044226
-0.075665223130172196,0.0095460224064141883,0.010836866177415883
-0.075665223130172196,2.0747523672217847e-18,0.011294367416357852
-0.075665223130172196,-0.0095460224064141778,0.010836866177415885
-0.075665223130172196,-0.018318682849841936,0.0095014264901044226
-0.075665223130172196,-0.025607272554177277,0.0073962377357238178
-0.075665223130172196,-0.030821313328486991,0.0046918497871143829
-0.075665223130172196,-0.033538394598330974,0.0016073560722580295
-0.075665223130172196,-0.033538394598330981,-0.0016073560722580267
-0.075665223130172196,-0.030821313328487001,-0.004691849787114376
-0.075665223130172196,-0.025607272554177284,-0.0073962377357238152
-0.075665223130172196,-0.018318682849841929,-0.0095014264901044244
-0.075665223130172196,-0.0095460224064141865,-0.010836866177415883
-0.075665223130172196,-6.2242571016653546e-18,-0.011294367416357852
-0.075665223130172196,0.0095460224064141744,-0.010836866177415885
-0.075665223130172196,0.018318682849841918,-0.0095014264901044261
-0.075665223130172196,0.025607272554177284,-0.0073962377357238152
-0.075665223130172196,0.030821313328486994,-0.0046918497871143794
-0.075665223130172196,0.033538394598330974,-0.001607356072258031
-0.069363474797523847,0.036672086282418158,0
-0.069363474797523847,0.035422515244088765,0.0031637950866073689
-0.069363474797523847,0.03175895833034896,0.0061119827664810342
-0.069363474797523847,0.025931080890556048,0.0086436489213481092
-0.069363474797523847,0.018336043141209082,0.010586264686530537
-0.069363474797523847,0.0094914343535327256,0.011807444007955477
-0.069363474797523847,2.2455176541909479e-18,0.01222396553296207
-0.069363474797523847,-0.0094914343535327135,0.011807444007955479
-0.069363474797523847,-0.018336043141209072,0.010586264686530539
-0.069363474797523847,-0.025931080890556044,0.0086436489213481092
-0.069363474797523847,-0.031758958330348953,0.0061119827664810394
-0.069363474797523847,-0.035422515244088765,0.0031637950866073724
-0.069363474797523847,-0.036672086282418158,1.4970040262829568e-18
-0.069363474797523847,-0.035422515244088772,-0.0031637950866073641
-0.069363474797523847,-0.031758958330348967,-0.0061119827664810325
-0.069363474797523847,-0.025931080890556062,-0.008643648921348104
-0.069363474797523847,-0.018336043141209096,-0.010586264686530534
-0.069363474797523847,-0.0094914343535327465,-0.011807444007955477
-0.069363474797523847,-6.7365529625728432e-18,-0.01222396553296207
-0.069363474797523847,0.0094914343535327014,-0.01180744400795548
-0.069363474797523847,0.018336043141209055,-0.010586264686530542
-0.069363474797523847,0.025931080890556041,-0.008643648921348111
-0.069363474797523847,0.031758958330348946,-0.0061119827664810403
-0.069363474797523847,0.035422515244088758,-0.0031637950866073793
-0.062898272562790264,0.038793338716198188,0.0016335710063920758
-0.062898272562790264,0.036355810572739719,0.0047980697449907074
-0.062898272562790264,0.031633913143677708,0.0076610881154454136
-0.062898272562790264,0.024924340610404085,0.010042732144095503
-0.062898272562790264,0.016648680091266108,0.011793354377546864
-0.062898272562790264,0.0073269217724315867,0.012802956782533537
-0.062898272562790264,-0.0024552139878981612,0.013008102326892302
-0.062898272562790264,-0.012083079623722853,0.012395900961598556
-0.062898272562790264,-0.020951720928330701,0.011004819549952834
-0.062898272562790264,-0.028503888551972036,0.0089222648530883943
-0.062898272562790264,-0.034265052027923848,0.006279091441709646
-0.062898272562790264,-0.037873216266914957,0.0032413796221653249
-0.062898272562790264,-0.039101667039909714,-4.1919967442415644e-18
-0.062898272562790264,-0.037873216266914957,-0.0032413796221653331
-0.062898272562790264,-0.034265052027923841,-0.0062790914417096538
-0.062898272562790264,-0.028503888551972018,-0.0089222648530884012
-0.062898272562790264,-0.02095172092833068,-0.011004819549952837
-0.062898272562790264,-0.01208307962372282,-0.012395900961598559
-0.062898272562790264,-0.0024552139878981534,-0.013008102326892302
-0.062898272562790264,0.0073269217724316014,-0.012802956782533537
-0.062898272562790264,0.016648680091266108,-0.011793354377546864
-0.062898272562790264,0.024924340610404098,-0.010042732144095502
-0.062898272562790264,0.031633913143677715,-0.0076610881154454058
-0.062898272562790264,0.036355810572739719,-0.0047980697449907066
-0.062898272562790264,0.038793338716198188,-0.0016335710063920697
-0.056307990650096541,0.041207725843275853,0
-0.056307990650096541,0.040096966260059215,0.003167702140775028
-0.056307990650096541,0.036824568847049911,0.0061646326392117362
-0.056307990650096541,0.031566949395811769,0.0088292261964128538
-0.056307990650096541,0.024607547531845114,0.011017833884005337
-0.056307990650096541,0.016321546411010419,0.012612467295051088
-0.056307990650096541,0.0071556464984833248,0.013527159329605156
-0.056307990650096541,-0.0023960161689470655,0.013712598703325524
-0.056307990650096541,-0.01181850898452385,0.013158788331575733
-0.056307990650096541,-0.020603862921637919,0.011895584274845286
-0.056307990650096541,-0.028278457275535358,0.0099910861908007065
-0.056307990650096541,-0.034428552678102839,0.0075479660641137904
-0.056307990650096541,-0.038722595894295088,0.0046979331331923032
-0.056307990650096541,-0.040929093942855529,0.0015946334110457524
-0.056307990650096541,-0.040929093942855529,-0.0015946334110457491
-0.056307990650096541,-0.038722595894295095,-0.0046979331331923006
-0.056307990650096541,-0.034428552678102846,-0.0075479660641137878
-0.056307990650096541,-0.028278457275535362,-0.0099910861908007031
-0.056307990650096541,-0.020603862921637944,-0.011895584274845283
-0.056307990650096541,-0.011818508984523869,-0.013158788331575732
-0.056307990650096541,-0.0023960161689470846,-0.013712598703325524
-0.056307990650096541,0.0071556464984833066,-0.013527159329605158
-0.056307990650096541,0.016321546411010402,-0.01261246729505109
-0.056307990650096541,0.0246075475318451,-0.011017833884005341
-0.056307990650096541,0.031566949395811762,-0.008829226196412859
-0.056307990650096541,0.036824568847049904,-0.0061646326392117397
-0.056307990650096541,0.040096966260059215,-0.0031677021407750319
-0.04962076578924738,0.042747935455429646,0.0016055035497551731
-0.04962076578924738,0.040604375471861111,0.0047360039972818074
-0.04962076578924738,0.036424742553027155,0.007629021428554276
-0.04962076578924738,0.030418620946105274,0.010139487869379817
-0.04962076578924738,0.022887182667846249,0.01214151804962051
-0.04962076578924738,0.014208085482069454,0.013534721816289084
-0.04962076578924738,0.0048165355624234527,0.014249238115012483
-0.04962076578924738,-0.0048165355624234484,0.014249238115012483
-0.04962076578924738,-0.014208085482069447,0.013534721816289084
-0.04962076578924738,-0.022887182667846243,0.012141518049620511
-0.04962076578924738,-0.030418620946105271,0.010139487869379819
-0.04962076578924738,-0.036424742553027155,0.0076290214285542769
-0.04962076578924738,-0.040604375471861111,0.00473600399728181
-0.04962076578924738,-0.042747935455429646,0.0016055035497551749
-0.04962076578924738,-0.042747935455429646,-0.0016055035497551714
-0.04962076578924738,-0.040604375471861111,-0.0047360039972818057
-0.04962076578924738,-0.036424742553027155,-0.0076290214285542743
-0.04962076578924738,-0.030418620946105278,-0.010139487869379817
-0.04962076578924738,-0.022887182667846253,-0.01214151804962051
-0.04962076578924738,-0.01420808548206946,-0.013534721816289083
-0.04962076578924738,-0.0048165355624234588,-0.014249238115012483
-0.04962076578924738,0.0048165355624234431,-0.014249238115012483
-0.04962076578924738,0.014208085482069442,-0.013534721816289086
-0.04962076578924738,0.022887182667846239,-0.012141518049620511
-0.04962076578924738,0.030418620946105264,-0.010139487869379821
-0.04962076578924738,0.036424742553027148,-0.0076290214285542786
-0.04962076578924738,0.040604375471861104,-0.0047360039972818117
-0.04962076578924738,0.042747935455429646,-0.0016055035497551766
-0.042857895833833107,0.044555975977549629,0
-0.042857895833833107,0.043514282019399789,0.0031927227424448442
-0.042857895833833107,0.040437908596673684,0.0062361573179094314
-0.042857895833833107,0.035470703511474501,0.0089879961081796213
-0.042857895833833107,0.028844927752934214,0.011319566189871524
-0.042857895833833107,0.020870395231501328,0.013121845937319252
-0.042857895833833107,0.011919986224821724,0.01431056275262222
-0.042857895833833107,0.0024122119103826222,0.014830133558660705
-0.042857895833833107,-0.0072083547520050027,0.014656263802005829
-0.042857895833833107,-0.016491866757699761,0.013797083439236415
-0.042857895833833107,-0.02500423740319788,0.012292766789205175
-0.042857895833833107,-0.03234743769793634,0.010213654026539697
-0.042857895833833107,-0.038178107757514117,0.0076569621532543482
-0.042857895833833107,-0.042223611930269675,0.0047422392397850318
-0.042857895833833107,-0.04429478693733991,0.0016057744900837315
-0.042857895833833107,-0.04429478693733991,-0.0016057744900837281
-0.042857895833833107,-0.042223611930269675,-0.0047422392397850344
-0.042857895833833107,-0.038178107757514117,-0.0076569621532543517
-0.042857895833833107,-0.03234743769793634,-0.010213654026539698
-0.042857895833833107,-0.025004237403197887,-0.012292766789205174
-0.042857895833833107,-0.016491866757699761,-0.013797083439236415
-0.042857895833833107,-0.0072083547520050036,-0.014656263802005829
-0.042857895833833107,0.0024122119103826213,-0.014830133558660705
-0.042857895833833107,0.011919986224821735,-0.014310562752622219
-0.042857895833833107,0.020870395231501339,-0.013121845937319252
-0.042857895833833107,0.028844927752934228,-0.011319566189871521
-0.042857895833833107,0.035470703511474515,-0.0089879961081796179
-0.042857895833833107,0.040437908596673677,-0.0062361573179094366
-0.042857895833833107,0.043514282019399789,-0.0031927227424448489
-0.036036000879836425,0.045586739928830548,0.0015971115518462122
-0.036036000879836425,0.043594380644492607,0.0047215332169314467
-0.036036000879836425,0.039696737736942857,0.0076396012240067118
-0.036036000879836425,0.034064156904206937,0.010223781998718975
-0.036036000879836425,0.026942808956796977,0.01236113444093816
-0.036036000879836425,0.018643930972033578,0.01395824599278437
-0.036036000879836425,0.0095302237402856774,0.01494531521565042
-0.036036000879836425,1.2984804532036603e-17,0.015279202448013425
-0.036036000879836425,-0.0095302237402856618,0.014945315215650422
-0.036036000879836425,-0.018643930972033561,0.013958245992784373
-0.036036000879836425,-0.026942808956796974,0.01236113444093816
-0.036036000879836425,-0.03406415690420693,0.010223781998718979
-0.036036000879836425,-0.039696737736942857,0.0076396012240067118
-0.036036000879836425,-0.043594380644492607,0.0047215332169314485
-0.036036000879836425,-0.045586739928830548,0.0015971115518462163
-0.036036000879836425,-0.045586739928830548,-0.0015971115518462128
-0.036036000879836425,-0.043594380644492614,-0.0047215332169314459
-0.036036000879836425,-0.039696737736942864,-0.0076396012240067092
-0.036036000879836425,-0.034064156904206937,-0.010223781998718975
-0.036036000879836425,-0.026942808956796984,-0.012361134440938159
-0.036036000879836425,-0.018643930972033602,-0.013958245992784368
-0.036036000879836425,-0.009530223740285693,-0.01494531521565042
-0.036036000879836425,-4.9132459654682527e-17,-0.015279202448013425
-0.036036000879836425,0.0095302237402856357,-0.014945315215650424
-0.036036000879836425,0.01864393097203355,-0.013958245992784375
-0.036036000879836425,0.026942808956796939,-0.012361134440938171
-0.036036000879836425,0.034064156904206909,-0.010223781998718984
-0.036036000879836425,0.039696737736942843,-0.0076396012240067196
-0.036036000879836425,0.043594380644492593,-0.0047215332169314641
-0.036036000879836425,0.045586739928830548,-0.001597111551846225
-0.029168449439588282,0.046877670060469605,0
-0.029168449439588282,0.045853280497639301,0.0032487884104292208
-0.029168449439588282,0.042824882548610554,0.0063555891779062731
-0.029168449439588282,0.037924831735621584,0.0091846202008083033
-0.029168449439588282,0.031367283792252523,0.011612239248237496
-0.029168449439588282,0.023438835030234809,0.013532347718812574
-0.029168449439588282,0.014485996705386778,0.014861027658666717
-0.029168449439588282,0.0049000508129889856,0.015540209378714575
-0.029168449439588282,-0.0049000508129889691,0.015540209378714576
-0.029168449439588282,-0.014485996705386773,0.014861027658666719
-0.029168449439588282,-0.023438835030234795,0.013532347718812576
-0.029168449439588282,-0.031367283792252502,0.0116122392482375
-0.029168449439588282,-0.037924831735621577,0.009184620200808305
-0.029168449439588282,-0.042824882548610547,0.0063555891779062774
-0.029168449439588282,-0.045853280497639294,0.0032487884104292273
-0.029168449439588282,-0.046877670060469605,1.9136097216517459e-18
-0.029168449439588282,-0.045853280497639301,-0.0032487884104292169
-0.029168449439588282,-0.042824882548610561,-0.0063555891779062679
-0.029168449439588282,-0.037924831735621584,-0.0091846202008083015
-0.029168449439588282,-0.03136728379225253,-0.011612239248237493
-0.029168449439588282,-0.023438835030234823,-0.01353234771881257
-0.029168449439588282,-0.014485996705386783,-0.014861027658666717
-0.029168449439588282,-0.0049000508129890116,-0.015540209378714575
-0.029168449439588282,0.0049000508129889535,-0.015540209378714576
-0.029168449439588282,0.014485996705386767,-0.014861027658666719
-0.029168449439588282,0.023438835030234771,-0.013532347718812581
-0.029168449439588282,0.031367283792252502,-0.011612239248237502
-0.029168449439588282,0.037924831735621577,-0.0091846202008083067
-0.029168449439588282,0.042824882548610541,-0.0063555891779062861
-0.029168449439588282,0.045853280497639294,-0.0032487884104292295
-0.022266331920565933,0.047441265177917309,0.0016080933957333919
-0.022266331920565933,0.045499014207421397,0.0047584446546358999
-0.022266331920565933,0.04169402824936648,0.0077139846302841071
-0.022266331920565933,0.036182083875942198,0.010353713168813774
-0.022266331920565933,0.029188840737422492,0.012569559473702561
-0.022266331920565933,0.021000603029569541,0.014270806536877439
-0.022266331920565933,0.011952598166219934,0.015387805103683981
-0.022266331920565933,0.002415252529574633,0.015874825121555372
-0.022266331920565933,-0.0072209738294115779,0.015711927933737532
-0.022266331920565933,-0.016561572671393278,0.014905782570239334
-0.022266331920565933,-0.025224138782305984,0.013489392716960449
-0.022266331920565933,-0.032854025687760614,0.011520745540912859
-0.022266331920565933,-0.039138864921374208,0.009080437688790171
-0.022266331920565933,-0.043821354426485382,0.0062683756507822871
-0.022266331920565933,-0.046709792532585719,0.0031996855771285111
-0.022266331920565933,-0.047685926244234414,1.9466038292693462e-18
-0.022266331920565933,-0.046709792532585719,-0.0031996855771285072
-0.022266331920565933,-0.043821354426485382,-0.0062683756507822836
-0.022266331920565933,-0.039138864921374208,-0.0090804376887901675
-0.022266331920565933,-0.032854025687760621,-0.011520745540912855
-0.022266331920565933,-0.02522413878230596,-0.013489392716960454
-0.022266331920565933,-0.016561572671393261,-0.014905782570239336
-0.022266331920565933,-0.0072209738294115589,-0.015711927933737532
-0.022266331920565933,0.0024152525295746529,-0.015874825121555372
-0.022266331920565933,0.011952598166219956,-0.015387805103683979
-0.022266331920565933,0.021000603029569558,-0.014270806536877435
-0.022266331920565933,0.029188840737422502,-0.012569559473702557
-0.022266331920565933,0.036182083875942204,-0.010353713168813771
-0.022266331920565933,0.041694028249366494,-0.0077139846302841028
-0.022266331920565933,0.045499014207421404,-0.0047584446546358964
-0.022266331920565933,0.047441265177917309,-0.0016080933957333887
-0.015339151773516154,0.048270403748497448,0
-0.015339151773516154,0.047282305747999895,0.0032389035264867349
-0.015339151773516154,0.044358464594744192,0.0063452059620440976
-0.015339151773516154,0.039618582689081375,0.009191734919985331
-0.015339151773516154,0.03325671135314176,0.011661953170319369
-0.015339151773516154,0.025533306346906849,0.013654729687639216
-0.015339151773516154,0.016764564778793466,0.015088479967184498
-0.015339151773516154,0.0073094799588835566,0.015904506104052127
-0.015339151773516154,-0.0024448558293704748,0.016069399892319741
-0.015339151773516154,-0.012099098932711716,0.01557641056092147
-0.015339151773516154,-0.021258003504163989,0.014445721151008541
-0.015339151773516154,-0.02954660291444642,0.012723622219873158
-0.015339151773516154,-0.036625560929832983,0.010480616700094036
-0.015339151773516154,-0.042205064177431494,0.0078085335011928887
-0.015339151773516154,-0.046056687138721485,0.0048167680232891752
-0.015339151773516154,-0.048022743917121254,0.0016278034965657906
-0.015339151773516154,-0.048022743917121254,-0.0016278034965657869
-0.015339151773516154,-0.046056687138721492,-0.0048167680232891709
-0.015339151773516154,-0.042205064177431501,-0.0078085335011928844
-0.015339151773516154,-0.03662556092983299,-0.010480616700094033
-0.015339151773516154,-0.029546602914446409,-0.01272362221987316
-0.015339151773516154,-0.021258003504163979,-0.014445721151008542
-0.015339151773516154,-0.012099098932711718,-0.01557641056092147
-0.015339151773516154,-0.0024448558293704761,-0.016069399892319741
-0.015339151773516154,0.0073094799588835557,-0.015904506104052127
-0.015339151773516154,0.016764564778793466,-0.015088479967184498
-0.015339151773516154,0.025533306346906849,-0.013654729687639217
-0.015339151773516154,0.033256711353141753,-0.011661953170319369
-0.015339151773516154,0.039618582689081375,-0.0091917349199853327
-0.015339151773516154,0.044358464594744192,-0.0063452059620441002
-0.015339151773516154,0.047282305747999895,-0.0032389035264867383
-0.0083953318568900388,0.04838701365565215,0.0016401509699858216
-0.0083953318568900388,0.046406043631357044,0.0048533049365366895
-0.0083953318568900388,0.042525204728315578,0.0078677640287466277
-0.0083953318568900388,0.036903378947197481,0.010560115937196659
-0.0083953318568900388,0.029770724496018194,0.012820135458416919
-0.0083953318568900388,0.021419253086060318,0.014555297127667635
-0.0083953318568900388,0.01219087493810376,0.015694563222336842
-0.0083953318568900388,0.002463400937814253,0.016191292054650697
-0.0083953318568900388,-0.0073649249863066936,0.016025147487851117
-0.0083953318568900388,-0.0168917300161463,0.015202931500024034
-0.0083953318568900388,-0.025726985634430884,0.013758305710317357
-0.0083953318568900388,-0.033508975438049399,0.011750413268298012
-0.0083953318568900388,-0.039919103850096727,0.0092614575264596075
-0.0083953318568900388,-0.044694939460225555,0.0063933366253128921
-0.0083953318568900388,-0.047640958997420345,0.0032634717715407115
-0.0083953318568900388,-0.048636552075685742,1.9854096579372801e-18
-0.0083953318568900388,-0.047640958997420345,-0.0032634717715407076
-0.0083953318568900388,-0.044694939460225562,-0.0063933366253128886
-0.0083953318568900388,-0.039919103850096734,-0.0092614575264596023
-0.0083953318568900388,-0.033508975438049406,-0.011750413268298008
-0.0083953318568900388,-0.025726985634430856,-0.013758305710317362
-0.0083953318568900388,-0.016891730016146279,-0.015202931500024035
-0.0083953318568900388,-0.0073649249863066727,-0.016025147487851121
-0.0083953318568900388,0.0024634009378142734,-0.016191292054650697
-0.0083953318568900388,0.012190874938103783,-0.015694563222336838
-0.0083953318568900388,0.021419253086060339,-0.014555297127667632
-0.0083953318568900388,0.029770724496018204,-0.012820135458416915
-0.0083953318568900388,0.036903378947197488,-0.010560115937196655
-0.0083953318568900388,0.042525204728315592,-0.0078677640287466242
-0.0083953318568900388,0.046406043631357051,-0.0048533049365366851
-0.0083953318568900388,0.04838701365565215,-0.0016401509699858182
-0.0014426120493591435,0.048787708190805162,0
-0.0014426120493591435,0.047850266058149821,0.0031726534900678449
-0.0014426120493591435,0.045073965035618148,0.006223383685756958
-0.0014426120493591435,0.040565496814538478,0.0090349527365162097
-0.0014426120493591435,0.034498119300268804,0.011499313620471014
-0.0014426120493591435,0.027104998408057985,0.013521762330880491
-0.0014426120493591435,0.018670247627683725,0.015024577298005909
-0.0014426120493591435,0.0095180097013730803,0.015950006185448978
-0.0014426120493591435,2.9873855336802324e-18,0.016262485280051767
-0.0014426120493591435,-0.0095180097013730734,0.015950006185448978
-0.0014426120493591435,-0.018670247627683722,0.015024577298005909
-0.0014426120493591435,-0.027104998408057968,0.013521762330880493
-0.0014426120493591435,-0.034498119300268797,0.011499313620471015
-0.0014426120493591435,-0.040565496814538485,0.0090349527365162097
-0.0014426120493591435,-0.045073965035618148,0.0062233836857569606
-0.0014426120493591435,-0.047850266058149821,0.0031726534900678506
-0.0014426120493591435,-0.048787708190805162,1.9915800544396343e-18
-0.0014426120493591435,-0.047850266058149821,-0.0031726534900678467
-0.0014426120493591435,-0.045073965035618155,-0.0062233836857569563
-0.0014426120493591435,-0.040565496814538492,-0.0090349527365162063
-0.0014426120493591435,-0.034498119300268804,-0.011499313620471014
-0.0014426120493591435,-0.027104998408057978,-0.013521762330880491
-0.0014426120493591435,-0.01867024762768375,-0.015024577298005904
-0.0014426120493591435,-0.0095180097013730976,-0.015950006185448978
-0.0014426120493591435,-8.9621566010406963e-18,-0.016262485280051767
-0.0014426120493591435,0.0095180097013730803,-0.015950006185448978
-0.0014426120493591435,0.018670247627683736,-0.015024577298005907
-0.0014426120493591435,0.027104998408057961,-0.013521762330880495
-0.0014426120493591435,0.03449811930026879,-0.011499313620471017
-0.0014426120493591435,0.040565496814538478,-0.0090349527365162097
-0.0014426120493591435,0.045073965035618141,-0.0062233836857569684
-0.0014426120493591435,0.047850266058149821,-0.0031726534900678523
0.0055116090367353619,0.048476538275956091,0.0016431940416112073
0.0055116090367353619,0.046491903103187043,0.0048623095677029571
0.0055116090367353619,0.042603883954806861,0.0078823615687958325
0.0055116090367353619,0.03697165679157307,0.010579708761124048
0.0055116090367353619,0.029825805655307056,0.012843921433708844
0.0055116090367353619,0.021458882531129399,0.014582302453700912
0.0055116090367353619,0.012213430234815673,0.015723682297890677
0.0055116090367353619,0.0024679586696714747,0.016221332741350573
0.0055116090367353619,-0.0073785514133819065,0.016054879916453907
0.0055116090367353619,-0.016922982734628451,0.015231138421409328
0.0055116090367353619,-0.025774585154353276,0.013783832329809471
0.0055116090367353619,-0.033570973029473705,0.011772214523095684
0.0055116090367353619,-0.039992961324345627,0.0092786408706298854
0.0055116090367353619,-0.044777633083625409,0.0064051985707264886
0.0055116090367353619,-0.047729103283313083,0.0032695266887586725
0.0055116090367353619,-0.048726538386650399,1.9890933089580684e-18
0.0055116090367353619,-0.047729103283313083,-0.0032695266887586686
0.0055116090367353619,-0.044777633083625416,-0.0064051985707264851
0.0055116090367353619,-0.039992961324345634,-0.0092786408706298819
0.0055116090367353619,-0.033570973029473712,-0.011772214523095681
0.0055116090367353619,-0.025774585154353248,-0.013783832329809476
0.0055116090367353619,-0.016922982734628434,-0.015231138421409329
0.0055116090367353619,-0.0073785514133818866,-0.01605487991645391
0.0055116090367353619,0.002467958669671495,-0.016221332741350573
0.0055116090367353619,0.012213430234815695,-0.015723682297890677
0.0055116090367353619,0.02145888253112942,-0.014582302453700909
0.0055116090367353619,0.029825805655307066,-0.012843921433708841
0.0055116090367353619,0.036971656791573076,-0.010579708761124044
0.0055116090367353619,0.042603883954806875,-0.0078823615687958273
0.0055116090367353619,0.04649190310318705,-0.0048623095677029536
0.0055116090367353619,0.048476538275956091,-0.001643194041611204
0.01246008900584677,0.048450982746376305,0
0.01246008900584677,0.047459188283183608,0.0032510370412289179
0.01246008900584677,0.044524409075459521,0.0063689762440092912
0.01246008900584677,0.039766795328790183,0.0092261688110369909
0.01246008900584677,0.033381124308960133,0.01170564094291203
0.01246008900584677,0.025628826137805674,0.013705882759229838
0.01246008900584677,0.016827280813310246,0.015145004125011931
0.01246008900584677,0.0073368246351963552,0.015964087242453611
0.01246008900584677,-0.0024540020055227665,0.016129598752488629
0.01246008900584677,-0.012144361515802792,0.015634762594449386
0.01246008900584677,-0.021337529438723975,0.014499837418786776
0.01246008900584677,-0.02965713639937053,0.012771287195540482
0.01246008900584677,-0.036762576711261291,0.010519878973946231
0.01246008900584677,-0.042362952813173656,0.0078377856711253236
0.01246008900584677,-0.046228984649479082,0.0048348125020278333
0.01246008900584677,-0.04820239642255978,0.0016339015410309749
0.01246008900584677,-0.04820239642255978,-0.001633901541030971
0.01246008900584677,-0.046228984649479089,-0.004834812502027829
0.01246008900584677,-0.042362952813173656,-0.0078377856711253201
0.01246008900584677,-0.036762576711261298,-0.010519878973946227
0.01246008900584677,-0.02965713639937052,-0.012771287195540484
0.01246008900584677,-0.021337529438723968,-0.014499837418786778
0.01246008900584677,-0.012144361515802796,-0.015634762594449386
0.01246008900584677,-0.0024540020055227674,-0.016129598752488629
0.01246008900584677,0.0073368246351963543,-0.015964087242453611
0.01246008900584677,0.016827280813310246,-0.015145004125011931
0.01246008900584677,0.025628826137805674,-0.01370588275922984
0.01246008900584677,0.033381124308960126,-0.01170564094291203
0.01246008900584677,0.039766795328790183,-0.0092261688110369926
0.01246008900584677,0.044524409075459521,-0.0063689762440092938
0.01246008900584677,0.047459188283183608,-0.0032510370412289213
0.01939561529962433,0.047717220807338444,0.0016174556950935336
0.01939561529962433,0.045763672180950621,0.0047861482590804971
0.01939561529962433,0.041936553438471517,0.0077588953509921633
0.01939561529962433,0.036392547270885582,0.010413992355602716
0.01939561529962433,0.029358625942086849,0.012642739289582745
0.01939561529962433,0.021122759017726995,0.014353890991588465
0.01939561529962433,0.012022123857362598,0.015477392709887974
0.01939561529962433,0.0024293015337382064,0.01596724815212824
0.01939561529962433,-0.0072629766801082405,0.015803402578948383
0.01939561529962433,-0.01665790777530753,0.014992563847365418
0.01939561529962433,-0.02537086216896468,0.013567927790319855
0.01939561529962433,-0.033045130484474682,0.011587819175374775
0.01939561529962433,-0.039366527275312313,0.009133303881878909
0.01939561529962433,-0.044076253814128108,0.0063048700543412804
0.01939561529962433,-0.046981493343053571,0.0032183141059881444
0.01939561529962433,-0.047963305014423342,1.9579369320813916e-18
0.01939561529962433,-0.046981493343053571,-0.0032183141059881405
0.01939561529962433,-0.044076253814128115,-0.0063048700543412769
0.01939561529962433,-0.03936652727531232,-0.0091333038818789056
0.01939561529962433,-0.033045130484474688,-0.011587819175374771
0.01939561529962433,-0.025370862168964656,-0.01356792779031986
0.01939561529962433,-0.016657907775307512,-0.01499256384736542
0.01939561529962433,-0.0072629766801082206,-0.015803402578948383
0.01939561529962433,0.0024293015337382264,-0.01596724815212824
0.01939561529962433,0.012022123857362621,-0.015477392709887973
0.01939561529962433,0.021122759017727012,-0.014353890991588462
0.01939561529962433,0.029358625942086859,-0.012642739289582742
0.01939561529962433,0.036392547270885589,-0.010413992355602713
0.01939561529962433,0.041936553438471524,-0.007758895350992159
0.01939561529962433,0.045763672180950628,-0.0047861482590804937
0.01939561529962433,0.047717220807338444,-0.0016174556950935303
0.026311136629530097,0.047265261006330009,0
0.026311136629530097,0.046297738336814255,0.0031714756973928275
0.026311136629530097,0.043434780820036045,0.0062131108071018211
0.026311136629530097,0.038793598273115508,0.0090003804303585445
0.026311136629530097,0.032564201254839373,0.011419173421296591
0.026311136629530097,0.025001622011058919,0.013370464110670846
0.026311136629530097,0.016415473424579868,0.01477436642839141
0.026311136629530097,0.0071572734273622858,0.015573404448619283
0.026311136629530097,-0.0023939461849154294,0.015734865460923356
0.026311136629530097,-0.011847157359105973,0.015252139232489036
0.026311136629530097,-0.020815344519032844,0.014144988631826347
0.026311136629530097,-0.028931349028651368,0.012458740534611094
0.026311136629530097,-0.035862900709747736,0.010262430136069008
0.026311136629530097,-0.041326221022075109,0.0076459746419719112
0.026311136629530097,-0.045097640990133935,0.0047164920476686122
0.026311136629530097,-0.047022758237308865,0.0015939157147694741
0.026311136629530097,-0.047022758237308865,-0.0015939157147694704
0.026311136629530097,-0.045097640990133941,-0.0047164920476686079
0.026311136629530097,-0.041326221022075116,-0.0076459746419719078
0.026311136629530097,-0.035862900709747736,-0.010262430136069003
0.026311136629530097,-0.028931349028651358,-0.012458740534611096
0.026311136629530097,-0.020815344519032837,-0.014144988631826349
0.026311136629530097,-0.011847157359105975,-0.015252139232489036
0.026311136629530097,-0.0023939461849154307,-0.015734865460923356
0.026311136629530097,0.007157273427362284,-0.015573404448619283
0.026311136629530097,0.016415473424579868,-0.01477436642839141
0.026311136629530097,0.025001622011058919,-0.013370464110670848
0.026311136629530097,0.032564201254839366,-0.011419173421296591
0.026311136629530097,0.038793598273115508,-0.0090003804303585462
0.026311136629530097,0.043434780820036045,-0.0062131108071018237
0.026311136629530097,0.046297738336814255,-0.003171475697392831
0.033199823668271351,0.04610536519882609,0.0016152897169557834
0.033199823668271351,0.04409033950154919,0.0047752732392163585
0.033199823668271351,0.040148354399132467,0.007726554406619875
0.033199823668271351,0.03445169355629471,0.010340148070332532
0.033199823668271351,0.027249328387479496,0.012501827645836235
0.033199823668271351,0.018856036811346604,0.014117117362792015
0.033199823668271351,0.0096386459452544888,0.015115421309548889
0.033199823668271351,1.3132528360649491e-17,0.015453108813239752
0.033199823668271351,-0.0096386459452544732,0.01511542130954889
0.033199823668271351,-0.018856036811346587,0.014117117362792019
0.033199823668271351,-0.027249328387479493,0.012501827645836235
0.033199823668271351,-0.034451693556294696,0.010340148070332535
0.033199823668271351,-0.040148354399132467,0.007726554406619875
0.033199823668271351,-0.04409033950154919,0.0047752732392163603
0.033199823668271351,-0.04610536519882609,0.0016152897169557875
0.033199823668271351,-0.04610536519882609,-0.001615289716955784
0.033199823668271351,-0.044090339501549197,-0.0047752732392163568
0.033199823668271351,-0.040148354399132474,-0.0077265544066198724
0.033199823668271351,-0.03445169355629471,-0.010340148070332532
0.033199823668271351,-0.027249328387479503,-0.012501827645836234
0.033199823668271351,-0.018856036811346628,-0.014117117362792012
0.033199823668271351,-0.0096386459452545044,-0.015115421309548889
0.033199823668271351,-4.9691423405846484e-17,-0.015453108813239752
0.033199823668271351,0.0096386459452544471,-0.015115421309548892
0.033199823668271351,0.018856036811346573,-0.014117117362792021
0.033199823668271351,0.027249328387479458,-0.012501827645836246
0.033199823668271351,0.034451693556294682,-0.010340148070332541
0.033199823668271351,0.040148354399132453,-0.0077265544066198828
0.033199823668271351,0.044090339501549176,-0.0047752732392163759
0.033199823668271351,0.04610536519882609,-0.0016152897169557964
0.04005513908332637,0.045248649826596252,0
0.04005513908332637,0.044190761538781549,0.0032423740573926255
0.04005513908332637,0.041066562355917269,0.0063331383075015089
0.04005513908332637,0.036022136359496158,0.0091277720491292971
0.04005513908332637,0.029293355302634033,0.011495601314529792
0.04005513908332637,0.021194849509046779,0.013325909038906082
0.04005513908332637,0.012105296108799807,0.014533112067307256
0.04005513908332637,0.0024497125165756669,0.015060762927835075
0.04005513908332637,-0.0073204169102636532,0.014884189252693072
0.04005513908332637,-0.016748251778438077,0.01401164743068334
0.04005513908332637,-0.025392957007797617,0.012483936547642472
0.04005513908332637,-0.032850315789717234,0.010372490666532765
0.04005513908332637,-0.038771630315813342,0.0077760386500513572
0.04005513908332637,-0.042880026499914105,0.0048159877087397742
0.04005513908332637,-0.044983400302605364,0.0016307465347534193
0.04005513908332637,-0.044983400302605364,-0.0016307465347534156
0.04005513908332637,-0.042880026499914105,-0.0048159877087397768
0.04005513908332637,-0.038771630315813335,-0.0077760386500513607
0.04005513908332637,-0.032850315789717227,-0.010372490666532766
0.04005513908332637,-0.025392957007797628,-0.012483936547642471
0.04005513908332637,-0.016748251778438077,-0.01401164743068334
0.04005513908332637,-0.007320416910263655,-0.014884189252693072
0.04005513908332637,0.0024497125165756656,-0.015060762927835075
0.04005513908332637,0.012105296108799818,-0.014533112067307254
0.04005513908332637,0.021194849509046789,-0.01332590903890608
0.04005513908332637,0.02929335530263405,-0.011495601314529789
0.04005513908332637,0.036022136359496165,-0.0091277720491292937
0.04005513908332637,0.041066562355917262,-0.0063331383075015141
0.04005513908332637,0.044190761538781549,-0.0032423740573926298
0.046870895007494008,0.043660728550961786,0.0016397942146725269
0.046870895007494008,0.041471397310091238,0.0048371565149095659
0.046870895007494008,0.037202517038618509,0.0077919635892824525
0.046870895007494008,0.031068147218646879,0.010356049072882291
0.046870895007494008,0.023375890767847355,0.012400839012872835
0.046870895007494008,0.0145114695447287,0.013823799103363748
0.046870895007494008,0.0049193826440175822,0.014553576183653931
0.046870895007494008,-0.0049193826440175779,0.014553576183653931
0.046870895007494008,-0.014511469544728694,0.013823799103363748
0.046870895007494008,-0.023375890767847348,0.012400839012872837
0.046870895007494008,-0.031068147218646872,0.010356049072882293
0.046870895007494008,-0.037202517038618502,0.0077919635892824543
0.046870895007494008,-0.041471397310091238,0.0048371565149095685
0.046870895007494008,-0.043660728550961786,0.0016397942146725286
0.046870895007494008,-0.043660728550961786,-0.001639794214672525
0.046870895007494008,-0.041471397310091238,-0.0048371565149095642
0.046870895007494008,-0.037202517038618509,-0.0077919635892824508
0.046870895007494008,-0.031068147218646883,-0.010356049072882291
0.046870895007494008,-0.023375890767847358,-0.012400839012872835
0.046870895007494008,-0.014511469544728706,-0.013823799103363746
0.046870895007494008,-0.0049193826440175883,-0.014553576183653931
0.046870895007494008,0.0049193826440175718,-0.014553576183653931
0.046870895007494008,0.014511469544728688,-0.013823799103363749
0.046870895007494008,0.023375890767847345,-0.012400839012872837
0.046870895007494008,0.031068147218646869,-0.010356049072882295
0.046870895007494008,0.037202517038618495,-0.007791963589282456
0.046870895007494008,0.041471397310091231,-0.0048371565149095694
0.046870895007494008,0.043660728550961786,-0.0016397942146725304
0.053641304013286914,0.04242867576352341,0
0.053641304013286914,0.041285005317190947,0.0032615753352178731
0.053641304013286914,0.037915649547983397,0.0063473182998868422
0.053641304013286914,0.032502251297543971,0.0090908756920668049
0.053641304013286914,0.025336648266759777,0.011344341622601981
0.053641304013286914,0.0168051399697676,0.012986231159889302
0.053641304013286914,0.007367662227156898,0.013928029613986341
0.053641304013286914,-0.0024670080931681188,0.014118964386457284
0.053641304013286914,-0.012168681368629197,0.013548742134296599
0.053641304013286914,-0.021214337881761698,0.012248103686714798
0.053641304013286914,-0.029116323948561743,0.010287166799078727
0.053641304013286914,-0.035448641454815265,0.0077716460865704454
0.053641304013286914,-0.039869913524700866,0.0048371539219195375
0.053641304013286914,-0.042141788236527374,0.0016418895372873222
0.053641304013286914,-0.042141788236527374,-0.0016418895372873187
0.053641304013286914,-0.039869913524700866,-0.0048371539219195341
0.053641304013286914,-0.035448641454815279,-0.0077716460865704419
0.053641304013286914,-0.029116323948561746,-0.010287166799078725
0.053641304013286914,-0.021214337881761722,-0.012248103686714792
0.053641304013286914,-0.012168681368629216,-0.013548742134296597
0.053641304013286914,-0.0024670080931681383,-0.014118964386457284
0.053641304013286914,0.0073676622271568789,-0.013928029613986342
0.053641304013286914,0.016805139969767582,-0.012986231159889304
0.053641304013286914,0.02533664826675976,-0.011344341622601985
0.053641304013286914,0.032502251297543958,-0.0090908756920668101
0.053641304013286914,0.03791564954798339,-0.0063473182998868456
0.053641304013286914,0.041285005317190947,-0.003261575335217877
0.060361017072935001,0.040431526236181993,0.0016364253667666923
0.060361017072935001,0.038081792893953303,0.0048141730061477834
0.060361017072935001,0.033518884170413078,0.0077121384092184459
0.060361017072935001,0.027007979735075099,0.010161902360427858
0.060361017072935001,0.018927469687546515,0.012021093483461377
0.060361017072935001,0.0097469639003307587,0.013181662348133063
0.060361017072935001,1.1537440157895578e-17,0.013576160910524377
0.060361017072935001,-0.0097469639003307362,0.013181662348133064
0.060361017072935001,-0.018927469687546512,0.012021093483461379
0.060361017072935001,-0.027007979735075089,0.010161902360427862
0.060361017072935001,-0.033518884170413064,0.007712138409218452
0.060361017072935001,-0.038081792893953297,0.0048141730061477869
0.060361017072935001,-0.040431526236181993,0.0016364253667666983
0.060361017072935001,-0.040431526236181993,-0.0016364253667666892
0.060361017072935001,-0.03808179289395331,-0.0048141730061477791
0.060361017072935001,-0.033518884170413078,-0.007712138409218445
0.060361017072935001,-0.027007979735075106,-0.010161902360427853
0.060361017072935001,-0.018927469687546505,-0.01202109348346138
0.060361017072935001,-0.0097469639003307466,-0.013181662348133063
0.060361017072935001,-7.481700901702391e-18,-0.013576160910524377
0.060361017072935001,0.0097469639003307327,-0.013181662348133064
0.060361017072935001,0.018927469687546522,-0.012021093483461377
0.060361017072935001,0.027007979735075099,-0.010161902360427858
0.060361017072935001,0.033518884170413078,-0.0077121384092184494
0.060361017072935001,0.038081792893953297,-0.0048141730061477886
0.060361017072935001,0.040431526236181993,-0.0016364253667667001
0.067025148906255258,0.038841610577364113,0
0.067025148906255258,0.037621329956350605,0.0032198385839286377
0.067025148906255258,0.034037162812606561,0.0062373628678910704
0.067025148906255258,0.028314315549418097,0.0088629707034479175
0.067025148906255258,0.020812375707491306,0.01093168549398099
0.067025148906255258,0.012002717757299226,0.012313522281000302
0.067025148906255258,0.0024388849075079634,0.012921655177137219
0.067025148906255258,-0.007278192050613282,0.012717872955971116
0.067025148906255258,-0.016537953434876528,0.011714980003916447
0.067025148906255258,-0.024758574382488342,0.0099759917735330744
0.067025148906255258,-0.031423523045981276,0.0076101752908873214
0.067025148906255258,-0.036114016188861543,0.0047661835064482048
0.067025148906255258,-0.038535332876534864,0.0016227148835021737
0.067025148906255258,-0.038535332876534864,-0.0016227148835021763
0.067025148906255258,-0.036114016188861536,-0.0047661835064482117
0.067025148906255258,-0.031423523045981276,-0.0076101752908873232
0.067025148906255258,-0.024758574382488335,-0.0099759917735330762
0.067025148906255258,-0.016537953434876507,-0.01171498000391645
0.067025148906255258,-0.0072781920506132742,-0.012717872955971118
0.067025148906255258,0.0024388849075079799,-0.012921655177137219
0.067025148906255258,0.012002717757299218,-0.012313522281000303
0.067025148906255258,0.020812375707491313,-0.010931685493980988
0.067025148906255258,0.028314315549418111,-0.0088629707034479106
0.067025148906255258,0.034037162812606561,-0.0062373628678910704
0.067025148906255258,0.037621329956350612,-0.0032198385839286338
0.073629295029077918,0.036458978593684431,0.001599971863781319
0.073629295029077918,0.033974359453835742,0.0046908801529057824
0.073629295029077918,0.029174443862491788,0.0074621127116556961
0.073629295029077918,0.022386338134967088,0.009724814620830597
0.073629295029077918,0.014072640458717344,0.011324786484611916
0.073629295029077918,0.0047999155913439609,0.012152992864561479
0.073629295029077918,-0.0047999155913439565,0.012152992864561479
0.073629295029077918,-0.014072640458717341,0.011324786484611916
0.073629295029077918,-0.022386338134967074,0.0097248146208306005
0.073629295029077918,-0.029174443862491781,0.0074621127116557004
0.073629295029077918,-0.033974359453835735,0.0046908801529057884
0.073629295029077918,-0.036458978593684431,0.001599971863781324
0.073629295029077918,-0.036458978593684431,-0.001599971863781316
0.073629295029077918,-0.033974359453835749,-0.0046908801529057754
0.073629295029077918,-0.029174443862491795,-0.0074621127116556935
0.073629295029077918,-0.022386338134967095,-0.0097248146208305953
0.073629295029077918,-0.014072640458717364,-0.011324786484611913
0.073629295029077918,-0.0047999155913439895,-0.012152992864561478
0.073629295029077918,0.0047999155913439444,-0.012152992864561481
0.073629295029077918,0.01407264045871732,-0.01132478648461192
0.073629295029077918,0.022386338134967061,-0.009724814620830604
0.073629295029077918,0.029174443862491777,-0.0074621127116557004
0.073629295029077918,0.033974359453835735,-0.0046908801529057893
0.073629295029077918,0.036458978593684424,-0.0015999718637813311
0.080169534300143105,0.034530173521274063,0
0.080169534300143105,0.033131458871351833,0.0032427580247755923
0.080169534300143105,0.029048630464045513,0.0062228070798084146
0.080169534300143105,0.022612454775399582,0.0086987213136938534
0.080169534300143105,0.01434435248229746,0.010469916880031429
0.080169534300143105,0.0049141560602285906,0.011392902047742102
0.080169534300143105,-0.0049141560602285863,0.011392902047742102
0.080169534300143105,-0.014344352482297455,0.010469916880031431
0.080169534300143105,-0.022612454775399582,0.0086987213136938534
0.080169534300143105,-0.029048630464045506,0.0062228070798084172
0.080169534300143105,-0.033131458871351833,0.0032427580247755923
0.080169534300143105,-0.034530173521274063,1.4095755492276994e-18
0.080169534300143105,-0.033131458871351833,-0.0032427580247755892
0.080169534300143105,-0.029048630464045513,-0.0062228070798084146
0.080169534300143105,-0.022612454775399585,-0.0086987213136938517
0.080169534300143105,-0.014344352482297458,-0.010469916880031431
0.080169534300143105,-0.0049141560602285941,-0.011392902047742102
0.080169534300143105,0.0049141560602285819,-0.011392902047742102
0.080169534300143105,0.014344352482297446,-0.010469916880031432
0.080169534300143105,0.022612454775399589,-0.0086987213136938517
0.080169534300143105,0.029048630464045513,-0.0062228070798084146
0.080169534300143105,0.033131458871351833,-0.0032427580247755936
0.086642431030754488,0.031758622138318572,0.0015956140284034688
0.086642431030754488,0.028936729190911271,0.0046450647765499276
0.086642431030754488,0.023543680868147041,0.0072817811347689063
0.086642431030754488,0.01605867318050623,0.0092714792835934933
0.086642431030754488,0.0071467819084509287,0.01043736581085412
0.086642431030754488,-0.0024001322993060636,0.010675846582194927
0.086642431030754488,-0.011733784219462595,0.0099657315345266541
0.086642431030754488,-0.020024837918855981,0.0083701175061231814
0.086642431030754488,-0.026536596891605212,0.0060307818056449967
0.086642431030754488,-0.030690462776597968,0.0031555846760852155
0.086642431030754488,-0.032117346361012454,-3.4432421420435755e-18
0.086642431030754488,-0.030690462776597965,-0.0031555846760852172
0.086642431030754488,-0.026536596891605209,-0.0060307818056449993
0.086642431030754488,-0.020024837918855974,-0.0083701175061231831
0.086642431030754488,-0.011733784219462595,-0.0099657315345266523
0.086642431030754488,-0.0024001322993060783,-0.010675846582194927
0.086642431030754488,0.0071467819084509217,-0.01043736581085412
0.086642431030754488,0.01605867318050623,-0.0092714792835934933
0.086642431030754488,0.023543680868147031,-0.0072817811347689098
0.086642431030754488,0.028936729190911267,-0.0046450647765499302
0.086642431030754488,0.031758622138318572,-0.0015956140284034681
0.093045015906033923,0.029541180242814141,0
0.093045015906033923,0.027940557613839755,0.003197335181507212
0.093045015906033923,0.023312142024985029,0.0060481894843310994
0.093045015906033923,0.016157494122569824,0.0082436286091984359
0.093045015906033923,0.0072519310226213827,0.009545742661181909
0.093045015906033923,-0.0024394913289317853,0.0098134273783678626
0.093045015906033923,-0.011866556942387132,0.0090176749680928574
0.093045015906033923,-0.02000769698253245,0.0072447175513810271
0.093045015906033923,-0.025980692603214769,0.0046866825746019001
0.093045015906033923,-0.029138277048356906,0.0016207728194917699
0.093045015906033923,-0.029138277048356909,-0.0016207728194917673
0.093045015906033923,-0.025980692603214773,-0.0046866825746018984
0.093045015906033923,-0.020007696982532464,-0.0072447175513810219
0.093045015906033923,-0.01186655694238715,-0.0090176749680928557
0.093045015906033923,-0.0024394913289317991,-0.0098134273783678626
0.093045015906033923,0.0072519310226213697,-0.0095457426611819107
0.093045015906033923,0.016157494122569813,-0.0082436286091984376
0.093045015906033923,0.023312142024985025,-0.0060481894843311011
0.093045015906033923,0.027940557613839755,-0.0031973351815072146
0.099374775035833376,0.026400541631257352,0.0015517092649692474
0.099374775035833376,0.023216246680030053,0.0044679687567627021
0.099374775035833376,0.017231729743881818,0.0068453252762945543
0.099374775035833376,0.0091688118873755383,0.0083970345412638023
0.099374775035833376,1.6415050909979467e-18,0.0089359375135254059
0.099374775035833376,-0.0091688118873755348,0.0083970345412638023
0.099374775035833376,-0.017231729743881808,0.0068453252762945577
0.099374775035833376,-0.023216246680030049,0.0044679687567627056
0.099374775035833376,-0.026400541631257352,0.0015517092649692508
0.099374775035833376,-0.026400541631257355,-0.0015517092649692445
0.099374775035833376,-0.023216246680030056,-0.0044679687567627012
0.099374775035833376,-0.017231729743881822,-0.0068453252762945534
0.099374775035833376,-0.0091688118873755539,-0.0083970345412638005
0.099374775035833376,-4.9245152729938395e-18,-0.0089359375135254059
0.099374775035833376,0.009168811887375521,-0.008397034541263804
0.099374775035833376,0.017231729743881815,-0.006845325276294556
0.099374775035833376,0.023216246680030046,-0.0044679687567627073
0.099374775035833376,0.026400541631257348,-0.0015517092649692558
0.10562962057717976,0.023923387037411294,0
0.10562962057717976,0.022102327632210123,0.0030516946217583507
0.10562962057717976,0.016916389203103878,0.0056387964010346254
0.10562962057717976,0.0091550838652750509,0.0073674425440700417
0.10562962057717976,1.464884968006451e-18,0.0079744623458037657
0.10562962057717976,-0.0091550838652750492,0.0073674425440700417
0.10562962057717976,-0.016916389203103874,0.0056387964010346263
0.10562962057717976,-0.022102327632210123,0.0030516946217583516
0.10562962057717976,-0.023923387037411294,9.7658997867096753e-19
0.10562962057717976,-0.022102327632210126,-0.0030516946217583499
0.10562962057717976,-0.016916389203103878,-0.0056387964010346254
0.10562962057717976,-0.009155083865275063,-0.00736744254407004
0.10562962057717976,-4.3946549040193528e-18,-0.0079744623458037657
0.10562962057717976,0.0091550838652750561,-0.0073674425440700408
0.10562962057717976,0.016916389203103871,-0.0056387964010346271
0.10562962057717976,0.022102327632210119,-0.0030516946217583555
0.11180786781562738,0.02037014933468646,0.0015497845526650129
0.11180786781562738,0.01633559143546489,0.0043423998204795205
0.11180786781562738,0.009065569309568056,0.0062749495478091905
0.11180786781562738,1.2793888588669773e-18,0.0069646685599893659
0.11180786781562738,-0.0090655693095680542,0.0062749495478091905
0.11180786781562738,-0.01633559143546489,0.0043423998204795214
0.11180786781562738,-0.02037014933468646,0.0015497845526650138
0.11180786781562738,-0.02037014933468646,-0.0015497845526650121
0.11180786781562738,-0.016335591435464893,-0.0043423998204795197
0.11180786781562738,-0.0090655693095680577,-0.0062749495478091897
0.11180786781562738,-3.8381665766009318e-18,-0.0069646685599893659
0.11180786781562738,0.0090655693095680508,-0.0062749495478091914
0.11180786781562738,0.01633559143546489,-0.0043423998204795223
0.11180786781562738,0.020370149334686456,-0.0015497845526650147
0.11790820507127017,0.017725688887041291,0
0.11790820507127017,0.015350896875757272,0.0029542814811735481
0.11790820507127017,0.0088628444435206472,0.005116965625252423
0.11790820507127017,1.0853854079098464e-18,0.005908562962347097
0.11790820507127017,-0.008862844443520642,0.0051169656252524238
0.11790820507127017,-0.015350896875757268,0.0029542814811735507
0.11790820507127017,-0.017725688887041291,7.2359027193989751e-19
0.11790820507127017,-0.015350896875757273,-0.0029542814811735472
0.11790820507127017,-0.0088628444435206542,-0.0051169656252524221
0.11790820507127017,-3.2561562237295389e-18,-0.005908562962347097
0.11790820507127017,0.0088628444435206333,-0.0051169656252524256
0.11790820507127017,0.015350896875757266,-0.0029542814811735511
0.12392966495923748,0.013718363480881091,0.0014857888316734934
0.12392966495923748,0.0084784149012098325,0.0038898456614262023
0.12392966495923748,8.8323615045749622e-19,0.0048081136595054174
0.12392966495923748,-0.0084784149012098308,0.0038898456614262023
0.12392966495923748,-0.013718363480881091,0.0014857888316734938
0.12392966495923748,-0.013718363480881093,-0.0014857888316734927
0.12392966495923748,-0.0084784149012098343,-0.0038898456614262019
0.12392966495923748,-2.6497084513724887e-18,-0.0048081136595054174
0.12392966495923748,0.0084784149012098291,-0.0038898456614262027
0.12392966495923748,0.013718363480881091,-0.0014857888316734947
0.12987158556652431,0.010995727108215139,0
0.12987158556652431,0.0077751532022956715,0.002591717734098557
0.12987158556652431,6.7329410036867257e-19,0.0036652423694050465
0.12987158556652431,-0.0077751532022956706,0.0025917177340985574
0.12987158556652431,-0.010995727108215139,4.4886273357911508e-19
0.12987158556652431,-0.0077751532022956723,-0.002591717734098557
0.12987158556652431,-2.0198823011060176e-18,-0.0036652423694050465
0.12987158556652431,0.0077751532022956689,-0.0025917177340985579
0.13573359078847622,0.0068786946890066498,0.00094974954387011122
0.13573359078847622,0.0028492486316103339,0.0022928982296688831
0.13573359078847622,-0.002849248631610333,0.0022928982296688831
0.13573359078847622,-0.0068786946890066498,0.00094974954387011155
0.13573359078847622,-0.0068786946890066506,-0.00094974954387011101
0.13573359078847622,-0.0028492486316103378,-0.0022928982296688827
0.13573359078847622,0.0028492486316103352,-0.0022928982296688831
0.13573359078847622,0.006878694689006648,-0.00094974954387011274
0.14151554975547939,0.0037789168760328264,0
0.14151554975547939,0.0026720977485830957,0.00089069924952769842
0.14151554975547939,2.3139192282387583e-19,0.0012596389586776089
0.14151554975547939,-0.0026720977485830953,0.00089069924952769864
0.14151554975547939,-0.0037789168760328264,1.5426128188258387e-19
0.14151554975547939,-0.0026720977485830961,-0.00089069924952769842
0.14151554975547939,-6.9417576847162734e-19,-0.0012596389586776089
0.14151554975547939,0.0026720977485830948,-0.00089069924952769875
0.14721755875200002,0,0
