case,ell_name,ell,seed,nfeat,c,scale,dead,ramp,x_tip,d,sup_DV,sup_DV_surface,file
T,d10,0.02523744,1000,512,0.0625,0.3028112201202305,0.1,0.25,0.14721755875200002,0.2523744,51.153955128346205,50.48098413359101,fields/T_d10_1000.csv
T,d10,0.02523744,1001,512,0.0625,0.26532434858589266,0.1,0.25,0.14721755875200002,0.2523744,49.638879874783,49.34377917015543,fields/T_d10_1001.csv
T,d10,0.02523744,1002,512,0.0625,0.28983636522784983,0.1,0.25,0.14721755875200002,0.2523744,61.14894513478652,59.50466029080573,fields/T_d10_1002.csv
T,d10,0.02523744,1003,512,0.0625,0.3582086847709899,0.1,0.25,0.14721755875200002,0.2523744,77.4658994917863,63.45012766241716,fields/T_d10_1003.csv
T,d10,0.02523744,1004,512,0.0625,0.2866698827925911,0.1,0.25,0.14721755875200002,0.2523744,52.58816929770379,50.544206788837805,fields/T_d10_1004.csv
T,d10,0.02523744,1005,512,0.0625,0.32215566445570887,0.1,0.25,0.14721755875200002,0.2523744,54.77356437782689,49.50461570408092,fields/T_d10_1005.csv
T,d10,0.02523744,1006,512,0.0625,0.28650857164978855,0.1,0.25,0.14721755875200002,0.2523744,46.52717590581066,45.6320213239955,fields/T_d10_1006.csv
T,d10,0.02523744,1007,512,0.0625,0.29778633646697705,0.1,0.25,0.14721755875200002,0.2523744,52.44974509970994,47.34100389731423,fields/T_d10_1007.csv
T,d10,0.02523744,1008,512,0.0625,0.303767835733657,0.1,0.25,0.14721755875200002,0.2523744,61.23131587998118,48.92891694968336,fields/T_d10_1008.csv
T,d10,0.02523744,1009,512,0.0625,0.2988673303209168,0.1,0.25,0.14721755875200002,0.2523744,52.50257554466944,48.46414825396069,fields/T_d10_1009.csv
T,d4,0.0630936,1000,512,0.0625,0.31964978441348674,0.1,0.25,0.14721755875200002,0.2523744,24.66014103961934,23.911245777077443,fields/T_d4_1000.csv
T,d4,0.0630936,1001,512,0.0625,0.24958883973969898,0.1,0.25,0.14721755875200002,0.2523744,18.341575901019937,17.676466177766283,fields/T_d4_1001.csv
T,d4,0.0630936,1002,512,0.0625,0.4324110582763739,0.1,0.25,0.14721755875200002,0.2523744,33.56866138999456,30.169114784600435,fields/T_d4_1002.csv
T,d4,0.0630936,1003,512,0.0625,0.6091947388201574,0.1,0.25,0.14721755875200002,0.2523744,35.13507878137084,28.618473172911273,fields/T_d4_1003.csv
T,d4,0.0630936,1004,512,0.0625,0.29214250837978173,0.1,0.25,0.14721755875200002,0.2523744,22.893986514686432,21.415715257628197,fields/T_d4_1004.csv
T,d4,0.0630936,1005,512,0.0625,0.524750683688942,0.1,0.25,0.14721755875200002,0.2523744,28.719562935481306,26.625017807630105,fields/T_d4_1005.csv
T,d4,0.0630936,1006,512,0.0625,0.46846410872913136,0.1,0.25,0.14721755875200002,0.2523744,25.463191585391318,23.327002533247793,fields/T_d4_1006.csv
T,d4,0.0630936,1007,512,0.0625,0.41485356576574234,0.1,0.25,0.14721755875200002,0.2523744,25.10899681293776,24.6716427734287,fields/T_d4_1007.csv
T,d4,0.0630936,1008,512,0.0625,0.43748202641300277,0.1,0.25,0.14721755875200002,0.2523744,30.99889097335211,27.91110649570288,fields/T_d4_1008.csv
T,d4,0.0630936,1009,512,0.0625,0.5914589309748985,0.1,0.25,0.14721755875200002,0.2523744,27.896413053900506,26.850590555581416,fields/T_d4_1009.csv
U,d10,0.02523744,1000,512,0.0625,0.3028112201202305,0.0,0.0,0.14721755875200002,0.2523744,52.34039662642463,50.48098413359101,fields/U_d10_1000.csv
U,d10,0.02523744,1001,512,0.0625,0.26532434858589266,0.0,0.0,0.14721755875200002,0.2523744,49.638879874783,49.34377917015543,fields/U_d10_1001.csv
U,d10,0.02523744,1002,512,0.0625,0.28983636522784983,0.0,0.0,0.14721755875200002,0.2523744,61.14894513478652,59.50466029080573,fields/U_d10_1002.csv
U,d10,0.02523744,1003,512,0.0625,0.23326593168662396,0.0,0.0,0.14721755875200002,0.2523744,50.445888073446696,41.31880039221102,fields/U_d10_1003.csv
U,d10,0.02523744,1004,512,0.0625,0.2866698827925911,0.0,0.0,0.14721755875200002,0.2523744,52.58816929770379,50.544206788837805,fields/U_d10_1004.csv
U,d10,0.02523744,1005,512,0.0625,0.32215566445570887,0.0,0.0,0.14721755875200002,0.2523744,55.59049256939397,49.50461570408092,fields/U_d10_1005.csv
U,d10,0.02523744,1006,512,0.0625,0.27088108957895946,0.0,0.0,0.14721755875200002,0.2523744,43.98937187751397,43.14304310254076,fields/U_d10_1006.csv
U,d10,0.02523744,1007,512,0.0625,0.29778633646697705,0.0,0.0,0.14721755875200002,0.2523744,52.44974509970994,47.34100389731423,fields/U_d10_1007.csv
U,d10,0.02523744,1008,512,0.0625,0.303767835733657,0.0,0.0,0.14721755875200002,0.2523744,61.23131587998118,48.92891694968336,fields/U_d10_1008.csv
U,d10,0.02523744,1009,512,0.0625,0.2988673303209168,0.0,0.0,0.14721755875200002,0.2523744,52.50257554466944,48.46414825396069,fields/U_d10_1009.csv
U,d4,0.0630936,1000,512,0.0625,0.31964978441348674,0.0,0.0,0.14721755875200002,0.2523744,21.386766540678266,20.862855607362075,fields/U_d4_1000.csv
U,d4,0.0630936,1001,512,0.0625,0.24958883973969898,0.0,0.0,0.14721755875200002,0.2523744,18.34326264349867,17.7216934207923,fields/U_d4_1001.csv
U,d4,0.0630936,1002,512,0.0625,0.4324110582763739,0.0,0.0,0.14721755875200002,0.2523744,33.56866138999456,30.169114784600435,fields/U_d4_1002.csv
U,d4,0.0630936,1003,512,0.0625,0.6091947388201574,0.0,0.0,0.14721755875200002,0.2523744,35.13507878137084,30.286836848773966,fields/U_d4_1003.csv
U,d4,0.0630936,1004,512,0.0625,0.29214250837978173,0.0,0.0,0.14721755875200002,0.2523744,21.436846139504244,21.415715257628197,fields/U_d4_1004.csv
U,d4,0.0630936,1005,512,0.0625,0.524750683688942,0.0,0.0,0.14721755875200002,0.2523744,28.719562935481306,22.66185921855678,fields/U_d4_1005.csv
U,d4,0.0630936,1006,512,0.0625,0.3425831124968195,0.0,0.0,0.14721755875200002,0.2523744,19.37923989828828,17.05880340489845,fields/U_d4_1006.csv
U,d4,0.0630936,1007,512,0.0625,0.4127121392449895,0.0,0.0,0.14721755875200002,0.2523744,24.97938705151393,24.544290583390175,fields/U_d4_1007.csv
U,d4,0.0630936,1008,512,0.0625,0.3769942077980477,0.0,0.0,0.14721755875200002,0.2523744,23.921776463796554,23.61996197248114,fields/U_d4_1008.csv
U,d4,0.0630936,1009,512,0.0625,0.5914589309748985,0.0,0.0,0.14721755875200002,0.2523744,27.896413053900506,26.850590555581416,fields/U_d4_1009.csv
U,d4,0.0630936,5000,512,0.0625,0.41137689957587326,0.0,0.0,0.14721755875200002,0.2523744,27.140377545136317,25.296402671772853,fields/U_d4_5000.csv
U,d4,0.0630936,5001,512,0.0625,0.2992155170650242,0.0,0.0,0.14721755875200002,0.2523744,18.091657031370133,16.698711516518426,fields/U_d4_5001.csv
U,d4,0.0630936,5002,512,0.0625,0.3932740292785216,0.0,0.0,0.14721755875200002,0.2523744,23.215954604078416,21.58418754346095,fields/U_d4_5002.csv
U,d4,0.0630936,5003,512,0.0625,0.4523444388781086,0.0,0.0,0.14721755875200002,0.2523744,28.22451803837882,22.235222775533153,fields/U_d4_5003.csv
U,d4,0.0630936,5004,512,0.0625,0.5106037845733368,0.0,0.0,0.14721755875200002,0.2523744,24.75409892412952,22.180732577366584,fields/U_d4_5004.csv
U,d4,0.0630936,5005,512,0.0625,0.324614762132472,0.0,0.0,0.14721755875200002,0.2523744,20.38751772467798,20.25125184738142,fields/U_d4_5005.csv
U,d4,0.0630936,5006,512,0.0625,0.3045575621712167,0.0,0.0,0.14721755875200002,0.2523744,17.236559979963992,15.856188115050461,fields/U_d4_5006.csv
U,d4,0.0630936,5007,512,0.0625,0.30963052416196735,0.0,0.0,0.14721755875200002,0.2523744,17.187457159564484,17.184197757605602,fields/U_d4_5007.csv
U,d4,0.0630936,5008,512,0.0625,0.4469865868929726,0.0,0.0,0.14721755875200002,0.2523744,24.137841448988944,23.33533877765476,fields/U_d4_5008.csv
U,d4,0.0630936,5009,512,0.0625,0.28912136513806624,0.0,0.0,0.14721755875200002,0.2523744,24.75018542011766,22.668067066636787,fields/U_d4_5009.csv
U,d4,0.0630936,5010,512,0.0625,0.4615513262772616,0.0,0.0,0.14721755875200002,0.2523744,34.85932643401825,28.728424924759217,fields/U_d4_5010.csv
U,d4,0.0630936,5011,512,0.0625,0.4587286100931025,0.0,0.0,0.14721755875200002,0.2523744,33.21214980565008,33.20006106320333,fields/U_d4_5011.csv
U,d4,0.0630936,5012,512,0.0625,0.36287953765172426,0.0,0.0,0.14721755875200002,0.2523744,21.02551583326253,18.984754038318755,fields/U_d4_5012.csv
U,d4,0.0630936,5013,512,0.0625,0.3438165673391907,0.0,0.0,0.14721755875200002,0.2523744,21.766623032604166,20.787936926127166,fields/U_d4_5013.csv
U,d4,0.0630936,5014,512,0.0625,0.3634155985143926,0.0,0.0,0.14721755875200002,0.2523744,23.874582803221468,18.215746324940685,fields/U_d4_5014.csv
U,d4,0.0630936,5015,512,0.0625,0.3413212286704402,0.0,0.0,0.14721755875200002,0.2523744,20.90387086238653,20.89514287419633,fields/U_d4_5015.csv
U,d4,0.0630936,5016,512,0.0625,0.3622585798366809,0.0,0.0,0.14721755875200002,0.2523744,20.898356529595524,18.65929898316613,fields/U_d4_5016.csv
U,d4,0.0630936,5017,512,0.0625,0.36426351567061116,0.0,0.0,0.14721755875200002,0.2523744,25.194119373802394,25.19336905089727,fields/U_d4_5017.csv
U,d4,0.0630936,5018,512,0.0625,0.2613720799311726,0.0,0.0,0.14721755875200002,0.2523744,15.885252411836541,14.646165851260088,fields/U_d4_5018.csv
U,d4,0.0630936,5019,512,0.0625,0.4100970483239885,0.0,0.0,0.14721755875200002,0.2523744,21.97829255099549,20.2712780412981,fields/U_d4_5019.csv
U,d4,0.0630936,5020,512,0.0625,0.2763176174285302,0.0,0.0,0.14721755875200002,0.2523744,18.87817860360003,16.214240623923132,fields/U_d4_5020.csv
U,d4,0.0630936,5021,512,0.0625,0.39789172478260904,0.0,0.0,0.14721755875200002,0.2523744,28.56469316618362,24.42619473083886,fields/U_d4_5021.csv
U,d4,0.0630936,5022,512,0.0625,0.4688103135156899,0.0,0.0,0.14721755875200002,0.2523744,30.387781690216524,28.56241579171517,fields/U_d4_5022.csv
U,d4,0.0630936,5023,512,0.0625,0.33818713145235424,0.0,0.0,0.14721755875200002,0.2523744,18.37570735276279,17.733607919528925,fields/U_d4_5023.csv
U,d4,0.0630936,5024,512,0.0625,0.29027970487832583,0.0,0.0,0.14721755875200002,0.2523744,20.362049532227694,19.99150403840818,fields/U_d4_5024.csv
U,d4,0.0630936,5025,512,0.0625,0.37479705521709206,0.0,0.0,0.14721755875200002,0.2523744,22.76964130746508,22.178552962208478,fields/U_d4_5025.csv
U,d4,0.0630936,5026,512,0.0625,0.2717585310504334,0.0,0.0,0.14721755875200002,0.2523744,18.20645696196662,18.20276460244123,fields/U_d4_5026.csv
U,d4,0.0630936,5027,512,0.0625,0.3245871006429854,0.0,0.0,0.14721755875200002,0.2523744,21.637508507091948,20.764510961326025,fields/U_d4_5027.csv
U,d4,0.0630936,5028,512,0.0625,0.34467951831625804,0.0,0.0,0.14721755875200002,0.2523744,22.716412208794374,22.560426626419595,fields/U_d4_5028.csv
U,d4,0.0630936,5029,512,0.0625,0.3605422532260573,0.0,0.0,0.14721755875200002,0.2523744,21.196940822941738,20.267006027833236,fields/U_d4_5029.csv
U,d4,0.0630936,5030,512,0.0625,0.43888286930255405,0.0,0.0,0.14721755875200002,0.2523744,27.04430422683585,22.611782166090382,fields/U_d4_5030.csv
U,d4,0.0630936,5031,512,0.0625,0.590987205806102,0.0,0.0,0.14721755875200002,0.2523744,35.19315148142963,32.25988293975579,fields/U_d4_5031.csv
U,d4,0.0630936,5032,512,0.0625,0.3432326828789562,0.0,0.0,0.14721755875200002,0.2523744,20.31236273368616,18.025721351754566,fields/U_d4_5032.csv
U,d4,0.0630936,5033,512,0.0625,0.4639847018006416,0.0,0.0,0.14721755875200002,0.2523744,22.2434001461246,20.833823714407337,fields/U_d4_5033.csv
U,d4,0.0630936,5034,512,0.0625,0.3894131535681919,0.0,0.0,0.14721755875200002,0.2523744,28.37870750417544,27.9759407037972,fields/U_d4_5034.csv
U,d4,0.0630936,5035,512,0.0625,0.29086980292467307,0.0,0.0,0.14721755875200002,0.2523744,19.193101571510425,18.521236710955638,fields/U_d4_5035.csv
U,d4,0.0630936,5036,512,0.0625,0.28774924303779137,0.0,0.0,0.14721755875200002,0.2523744,20.101004410191404,20.021034863715478,fields/U_d4_5036.csv
U,d4,0.0630936,5037,512,0.0625,0.4864975330999131,0.0,0.0,0.14721755875200002,0.2523744,28.424313071954973,22.573435835880495,fields/U_d4_5037.csv
U,d4,0.0630936,5038,512,0.0625,0.3775596465386593,0.0,0.0,0.14721755875200002,0.2523744,22.21918320365942,21.149998242259887,fields/U_d4_5038.csv
U,d4,0.0630936,5039,512,0.0625,0.47428869901663634,0.0,0.0,0.14721755875200002,0.2523744,23.289050895836972,20.79072110146148,fields/U_d4_5039.csv
U,d4,0.0630936,5040,512,0.0625,0.33748996988170116,0.0,0.0,0.14721755875200002,0.2523744,21.726663738742673,18.795996226947185,fields/U_d4_5040.csv
U,d4,0.0630936,5041,512,0.0625,0.42838083373130265,0.0,0.0,0.14721755875200002,0.2523744,23.862993752709666,22.45121203448841,fields/U_d4_5041.csv
U,d4,0.0630936,5042,512,0.0625,0.33934748901116024,0.0,0.0,0.14721755875200002,0.2523744,18.376635310165433,17.875864146999255,fields/U_d4_5042.csv
U,d4,0.0630936,5043,512,0.0625,0.3261502447811066,0.0,0.0,0.14721755875200002,0.2523744,19.684529730081387,16.810281662636505,fields/U_d4_5043.csv
U,d4,0.0630936,5044,512,0.0625,0.4326116644145664,0.0,0.0,0.14721755875200002,0.2523744,37.4709637439072,35.69730691433386,fields/U_d4_5044.csv
U,d4,0.0630936,5045,512,0.0625,0.4193224055090758,0.0,0.0,0.14721755875200002,0.2523744,28.735288461975603,25.302664828002694,fields/U_d4_5045.csv
U,d4,0.0630936,5046,512,0.0625,0.4555961765297294,0.0,0.0,0.14721755875200002,0.2523744,29.587854407309887,26.800646767971813,fields/U_d4_5046.csv
U,d4,0.0630936,5047,512,0.0625,0.37514258993139865,0.0,0.0,0.14721755875200002,0.2523744,18.62062368108652,18.339510774690257,fields/U_d4_5047.csv
U,d4,0.0630936,5048,512,0.0625,0.31348750492168637,0.0,0.0,0.14721755875200002,0.2523744,20.461551142328005,17.381678448456466,fields/U_d4_5048.csv
U,d4,0.0630936,5049,512,0.0625,0.3358252126857019,0.0,0.0,0.14721755875200002,0.2523744,27.092981399922166,24.076552023261023,fields/U_d4_5049.csv
U,d4,0.0630936,5050,512,0.0625,0.2957515368530117,0.0,0.0,0.14721755875200002,0.2523744,21.852202551265545,21.534338976419303,fields/U_d4_5050.csv
U,d4,0.0630936,5051,512,0.0625,0.42357934562505917,0.0,0.0,0.14721755875200002,0.2523744,27.465764210529162,24.228149637734997,fields/U_d4_5051.csv
U,d4,0.0630936,5052,512,0.0625,0.3704801367202944,0.0,0.0,0.14721755875200002,0.2523744,24.59572307686134,23.186473011094414,fields/U_d4_5052.csv
U,d4,0.0630936,5053,512,0.0625,0.3108466662023532,0.0,0.0,0.14721755875200002,0.2523744,21.061168078905595,21.048848716023198,fields/U_d4_5053.csv
U,d4,0.0630936,5054,512,0.0625,0.547001752275271,0.0,0.0,0.14721755875200002,0.2523744,30.483077532228123,27.983032043177204,fields/U_d4_5054.csv
U,d4,0.0630936,5055,512,0.0625,0.2695017911561094,0.0,0.0,0.14721755875200002,0.2523744,21.008189314217162,20.99838192645652,fields/U_d4_5055.csv
U,d4,0.0630936,5056,512,0.0625,0.24664468514172333,0.0,0.0,0.14721755875200002,0.2523744,18.54435280161853,18.538013623404026,fields/U_d4_5056.csv
U,d4,0.0630936,5057,512,0.0625,0.35203109955791234,0.0,0.0,0.14721755875200002,0.2523744,18.67945651485022,17.71969352863703,fields/U_d4_5057.csv
U,d4,0.0630936,5058,512,0.0625,0.3705130081442766,0.0,0.0,0.14721755875200002,0.2523744,21.87262929245881,18.728348789189162,fields/U_d4_5058.csv
U,d4,0.0630936,5059,512,0.0625,0.27722748034362477,0.0,0.0,0.14721755875200002,0.2523744,18.622881332538828,18.42021053101351,fields/U_d4_5059.csv
U,d4,0.0630936,5060,512,0.0625,0.5333784025472821,0.0,0.0,0.14721755875200002,0.2523744,32.84313101802922,31.142996759586254,fields/U_d4_5060.csv
U,d4,0.0630936,5061,512,0.0625,0.4318729156486286,0.0,0.0,0.14721755875200002,0.2523744,26.46089451619603,23.339260888224857,fields/U_d4_5061.csv
U,d4,0.0630936,5062,512,0.0625,0.4313463074589591,0.0,0.0,0.14721755875200002,0.2523744,27.823993325359133,27.061701992699025,fields/U_d4_5062.csv
U,d4,0.0630936,5063,512,0.0625,0.48824314026034515,0.0,0.0,0.14721755875200002,0.2523744,30.42143779823262,30.420300133908004,fields/U_d4_5063.csv
U,d4,0.0630936,5064,512,0.0625,0.39101993381405165,0.0,0.0,0.14721755875200002,0.2523744,27.032138804024147,26.027372081037708,fields/U_d4_5064.csv
U,d4,0.0630936,5065,512,0.0625,0.2945399894639242,0.0,0.0,0.14721755875200002,0.2523744,18.101240159529787,16.503966361855667,fields/U_d4_5065.csv
U,d4,0.0630936,5066,512,0.0625,0.3795205673206159,0.0,0.0,0.14721755875200002,0.2523744,23.857495737655533,23.15818788867921,fields/U_d4_5066.csv
U,d4,0.0630936,5067,512,0.0625,0.36417680768670013,0.0,0.0,0.14721755875200002,0.2523744,25.719147167940587,25.70878691976941,fields/U_d4_5067.csv
U,d4,0.0630936,5068,512,0.0625,0.4457500977537784,0.0,0.0,0.14721755875200002,0.2523744,32.97472354361616,27.654506962851634,fields/U_d4_5068.csv
U,d4,0.0630936,5069,512,0.0625,0.2764994677241179,0.0,0.0,0.14721755875200002,0.2523744,17.22846813971455,15.679976536241005,fields/U_d4_5069.csv
U,d4,0.0630936,5070,512,0.0625,0.33198911434836414,0.0,0.0,0.14721755875200002,0.2523744,19.888269786441438,18.26330177719697,fields/U_d4_5070.csv
U,d4,0.0630936,5071,512,0.0625,0.40002944106797045,0.0,0.0,0.14721755875200002,0.2523744,25.395455902508775,25.330897157521452,fields/U_d4_5071.csv
U,d4,0.0630936,5072,512,0.0625,0.3657008821474694,0.0,0.0,0.14721755875200002,0.2523744,28.399314527570688,26.373914608437573,fields/U_d4_5072.csv
U,d4,0.0630936,5073,512,0.0625,0.4541504151420274,0.0,0.0,0.14721755875200002,0.2523744,25.931240739405535,25.24692992478213,fields/U_d4_5073.csv
U,d4,0.0630936,5074,512,0.0625,0.46685232108317337,0.0,0.0,0.14721755875200002,0.2523744,25.503367450897677,22.376949420354187,fields/U_d4_5074.csv
U,d4,0.0630936,5075,512,0.0625,0.34718733696126913,0.0,0.0,0.14721755875200002,0.2523744,18.96386870693261,18.789560317618125,fields/U_d4_5075.csv
U,d4,0.0630936,5076,512,0.0625,0.4766647477422127,0.0,0.0,0.14721755875200002,0.2523744,25.406881402939273,23.673211222992535,fields/U_d4_5076.csv
U,d4,0.0630936,5077,512,0.0625,0.3646548932549395,0.0,0.0,0.14721755875200002,0.2523744,25.81746251020573,22.268632490687047,fields/U_d4_5077.csv
U,d4,0.0630936,5078,512,0.0625,0.3499753210179874,0.0,0.0,0.14721755875200002,0.2523744,25.760530898042315,25.72351330142495,fields/U_d4_5078.csv
U,d4,0.0630936,5079,512,0.0625,0.4667575553690285,0.0,0.0,0.14721755875200002,0.2523744,30.44054359994065,28.138010072536282,fields/U_d4_5079.csv
U,d4,0.0630936,5080,512,0.0625,0.3937950540548502,0.0,0.0,0.14721755875200002,0.2523744,19.156849760699412,17.009460736938507,fields/U_d4_5080.csv
U,d4,0.0630936,5081,512,0.0625,0.3610042215377351,0.0,0.0,0.14721755875200002,0.2523744,26.54743009600047,19.698424766605292,fields/U_d4_5081.csv
U,d4,0.0630936,5082,512,0.0625,0.3795164953478603,0.0,0.0,0.14721755875200002,0.2523744,23.88933746296012,20.083079738042887,fields/U_d4_5082.csv
U,d4,0.0630936,5083,512,0.0625,0.4645660031089617,0.0,0.0,0.14721755875200002,0.2523744,29.050181468008315,26.398737878717668,fields/U_d4_5083.csv
U,d4,0.0630936,5084,512,0.0625,0.42662013461420445,0.0,0.0,0.14721755875200002,0.2523744,25.917154348191662,22.211957379524996,fields/U_d4_5084.csv
U,d4,0.0630936,5085,512,0.0625,0.3890102386727828,0.0,0.0,0.14721755875200002,0.2523744,20.693885417555187,17.061095926644445,fields/U_d4_5085.csv
U,d4,0.0630936,5086,512,0.0625,0.5128518315476779,0.0,0.0,0.14721755875200002,0.2523744,27.500986722455252,26.05008008018114,fields/U_d4_5086.csv
U,d4,0.0630936,5087,512,0.0625,0.4447296827988421,0.0,0.0,0.14721755875200002,0.2523744,30.553718414228758,29.01738407450851,fields/U_d4_5087.csv
U,d4,0.0630936,5088,512,0.0625,0.30805276801779874,0.0,0.0,0.14721755875200002,0.2523744,21.730397110984175,20.631937890017284,fields/U_d4_5088.csv
U,d4,0.0630936,5089,512,0.0625,0.4001450900080134,0.0,0.0,0.14721755875200002,0.2523744,25.125717175128386,25.016082641959215,fields/U_d4_5089.csv
U,d4,0.0630936,5090,512,0.0625,0.27571862538587966,0.0,0.0,0.14721755875200002,0.2523744,17.216246032674174,14.052416248533373,fields/U_d4_5090.csv
U,d4,0.0630936,5091,512,0.0625,0.32673137408168107,0.0,0.0,0.14721755875200002,0.2523744,19.700168403215482,18.385409794410396,fields/U_d4_5091.csv
U,d4,0.0630936,5092,512,0.0625,0.3207318479923996,0.0,0.0,0.14721755875200002,0.2523744,24.23853456878506,24.170104321100546,fields/U_d4_5092.csv
U,d4,0.0630936,5093,512,0.0625,0.40182733634243556,0.0,0.0,0.14721755875200002,0.2523744,28.318113523548224,25.50778066242701,fields/U_d4_5093.csv
U,d4,0.0630936,5094,512,0.0625,0.3469575827939461,0.0,0.0,0.14721755875200002,0.2523744,24.38474260809765,23.134730298696528,fields/U_d4_5094.csv
U,d4,0.0630936,5095,512,0.0625,0.4311057828587622,0.0,0.0,0.14721755875200002,0.2523744,23.892403089159036,23.51776689884572,fields/U_d4_5095.csv
U,d4,0.0630936,5096,512,0.0625,0.4615318609570588,0.0,0.0,0.14721755875200002,0.2523744,30.421821382406495,28.28701392187166,fields/U_d4_5096.csv
U,d4,0.0630936,5097,512,0.0625,0.3436767685985926,0.0,0.0,0.14721755875200002,0.2523744,21.827360194725713,19.261879473463686,fields/U_d4_5097.csv
U,d4,0.0630936,5098,512,0.0625,0.37163437317679965,0.0,0.0,0.14721755875200002,0.2523744,23.209696643937885,21.37150775753101,fields/U_d4_5098.csv
U,d4,0.0630936,5099,512,0.0625,0.36620822761594235,0.0,0.0,0.14721755875200002,0.2523744,22.105509670109086,19.645644802043666,fields/U_d4_5099.csv
