iteration,resnorm
1,2.29099683e+01
2,1.36204572e+01
3,8.92876149e+00
4,6.18178385e+00
5,4.46440034e+00
6,3.34446514e+00
7,2.63270644e+00
8,2.11527415e+00
9,1.74771721e+00
10,1.46744083e+00
11,1.25817148e+00
12,1.10903167e+00
13,1.00360850e+00
14,9.34066933e-01
15,8.80407913e-01
16,8.43235787e-01
17,8.17023130e-01
18,7.97563069e-01
19,7.85167833e-01
20,7.77714968e-01
21,7.74883112e-01
22,7.73749434e-01
23,7.72925419e-01
24,7.71796149e-01
25,7.69108437e-01
26,7.66351422e-01
27,7.62210634e-01
28,7.57046679e-01
29,7.50884440e-01
30,7.43826846e-01
31,7.36552946e-01
32,7.28321676e-01
33,7.21120156e-01
34,7.14263909e-01
35,7.06148750e-01
36,6.96085027e-01
37,6.86088823e-01
38,6.78343587e-01
39,6.72039426e-01
40,6.66016422e-01
41,6.61465516e-01
42,6.57827514e-01
43,6.54148183e-01
44,6.50237122e-01
45,6.46881163e-01
46,6.44492221e-01
47,6.41895843e-01
48,6.39039115e-01
49,6.36461765e-01
50,6.34944987e-01
51,6.34089734e-01
52,6.33414360e-01
53,6.33091525e-01
54,6.32945795e-01
55,6.32586871e-01
56,6.32538298e-01
57,6.32431663e-01
58,6.32414340e-01
59,6.32255141e-01
60,6.32125891e-01
61,6.31858619e-01
62,6.31578403e-01
63,6.30920046e-01
64,6.30368234e-01
65,6.29812385e-01
66,6.28416082e-01
67,6.27037615e-01
68,6.25544076e-01
69,6.23446360e-01
70,6.21333850e-01
71,6.19194462e-01
72,6.17142538e-01
73,6.15883247e-01
74,6.14392123e-01
75,6.13247031e-01
76,6.11748383e-01
77,6.10496341e-01
78,6.09955986e-01
79,6.09753464e-01
80,6.09598543e-01
81,6.09533109e-01
82,6.09425947e-01
83,6.09261171e-01
84,6.09015930e-01
85,6.08828871e-01
86,6.08532928e-01
87,6.08046015e-01
88,6.06968545e-01
89,6.05126507e-01
90,6.02987924e-01
91,6.00474146e-01
92,5.98657886e-01
93,5.97222508e-01
94,5.96197406e-01
95,5.95346046e-01
96,5.95010250e-01
97,5.94798823e-01
98,5.94773504e-01
99,5.94737741e-01
100,5.94667489e-01
101,5.94371774e-01
102,5.94025942e-01
103,5.93430661e-01
104,5.92837939e-01
105,5.92020588e-01
106,5.90702702e-01
107,5.88225698e-01
108,5.86079800e-01
109,5.84326566e-01
110,5.82590850e-01
111,5.81231565e-01
112,5.80342944e-01
113,5.79481196e-01
114,5.78420173e-01
115,5.77253894e-01
116,5.76785389e-01
117,5.76635520e-01
118,5.76489558e-01
119,5.76284679e-01
120,5.76118346e-01
121,5.76005563e-01
122,5.75981609e-01
123,5.75895244e-01
124,5.75490585e-01
125,5.75194018e-01
126,5.74963535e-01
127,5.74463445e-01
128,5.73724139e-01
129,5.72786412e-01
130,5.71929321e-01
131,5.70683848e-01
132,5.69266349e-01
133,5.68045229e-01
134,5.66974623e-01
135,5.65739186e-01
136,5.64319140e-01
137,5.63048470e-01
138,5.61942342e-01
139,5.60526817e-01
140,5.59238168e-01
141,5.58279076e-01
142,5.57356177e-01
143,5.56661448e-01
144,5.56052834e-01
145,5.55399608e-01
146,5.53968821e-01
147,5.53213836e-01
148,5.52766743e-01
149,5.52137454e-01
150,5.51243361e-01
151,5.50465998e-01
152,5.49912397e-01
153,5.49060746e-01
154,5.48072340e-01
155,5.47027109e-01
156,5.45497025e-01
157,5.43754209e-01
158,5.42341400e-01
159,5.41143825e-01
160,5.40388618e-01
161,5.39717178e-01
162,5.38672722e-01
163,5.37743327e-01
164,5.37141229e-01
165,5.37022758e-01
166,5.36969324e-01
167,5.36951469e-01
168,5.36911703e-01
169,5.36787623e-01
170,5.36479191e-01
171,5.36365629e-01
172,5.35995846e-01
173,5.35329493e-01
174,5.34278077e-01
175,5.33051498e-01
176,5.31596450e-01
177,5.29924201e-01
178,5.27591189e-01
179,5.24996867e-01
180,5.22253519e-01
181,5.20260148e-01
182,5.17290805e-01
183,5.13523601e-01
184,5.09683470e-01
185,5.05940977e-01
186,5.03017292e-01
187,5.00571048e-01
188,4.99069948e-01
189,4.97479644e-01
190,4.95914236e-01
191,4.93792573e-01
192,4.91880385e-01
193,4.90687763e-01
194,4.90261844e-01
195,4.90228606e-01
196,4.90188242e-01
197,4.89828791e-01
198,4.89111002e-01
199,4.88076464e-01
200,4.85738304e-01
201,4.81453581e-01
202,4.75457102e-01
203,4.67801844e-01
204,4.56512321e-01
205,4.42270351e-01
206,4.26505795e-01
207,4.11030665e-01
208,3.96684494e-01
209,3.84693005e-01
210,3.76841746e-01
211,3.70729536e-01
212,3.66275134e-01
213,3.63530681e-01
214,3.61648055e-01
215,3.60298927e-01
216,3.59731003e-01
217,3.59593126e-01
218,3.59550409e-01
219,3.59460419e-01
220,3.58743850e-01
221,3.56138768e-01
222,3.51899243e-01
223,3.46765059e-01
224,3.40265062e-01
225,3.32777515e-01
226,3.25254140e-01
227,3.17491749e-01
228,3.08682936e-01
229,2.99081297e-01
230,2.88514416e-01
231,2.79406453e-01
232,2.72282877e-01
233,2.67159208e-01
234,2.64426988e-01
235,2.63113582e-01
236,2.62285993e-01
237,2.62039485e-01
238,2.62033578e-01
239,2.61752056e-01
240,2.61295974e-01
241,2.60627219e-01
242,2.59099187e-01
243,2.56826009e-01
244,2.53430443e-01
245,2.49541490e-01
246,2.45247872e-01
247,2.40780894e-01
248,2.35857640e-01
249,2.31597114e-01
250,2.28055667e-01
251,2.24934247e-01
252,2.22149780e-01
253,2.19571854e-01
254,2.17755344e-01
255,2.16419597e-01
256,2.15744802e-01
257,2.15487542e-01
258,2.15328389e-01
259,2.15283119e-01
260,2.15238728e-01
261,2.15011286e-01
262,2.14437122e-01
263,2.13670410e-01
264,2.12835612e-01
265,2.11983556e-01
266,2.11261688e-01
267,2.10160315e-01
268,2.08595300e-01
269,2.06331485e-01
270,2.04121406e-01
271,2.02640040e-01
272,2.01634262e-01
273,2.00904795e-01
274,2.00248835e-01
275,1.99778512e-01
276,1.99428379e-01
277,1.99188738e-01
278,1.99039141e-01
279,1.98906517e-01
280,1.98837695e-01
281,1.98783582e-01
282,1.98739694e-01
283,1.98653275e-01
284,1.98410331e-01
285,1.98313312e-01
286,1.98230892e-01
287,1.98134193e-01
288,1.98090905e-01
289,1.98051488e-01
290,1.97957192e-01
291,1.97878140e-01
292,1.97848108e-01
293,1.97738263e-01
294,1.97580415e-01
295,1.97373900e-01
296,1.97270484e-01
297,1.97179267e-01
298,1.97059464e-01
299,1.96935743e-01
300,1.96768664e-01
301,1.96494126e-01
302,1.96150226e-01
303,1.95586636e-01
304,1.94650117e-01
305,1.93671380e-01
306,1.92350477e-01
307,1.90854265e-01
308,1.89448652e-01
309,1.88318581e-01
310,1.87428444e-01
311,1.86837515e-01
312,1.86285877e-01
313,1.85912527e-01
314,1.85692561e-01
315,1.85623789e-01
316,1.85549422e-01
317,1.85343110e-01
318,1.85114086e-01
319,1.84820784e-01
320,1.84318649e-01
321,1.83413944e-01
322,1.81972981e-01
323,1.79902444e-01
324,1.77665993e-01
325,1.75636447e-01
326,1.73827326e-01
327,1.72326366e-01
328,1.71157528e-01
329,1.70179649e-01
330,1.69554421e-01
331,1.69115449e-01
332,1.68926670e-01
333,1.68862595e-01
334,1.68859406e-01
335,1.68840596e-01
336,1.68708557e-01
337,1.68292264e-01
338,1.67542954e-01
339,1.66590635e-01
340,1.65372636e-01
341,1.63952149e-01
342,1.62657137e-01
343,1.61406732e-01
344,1.60541726e-01
345,1.59944383e-01
346,1.59498370e-01
347,1.59258707e-01
348,1.59059432e-01
349,1.58931733e-01
350,1.58915730e-01
351,1.58891297e-01
352,1.58840900e-01
353,1.58738365e-01
354,1.58503581e-01
355,1.58173411e-01
356,1.57568198e-01
357,1.56891731e-01
358,1.56219436e-01
359,1.55201731e-01
360,1.54173756e-01
361,1.53326457e-01
362,1.52502616e-01
363,1.51843505e-01
364,1.51321526e-01
365,1.50951337e-01
366,1.50792405e-01
367,1.50711540e-01
368,1.50688420e-01
369,1.50659162e-01
370,1.50629357e-01
371,1.50539065e-01
372,1.50317459e-01
373,1.50086001e-01
374,1.49835077e-01
375,1.49448166e-01
376,1.48892544e-01
377,1.48252306e-01
378,1.47697182e-01
379,1.47237022e-01
380,1.46789680e-01
381,1.46468445e-01
382,1.46311631e-01
383,1.46199649e-01
384,1.46128513e-01
385,1.46044382e-01
386,1.45994417e-01
387,1.45973431e-01
388,1.45971598e-01
389,1.45970662e-01
390,1.45941777e-01
391,1.45918533e-01
392,1.45831458e-01
393,1.45676973e-01
394,1.45577576e-01
395,1.45331439e-01
396,1.45009189e-01
397,1.44657832e-01
398,1.44231213e-01
399,1.43893114e-01
400,1.43592287e-01
401,1.43452614e-01
402,1.43351017e-01
403,1.43247743e-01
404,1.43155085e-01
405,1.43066919e-01
406,1.42909020e-01
407,1.42768169e-01
408,1.42715780e-01
409,1.42551418e-01
410,1.42199832e-01
411,1.41840119e-01
412,1.41385016e-01
413,1.40946301e-01
414,1.40579831e-01
415,1.40348761e-01
416,1.40232445e-01
417,1.40155861e-01
418,1.40134546e-01
419,1.40128745e-01
420,1.40124183e-01
421,1.40113708e-01
422,1.40107393e-01
423,1.40085660e-01
424,1.40022344e-01
425,1.39804009e-01
426,1.39393568e-01
427,1.38898008e-01
428,1.38347515e-01
429,1.37766883e-01
430,1.37093915e-01
431,1.36336101e-01
432,1.35836490e-01
433,1.35486226e-01
434,1.35248015e-01
435,1.35043310e-01
436,1.34896139e-01
437,1.34798731e-01
438,1.34755771e-01
439,1.34723932e-01
440,1.34650456e-01
441,1.34471632e-01
442,1.34083647e-01
443,1.33560637e-01
444,1.33006210e-01
445,1.32281436e-01
446,1.31165082e-01
447,1.29925844e-01
448,1.28633381e-01
449,1.27691983e-01
450,1.27046392e-01
451,1.26659690e-01
452,1.26398581e-01
453,1.26278626e-01
454,1.26256027e-01
455,1.26211981e-01
456,1.26194273e-01
457,1.26174110e-01
458,1.26074989e-01
459,1.25996370e-01
460,1.25787801e-01
461,1.25350459e-01
462,1.24618304e-01
463,1.23475603e-01
464,1.22228924e-01
465,1.21262883e-01
466,1.20383209e-01
467,1.19646851e-01
468,1.18974917e-01
469,1.18545336e-01
470,1.18293723e-01
471,1.18143555e-01
472,1.18039596e-01
473,1.18020797e-01
474,1.18018604e-01
475,1.18007366e-01
476,1.17974848e-01
477,1.17934808e-01
478,1.17871357e-01
479,1.17705342e-01
480,1.17433747e-01
481,1.17195531e-01
482,1.16866643e-01
483,1.16533178e-01
484,1.16264101e-01
485,1.16004330e-01
486,1.15883013e-01
487,1.15775142e-01
488,1.15737187e-01
489,1.15678379e-01
490,1.15642693e-01
491,1.15615759e-01
492,1.15600600e-01
493,1.15569274e-01
494,1.15543245e-01
495,1.15511392e-01
496,1.15506173e-01
497,1.15476723e-01
498,1.15469515e-01
499,1.15463681e-01
500,1.15453289e-01
501,1.15447449e-01
502,1.15440006e-01
503,1.15430072e-01
504,1.15398770e-01
505,1.15319286e-01
506,1.15248615e-01
507,1.15148392e-01
508,1.15067742e-01
509,1.14969370e-01
510,1.14819044e-01
511,1.14656253e-01
512,1.14495770e-01
513,1.14346850e-01
514,1.14225272e-01
515,1.14141861e-01
516,1.14111739e-01
517,1.14076593e-01
518,1.14015494e-01
519,1.13984887e-01
520,1.13967286e-01
521,1.13951286e-01
522,1.13941342e-01
523,1.13892835e-01
524,1.13794243e-01
525,1.13572851e-01
526,1.13105147e-01
527,1.12361961e-01
528,1.11039065e-01
529,1.09305234e-01
530,1.07488911e-01
531,1.05995971e-01
532,1.04972205e-01
533,1.04316758e-01
534,1.04030699e-01
535,1.03904938e-01
536,1.03787998e-01
537,1.03697025e-01
538,1.03665044e-01
539,1.03648259e-01
540,1.03509436e-01
541,1.03090505e-01
542,1.02235955e-01
543,1.00664497e-01
544,9.86431128e-02
545,9.60166230e-02
546,9.31784588e-02
547,9.11672099e-02
548,8.99249054e-02
549,8.93626756e-02
550,8.90836018e-02
551,8.89403557e-02
552,8.88292109e-02
553,8.87270186e-02
554,8.87123564e-02
555,8.86791265e-02
556,8.85540796e-02
557,8.82518274e-02
558,8.75215278e-02
559,8.60721989e-02
560,8.43081992e-02
561,8.23183658e-02
562,8.05301623e-02
563,7.90564510e-02
564,7.81419776e-02
565,7.75388405e-02
566,7.70380832e-02
567,7.66242818e-02
568,7.63492666e-02
569,7.62309523e-02
570,7.62242401e-02
571,7.61962099e-02
572,7.61305345e-02
573,7.59384515e-02
574,7.55689769e-02
575,7.51137264e-02
576,7.46790644e-02
577,7.41135365e-02
578,7.32596064e-02
579,7.22308551e-02
580,7.10029624e-02
581,6.97826702e-02
582,6.90212724e-02
583,6.85770441e-02
584,6.83382989e-02
585,6.81859346e-02
586,6.81244405e-02
587,6.81219294e-02
588,6.80888300e-02
589,6.80561178e-02
590,6.79960737e-02
591,6.79610378e-02
592,6.79150511e-02
593,6.76328395e-02
594,6.70911227e-02
595,6.67399335e-02
596,6.64314814e-02
597,6.61752251e-02
598,6.60791254e-02
599,6.59690918e-02
600,6.59204253e-02
601,6.58954514e-02
602,6.58736949e-02
603,6.58690018e-02
604,6.58625107e-02
605,6.58586723e-02
606,6.58381656e-02
607,6.58250600e-02
608,6.58184960e-02
609,6.57786521e-02
610,6.56970800e-02
611,6.56359001e-02
612,6.55974723e-02
613,6.55662456e-02
614,6.55070980e-02
615,6.54452882e-02
616,6.53829047e-02
617,6.53297159e-02
618,6.53118247e-02
619,6.52465952e-02
620,6.51449027e-02
621,6.50653547e-02
622,6.49809329e-02
623,6.49150523e-02
624,6.47298165e-02
625,6.43316924e-02
626,6.39499714e-02
627,6.37120366e-02
628,6.35157022e-02
629,6.34722703e-02
630,6.34574301e-02
631,6.34442285e-02
632,6.34384538e-02
633,6.34344413e-02
634,6.33938984e-02
635,6.33333369e-02
636,6.32102591e-02
637,6.30154087e-02
638,6.24326251e-02
639,6.14886822e-02
640,6.03153942e-02
641,5.92960413e-02
642,5.84169135e-02
643,5.78607332e-02
644,5.73588640e-02
645,5.70235158e-02
646,5.68693428e-02
647,5.68167014e-02
648,5.68029115e-02
649,5.67955915e-02
650,5.67620353e-02
651,5.66280554e-02
652,5.62972407e-02
653,5.57750425e-02
654,5.47315710e-02
655,5.34603444e-02
656,5.21305480e-02
657,5.09171383e-02
658,5.00096985e-02
659,4.93979417e-02
660,4.91044592e-02
661,4.89597657e-02
662,4.88971410e-02
663,4.88724624e-02
664,4.88706915e-02
665,4.88548302e-02
666,4.87772398e-02
667,4.85089845e-02
668,4.80603755e-02
669,4.71516686e-02
670,4.59066427e-02
671,4.45830688e-02
672,4.35585739e-02
673,4.28471482e-02
674,4.25088691e-02
675,4.22722194e-02
676,4.21663827e-02
677,4.21111388e-02
678,4.21040425e-02
679,4.21012955e-02
680,4.20750262e-02
681,4.19811032e-02
682,4.18170763e-02
683,4.15694956e-02
684,4.11006296e-02
685,4.04535127e-02
686,3.96936143e-02
687,3.90811636e-02
688,3.86458156e-02
689,3.84128584e-02
690,3.83408585e-02
691,3.82936028e-02
692,3.82525281e-02
693,3.82427794e-02
694,3.82421164e-02
695,3.82419003e-02
696,3.82289849e-02
697,3.82026210e-02
698,3.81359409e-02
699,3.80927344e-02
700,3.80447050e-02
701,3.79521770e-02
702,3.78765439e-02
703,3.78373610e-02
704,3.78138083e-02
705,3.77941523e-02
706,3.77834268e-02
707,3.77742091e-02
708,3.77694689e-02
709,3.77684566e-02
710,3.77631096e-02
711,3.77589989e-02
712,3.77410574e-02
713,3.76944031e-02
714,3.75661041e-02
715,3.73155438e-02
716,3.70869636e-02
717,3.69473564e-02
718,3.68488016e-02
719,3.68081393e-02
720,3.67914144e-02
721,3.67856780e-02
722,3.67837400e-02
723,3.67790771e-02
724,3.67430650e-02
725,3.66275307e-02
726,3.63924846e-02
727,3.58370319e-02
728,3.50416238e-02
729,3.41351709e-02
730,3.34102500e-02
731,3.28747737e-02
732,3.26240979e-02
733,3.25017508e-02
734,3.24760602e-02
735,3.24732441e-02
736,3.24710434e-02
737,3.24708382e-02
738,3.24610580e-02
739,3.24214356e-02
740,3.23228663e-02
741,3.20936185e-02
742,3.16054310e-02
743,3.09187468e-02
744,3.00176555e-02
745,2.89248054e-02
746,2.79905622e-02
747,2.73910741e-02
748,2.69914871e-02
749,2.67905976e-02
750,2.67157790e-02
751,2.66861697e-02
752,2.66848416e-02
753,2.66826493e-02
754,2.66541740e-02
755,2.65542257e-02
756,2.62876640e-02
757,2.58151336e-02
758,2.50793082e-02
759,2.41007787e-02
760,2.31848890e-02
761,2.25332337e-02
762,2.20660065e-02
763,2.18408277e-02
764,2.17817142e-02
765,2.17434308e-02
766,2.17335898e-02
767,2.17271854e-02
768,2.17101297e-02
769,2.16595183e-02
770,2.15320750e-02
771,2.13404490e-02
772,2.10898208e-02
773,2.07167652e-02
774,2.03740284e-02
775,2.00885540e-02
776,1.98979342e-02
777,1.97234049e-02
778,1.96536584e-02
779,1.96152516e-02
780,1.95814078e-02
781,1.95774789e-02
782,1.95768867e-02
783,1.95672924e-02
784,1.95472432e-02
785,1.95053536e-02
786,1.94513947e-02
787,1.93730177e-02
788,1.92810227e-02
789,1.92262894e-02
790,1.91787471e-02
791,1.91495271e-02
792,1.91294331e-02
793,1.91193255e-02
794,1.91003468e-02
795,1.90846046e-02
796,1.90709426e-02
797,1.90677795e-02
798,1.90636543e-02
799,1.90596045e-02
800,1.90380017e-02
801,1.90127503e-02
802,1.89744063e-02
803,1.89572952e-02
804,1.89526127e-02
805,1.89509768e-02
806,1.89460507e-02
807,1.89450521e-02
808,1.89448880e-02
809,1.89364697e-02
810,1.89124363e-02
811,1.88992549e-02
812,1.88971191e-02
813,1.88962742e-02
814,1.88770316e-02
815,1.88175521e-02
816,1.87353171e-02
817,1.86249326e-02
818,1.85232497e-02
819,1.84642471e-02
820,1.84226577e-02
821,1.84078145e-02
822,1.84031229e-02
823,1.84015163e-02
824,1.83968688e-02
825,1.83875615e-02
826,1.83705350e-02
827,1.83293426e-02
828,1.82515536e-02
829,1.81462795e-02
830,1.79973395e-02
831,1.78095036e-02
832,1.76546111e-02
833,1.75396652e-02
834,1.74769475e-02
835,1.74459709e-02
836,1.74400723e-02
837,1.74399584e-02
838,1.74183686e-02
839,1.73898999e-02
840,1.73182772e-02
841,1.72293899e-02
842,1.71167297e-02
843,1.68687942e-02
844,1.66122541e-02
845,1.63988113e-02
846,1.62594862e-02
847,1.61937994e-02
848,1.61663132e-02
849,1.61619762e-02
850,1.61592178e-02
851,1.61476189e-02
852,1.61331566e-02
853,1.61191538e-02
854,1.60923553e-02
855,1.60331272e-02
856,1.58407398e-02
857,1.55424643e-02
858,1.53263646e-02
859,1.52260793e-02
860,1.51692881e-02
861,1.51328218e-02
862,1.51060318e-02
863,1.50918937e-02
864,1.50877476e-02
865,1.50873243e-02
866,1.50846264e-02
867,1.50672227e-02
868,1.50185306e-02
869,1.49242532e-02
870,1.48175393e-02
871,1.47284576e-02
872,1.46753837e-02
873,1.46289144e-02
874,1.45707923e-02
875,1.45227877e-02
876,1.44951638e-02
877,1.44868625e-02
878,1.44849897e-02
879,1.44849510e-02
880,1.44837445e-02
881,1.44816318e-02
882,1.44742873e-02
883,1.44567099e-02
884,1.44260778e-02
885,1.43826011e-02
886,1.43129497e-02
887,1.42846306e-02
888,1.42724046e-02
889,1.42565655e-02
890,1.42371582e-02
891,1.42184957e-02
892,1.42051205e-02
893,1.42016589e-02
894,1.42016387e-02
895,1.41885785e-02
896,1.41608299e-02
897,1.41203261e-02
898,1.41069088e-02
899,1.40966502e-02
900,1.40862688e-02
901,1.40849086e-02
902,1.40821771e-02
903,1.40798282e-02
904,1.40694174e-02
905,1.40538851e-02
906,1.40341597e-02
907,1.40273095e-02
908,1.40121073e-02
909,1.39694541e-02
910,1.39012673e-02
911,1.38002525e-02
912,1.37376950e-02
913,1.37151057e-02
914,1.37107947e-02
915,1.37056320e-02
916,1.37047349e-02
917,1.37035198e-02
918,1.36924063e-02
919,1.36745282e-02
920,1.36418669e-02
921,1.35796955e-02
922,1.34479506e-02
923,1.32321257e-02
924,1.30400836e-02
925,1.28901232e-02
926,1.27954576e-02
927,1.27710831e-02
928,1.27688575e-02
929,1.27661005e-02
930,1.27567851e-02
931,1.27344679e-02
932,1.26841498e-02
933,1.26064973e-02
934,1.24415293e-02
935,1.21899865e-02
936,1.19112672e-02
937,1.17365347e-02
938,1.16288948e-02
939,1.15504727e-02
940,1.15080844e-02
941,1.14858290e-02
942,1.14806947e-02
943,1.14794627e-02
944,1.14771102e-02
945,1.14408492e-02
946,1.13291623e-02
947,1.10920501e-02
948,1.08412569e-02
949,1.05474266e-02
950,1.03147154e-02
951,1.01826095e-02
952,1.01309283e-02
953,1.01056902e-02
954,1.00916972e-02
955,1.00829377e-02
956,1.00574173e-02
957,1.00332635e-02
958,1.00026539e-02
959,9.96565217e-03
960,9.92338891e-03
961,9.83781572e-03
962,9.68332434e-03
963,9.53337715e-03
964,9.42005149e-03
965,9.36646125e-03
966,9.33367926e-03
967,9.31994056e-03
968,9.31375035e-03
969,9.31116337e-03
970,9.30963315e-03
971,9.29984797e-03
972,9.28069459e-03
973,9.25058304e-03
974,9.20089215e-03
975,9.16124040e-03
976,9.14404426e-03
977,9.13263191e-03
978,9.12830647e-03
979,9.12684052e-03
980,9.11497200e-03
981,9.09230691e-03
982,9.06910665e-03
983,9.05108735e-03
984,9.04246180e-03
985,9.04016214e-03
986,9.03900176e-03
987,9.03516899e-03
988,9.02928955e-03
989,9.02425867e-03
990,9.02056259e-03
991,9.01983649e-03
992,9.01854314e-03
993,9.01802272e-03
994,9.01566048e-03
995,9.01513058e-03
996,9.01151172e-03
997,9.00717319e-03
998,8.99241033e-03
999,8.95741262e-03
1000,8.90378782e-03
1001,8.85272348e-03
1002,8.83218107e-03
1003,8.82774461e-03
1004,8.82206552e-03
1005,8.81869947e-03
1006,8.81838411e-03
1007,8.80479699e-03
1008,8.78687229e-03
1009,8.76064333e-03
1010,8.71577323e-03
1011,8.63637875e-03
1012,8.50700823e-03
1013,8.39210059e-03
1014,8.31203585e-03
1015,8.26506182e-03
1016,8.24950723e-03
1017,8.23949152e-03
1018,8.23582010e-03
1019,8.23551117e-03
1020,8.23487638e-03
1021,8.22296668e-03
1022,8.18145191e-03
1023,8.09468473e-03
1024,7.95890781e-03
1025,7.78673217e-03
1026,7.61740840e-03
1027,7.50874212e-03
1028,7.44871492e-03
1029,7.40919963e-03
1030,7.39031704e-03
1031,7.38577399e-03
1032,7.38423428e-03
1033,7.38087780e-03
1034,7.36998027e-03
1035,7.34946295e-03
1036,7.30470134e-03
1037,7.21919701e-03
1038,7.09172488e-03
1039,6.98208275e-03
1040,6.91895246e-03
1041,6.88440320e-03
1042,6.87225730e-03
1043,6.86703356e-03
1044,6.86630685e-03
1045,6.86539793e-03
1046,6.85901663e-03
1047,6.84422007e-03
1048,6.82355831e-03
1049,6.79446033e-03
1050,6.76338868e-03
1051,6.73144550e-03
1052,6.71560824e-03
1053,6.70724952e-03
1054,6.70323335e-03
1055,6.70183055e-03
1056,6.69990212e-03
1057,6.69673928e-03
1058,6.69541609e-03
1059,6.69376759e-03
1060,6.69344208e-03
1061,6.69221743e-03
1062,6.68884054e-03
1063,6.68726787e-03
1064,6.68652170e-03
1065,6.68472016e-03
1066,6.68102787e-03
1067,6.67776455e-03
1068,6.66859763e-03
1069,6.66458733e-03
1070,6.65835380e-03
1071,6.65258106e-03
1072,6.64949548e-03
1073,6.62207340e-03
1074,6.58417450e-03
1075,6.54663494e-03
1076,6.52358828e-03
1077,6.51548635e-03
1078,6.51142900e-03
1079,6.51050227e-03
1080,6.50980670e-03
1081,6.50975040e-03
1082,6.50803054e-03
1083,6.49609813e-03
1084,6.47984959e-03
1085,6.42575654e-03
1086,6.33521486e-03
1087,6.24759759e-03
1088,6.17644537e-03
1089,6.13882789e-03
1090,6.12272830e-03
1091,6.11900411e-03
1092,6.11666262e-03
1093,6.11518932e-03
1094,6.11441595e-03
1095,6.10346804e-03
1096,6.05663874e-03
1097,5.94098383e-03
1098,5.79390577e-03
1099,5.63467536e-03
1100,5.53000761e-03
1101,5.47907860e-03
1102,5.46900175e-03
1103,5.46649613e-03
1104,5.46372669e-03
1105,5.46110955e-03
1106,5.45569617e-03
1107,5.44079428e-03
1108,5.40679157e-03
1109,5.33011615e-03
1110,5.22558687e-03
1111,5.11610019e-03
1112,5.04109572e-03
1113,4.99081244e-03
1114,4.96805687e-03
1115,4.95602961e-03
1116,4.94742741e-03
1117,4.94330577e-03
1118,4.94311602e-03
1119,4.93891205e-03
1120,4.93398479e-03
1121,4.91894106e-03
1122,4.88220451e-03
1123,4.84074904e-03
1124,4.79865210e-03
1125,4.77419451e-03
1126,4.76527426e-03
1127,4.76227673e-03
1128,4.76099727e-03
1129,4.76078607e-03
1130,4.76040454e-03
1131,4.75933937e-03
1132,4.75825150e-03
1133,4.75375947e-03
1134,4.74682568e-03
1135,4.74503516e-03
1136,4.74455741e-03
1137,4.74360980e-03
1138,4.74070438e-03
1139,4.73385327e-03
1140,4.72841894e-03
1141,4.71772222e-03
1142,4.71356490e-03
1143,4.71040577e-03
1144,4.70829071e-03
1145,4.70567832e-03
1146,4.70516058e-03
1147,4.70395123e-03
1148,4.70376460e-03
1149,4.70370491e-03
1150,4.70258862e-03
1151,4.70179411e-03
1152,4.70120053e-03
1153,4.70116463e-03
1154,4.70101340e-03
1155,4.69722290e-03
1156,4.68610058e-03
1157,4.66174267e-03
1158,4.61961863e-03
1159,4.56445266e-03
1160,4.54435985e-03
1161,4.53146772e-03
1162,4.52997020e-03
1163,4.52895487e-03
1164,4.52480010e-03
1165,4.51407846e-03
1166,4.50147444e-03
1167,4.46655386e-03
1168,4.38797504e-03
1169,4.32134032e-03
1170,4.28569370e-03
1171,4.27246511e-03
1172,4.26592356e-03
1173,4.25914939e-03
1174,4.25491061e-03
1175,4.25458796e-03
1176,4.25405850e-03
1177,4.25124337e-03
1178,4.22095421e-03
1179,4.16718345e-03
1180,4.11138370e-03
1181,4.07499534e-03
1182,4.06024407e-03
1183,4.05329884e-03
1184,4.05090290e-03
1185,4.04773335e-03
1186,4.04527246e-03
1187,4.04502989e-03
1188,4.04043168e-03
1189,4.02809789e-03
1190,4.00091878e-03
1191,3.98017465e-03
1192,3.97193309e-03
1193,3.96876635e-03
1194,3.96828248e-03
1195,3.96828045e-03
1196,3.96740578e-03
1197,3.96539806e-03
1198,3.96286156e-03
1199,3.96047375e-03
1200,3.96040146e-03
1201,3.95688280e-03
1202,3.94475881e-03
1203,3.93762795e-03
1204,3.93039096e-03
1205,3.92516515e-03
1206,3.92071865e-03
1207,3.91907441e-03
1208,3.91847240e-03
1209,3.91815799e-03
1210,3.91563917e-03
1211,3.91349257e-03
1212,3.91040114e-03
1213,3.90513721e-03
1214,3.90401278e-03
1215,3.90199906e-03
1216,3.90101546e-03
1217,3.90056090e-03
1218,3.89708913e-03
1219,3.89537943e-03
1220,3.89534770e-03
1221,3.89304173e-03
1222,3.88502239e-03
1223,3.87014469e-03
1224,3.85265097e-03
1225,3.84154488e-03
1226,3.83727568e-03
1227,3.83481722e-03
1228,3.83291074e-03
1229,3.82745563e-03
1230,3.81941242e-03
1231,3.81505454e-03
1232,3.80217675e-03
1233,3.77156560e-03
1234,3.72824444e-03
1235,3.69223175e-03
1236,3.68202146e-03
1237,3.67819900e-03
1238,3.67813850e-03
1239,3.67635593e-03
1240,3.67509865e-03
1241,3.67092988e-03
1242,3.65954383e-03
1243,3.63468197e-03
1244,3.57472712e-03
1245,3.51123205e-03
1246,3.47275013e-03
1247,3.44988426e-03
1248,3.44360265e-03
1249,3.44219938e-03
1250,3.44132568e-03
1251,3.43962113e-03
1252,3.41488112e-03
1253,3.37236684e-03
1254,3.30377502e-03
1255,3.21539333e-03
1256,3.17172977e-03
1257,3.15617764e-03
1258,3.15252419e-03
1259,3.15149831e-03
1260,3.15074966e-03
1261,3.14896129e-03
1262,3.14473295e-03
1263,3.13671066e-03
1264,3.11192300e-03
1265,3.06978771e-03
1266,3.03093732e-03
1267,3.01034319e-03
1268,2.99718285e-03
1269,2.99046666e-03
1270,2.98774472e-03
1271,2.98537429e-03
1272,2.98280642e-03
1273,2.97381454e-03
1274,2.95887045e-03
1275,2.94290109e-03
1276,2.93556188e-03
1277,2.93099347e-03
1278,2.92656524e-03
1279,2.92355002e-03
1280,2.92228678e-03
1281,2.92151828e-03
1282,2.92097599e-03
1283,2.92015894e-03
1284,2.91963848e-03
1285,2.91878337e-03
1286,2.91778000e-03
1287,2.91767334e-03
1288,2.91721948e-03
1289,2.91703512e-03
1290,2.91690679e-03
1291,2.91669204e-03
1292,2.91668044e-03
1293,2.91608197e-03
1294,2.91234699e-03
1295,2.90548030e-03
1296,2.90116993e-03
1297,2.89908353e-03
1298,2.89661745e-03
1299,2.89519872e-03
1300,2.89467026e-03
1301,2.89304723e-03
1302,2.88845607e-03
1303,2.87370127e-03
1304,2.84035370e-03
1305,2.80887404e-03
1306,2.78477996e-03
1307,2.77370385e-03
1308,2.76755476e-03
1309,2.76468130e-03
1310,2.76369627e-03
1311,2.75587342e-03
1312,2.73057573e-03
1313,2.67231699e-03
1314,2.57763946e-03
1315,2.52713267e-03
1316,2.51034745e-03
1317,2.50675654e-03
1318,2.50565187e-03
1319,2.50167285e-03
1320,2.49543468e-03
1321,2.48459679e-03
1322,2.44130076e-03
1323,2.35511685e-03
1324,2.28295861e-03
1325,2.25119680e-03
1326,2.24025353e-03
1327,2.23892343e-03
1328,2.23879618e-03
1329,2.23767257e-03
1330,2.23377433e-03
1331,2.21961036e-03
1332,2.19122906e-03
1333,2.16047752e-03
1334,2.13812311e-03
1335,2.13350342e-03
1336,2.13273170e-03
1337,2.13260221e-03
1338,2.13197871e-03
1339,2.13121187e-03
1340,2.12900467e-03
1341,2.11977931e-03
1342,2.11029196e-03
1343,2.10813927e-03
1344,2.10727436e-03
1345,2.10683186e-03
1346,2.10525870e-03
1347,2.10482012e-03
1348,2.10449501e-03
1349,2.10433350e-03
1350,2.10387540e-03
1351,2.10334729e-03
1352,2.10313642e-03
1353,2.10289008e-03
1354,2.10250649e-03
1355,2.10232020e-03
1356,2.10190161e-03
1357,2.10175142e-03
1358,2.09951860e-03
1359,2.08813370e-03
1360,2.06839648e-03
1361,2.04860340e-03
1362,2.04300494e-03
1363,2.04093463e-03
1364,2.04065233e-03
1365,2.04030882e-03
1366,2.03743289e-03
1367,2.02723551e-03
1368,1.98847043e-03
1369,1.93530004e-03
1370,1.89917454e-03
1371,1.88477896e-03
1372,1.88190023e-03
1373,1.88183005e-03
1374,1.88146253e-03
1375,1.88021762e-03
1376,1.86886481e-03
1377,1.83859727e-03
1378,1.77587482e-03
1379,1.73781948e-03
1380,1.72143774e-03
1381,1.72052220e-03
1382,1.72003783e-03
1383,1.71987252e-03
1384,1.71883507e-03
1385,1.71363527e-03
1386,1.70364691e-03
1387,1.68306281e-03
1388,1.66585881e-03
1389,1.66055260e-03
1390,1.65860672e-03
1391,1.65827305e-03
1392,1.65819856e-03
1393,1.65814634e-03
1394,1.65705868e-03
1395,1.65684043e-03
1396,1.65538209e-03
1397,1.65512478e-03
1398,1.65391369e-03
1399,1.65307881e-03
1400,1.65182979e-03
1401,1.65105704e-03
1402,1.65016576e-03
1403,1.64976571e-03
1404,1.64874302e-03
1405,1.64634013e-03
1406,1.64525211e-03
1407,1.64431355e-03
1408,1.64420720e-03
1409,1.64385217e-03
1410,1.64183445e-03
1411,1.63750340e-03
1412,1.62820218e-03
1413,1.60643548e-03
1414,1.58492245e-03
1415,1.57756928e-03
1416,1.57482759e-03
1417,1.57431084e-03
1418,1.57424194e-03
1419,1.57270931e-03
1420,1.56432510e-03
1421,1.52744857e-03
1422,1.48307691e-03
1423,1.45724621e-03
1424,1.45220764e-03
1425,1.45172325e-03
1426,1.45148329e-03
1427,1.45074891e-03
1428,1.44805469e-03
1429,1.44005493e-03
1430,1.41154833e-03
1431,1.37412928e-03
1432,1.35672672e-03
1433,1.35145355e-03
1434,1.35010469e-03
1435,1.34884790e-03
1436,1.34742927e-03
1437,1.34207375e-03
1438,1.33261661e-03
1439,1.31754225e-03
1440,1.29993418e-03
1441,1.29347078e-03
1442,1.29172085e-03
1443,1.29147341e-03
1444,1.29107260e-03
1445,1.28997724e-03
1446,1.28979019e-03
1447,1.28939259e-03
1448,1.28651918e-03
1449,1.28107737e-03
1450,1.27910258e-03
1451,1.27816379e-03
1452,1.27719719e-03
1453,1.27673503e-03
1454,1.27632517e-03
1455,1.27522647e-03
1456,1.27514518e-03
1457,1.27464696e-03
1458,1.27370959e-03
1459,1.27257925e-03
1460,1.27223251e-03
1461,1.27210822e-03
1462,1.27200584e-03
1463,1.27069218e-03
1464,1.26259828e-03
1465,1.25515503e-03
1466,1.25149025e-03
1467,1.25070792e-03
1468,1.25065478e-03
1469,1.25035944e-03
1470,1.24921153e-03
1471,1.24537447e-03
1472,1.23197285e-03
1473,1.20163085e-03
1474,1.18639884e-03
1475,1.18419947e-03
1476,1.18349525e-03
1477,1.18340362e-03
1478,1.18259517e-03
1479,1.17477364e-03
1480,1.14106301e-03
1481,1.10015591e-03
1482,1.07972653e-03
1483,1.07523022e-03
1484,1.07443203e-03
1485,1.07442352e-03
1486,1.07326179e-03
1487,1.06656294e-03
1488,1.04052212e-03
1489,1.01010988e-03
1490,1.00105585e-03
1491,9.98807058e-04
1492,9.98612349e-04
1493,9.98499706e-04
1494,9.97021286e-04
1495,9.93115008e-04
1496,9.85676327e-04
1497,9.78250176e-04
1498,9.75158315e-04
1499,9.74411647e-04
1500,9.74146607e-04
