part,kappa_precond,kappa_solve,strategy,iters,converged,true_res,solve_time_s,matrix_assembly_s,precond_assembly_s,sol_l2,rel_diff_vs_fresh,dof,h,geometry,seed,tol_outer,tol_inner,maxit,rel_resonance_gap,notes
A,,0.25,plain,317,true,8.676574491e-09,2.906302929,3.994837999,,5.819332404,,4827,0.1,sphere,1000,1e-08,1e-08,1500,9.974828,
A,0.25,0.25,fresh,7,true,6.755691264e-07,4.799293041,3.994837999,3.994837999,5.819332494,,4827,0.1,sphere,1000,1e-08,1e-08,1500,9.974828,
A,,0.5,plain,291,true,9.624280127e-09,1.749437094,0.2645170689,,6.190261557,,4827,0.1,sphere,1000,1e-08,1e-08,1500,4.487414,
A,0.5,0.5,fresh,8,true,7.221406528e-07,0.666738987,0.2645170689,0.2645170689,6.190261586,,4827,0.1,sphere,1000,1e-08,1e-08,1500,4.487414,
A,,1,plain,275,true,9.961459912e-09,1.594002962,0.2768919468,,7.485503429,,4827,0.1,sphere,1000,1e-08,1e-08,1500,1.743707,
A,1,1,fresh,8,true,7.04100475e-07,0.6744930744,0.2768919468,0.2768919468,7.485503425,,4827,0.1,sphere,1000,1e-08,1e-08,1500,1.743707,
A,,2,plain,272,true,8.72107318e-09,1.568472862,0.2635719776,,6.696609854,,4827,0.1,sphere,1000,1e-08,1e-08,1500,0.3718535,
A,2,2,fresh,9,true,5.326399274e-07,0.5353901386,0.2635719776,0.2635719776,6.696609843,,4827,0.1,sphere,1000,1e-08,1e-08,1500,0.3718535,
A,,3.52,plain,297,true,9.851640411e-09,1.805418968,0.3436369896,,6.206733756,,4827,0.1,sphere,1000,1e-08,1e-08,1500,0.09949971591,
A,3.52,3.52,fresh,13,true,2.195045589e-08,0.6612510681,0.3436369896,0.3436369896,6.206733754,,4827,0.1,sphere,1000,1e-08,1e-08,1500,0.09949971591,
A,,4,plain,256,true,9.921428903e-09,1.474735975,0.4902610779,,6.151636991,,4827,0.1,sphere,1000,1e-08,1e-08,1500,0.03244025,
A,4,4,fresh,16,true,5.851650131e-08,0.8204820156,0.4902610779,0.4902610779,6.151636986,,4827,0.1,sphere,1000,1e-08,1e-08,1500,0.03244025,
A,,8,plain,353,true,9.019703171e-09,2.052989006,0.2673139572,,5.878147794,,4827,0.1,sphere,1000,1e-08,1e-08,1500,0.022820125,
A,8,8,fresh,25,true,4.340363172e-08,1.07434988,0.2673139572,0.2673139572,5.878147801,,4827,0.1,sphere,1000,1e-08,1e-08,1500,0.022820125,
A,,8.4661,plain,305,true,8.722405705e-09,1.632021904,0.2510199547,,5.865267108,,4827,0.1,sphere,1000,1e-08,1e-08,1500,0.03015060063,
A,8.4661,8.4661,fresh,26,true,4.144300551e-08,1.153395176,0.2510199547,0.2510199547,5.865267119,,4827,0.1,sphere,1000,1e-08,1e-08,1500,0.03015060063,
A,2,0.25,frozen,28,true,4.290434119e-07,1.252951145,3.994837999,0,5.819332311,5.011165402e-07,4827,0.1,sphere,1000,1e-08,1e-08,1500,9.974828,
A,2,0.5,frozen,24,true,1.29972868e-07,0.9291381836,0.2645170689,0,6.190261572,1.195763397e-07,4827,0.1,sphere,1000,1e-08,1e-08,1500,4.487414,
A,2,1,frozen,18,true,5.034243589e-08,0.8213510513,0.2768919468,0,7.485503421,4.963216757e-08,4827,0.1,sphere,1000,1e-08,1e-08,1500,1.743707,
A,2,2,frozen,9,true,5.326399274e-07,0.480025053,0.2635719776,0,6.696609843,0,4827,0.1,sphere,1000,1e-08,1e-08,1500,0.3718535,
A,2,4,frozen,46,true,1.193293418e-07,1.821727037,0.4902610779,0,6.151636984,3.607693667e-08,4827,0.1,sphere,1000,1e-08,1e-08,1500,0.03244025,
A,2,8,frozen,162,true,1.999113643e-07,7.46453619,0.2673139572,0,5.878147799,1.934765969e-07,4827,0.1,sphere,1000,1e-08,1e-08,1500,0.022820125,
A,2,3.52,frozen,29,true,6.352316078e-08,1.233780861,0.3436369896,0,6.206733753,2.131955729e-08,4827,0.1,sphere,1000,1e-08,1e-08,1500,0.09949971591,resonance control
A,2,8.4661,frozen,173,true,1.877334011e-07,6.690300941,0.2510199547,0,5.865267111,1.146505865e-07,4827,0.1,sphere,1000,1e-08,1e-08,1500,0.03015060063,resonance control
D,,0.5,plain,291,true,9.624280127e-09,1.749437094,0.2645170689,,6.190261557,,4827,0.1,sphere,1000,1e-08,1e-08,1500,4.487414,
D,0.5,0.5,fresh,8,true,7.221406528e-07,0.666738987,0.2645170689,0.2645170689,6.190261586,,4827,0.1,sphere,1000,1e-08,1e-08,1500,4.487414,
D,,1,plain,275,true,9.961459912e-09,1.594002962,0.2768919468,,7.485503429,,4827,0.1,sphere,1000,1e-08,1e-08,1500,1.743707,
D,1,1,fresh,8,true,7.04100475e-07,0.6744930744,0.2768919468,0.2768919468,7.485503425,,4827,0.1,sphere,1000,1e-08,1e-08,1500,1.743707,
D,,2,plain,272,true,8.72107318e-09,1.568472862,0.2635719776,,6.696609854,,4827,0.1,sphere,1000,1e-08,1e-08,1500,0.3718535,
D,2,2,fresh,9,true,5.326399274e-07,0.5353901386,0.2635719776,0.2635719776,6.696609843,,4827,0.1,sphere,1000,1e-08,1e-08,1500,0.3718535,
D,,4,plain,256,true,9.921428903e-09,1.474735975,0.4902610779,,6.151636991,,4827,0.1,sphere,1000,1e-08,1e-08,1500,0.03244025,
D,4,4,fresh,16,true,5.851650131e-08,0.8204820156,0.4902610779,0.4902610779,6.151636986,,4827,0.1,sphere,1000,1e-08,1e-08,1500,0.03244025,
D,,8,plain,353,true,9.019703171e-09,2.052989006,0.2673139572,,5.878147794,,4827,0.1,sphere,1000,1e-08,1e-08,1500,0.022820125,
D,8,8,fresh,25,true,4.340363172e-08,1.07434988,0.2673139572,0.2673139572,5.878147801,,4827,0.1,sphere,1000,1e-08,1e-08,1500,0.022820125,
D,1,0.5,frozen,15,true,4.113663617e-07,0.6295862198,0.2645170689,0.2768919468,6.190261531,7.907190103e-08,4827,0.1,sphere,1000,1e-08,1e-08,1500,4.487414,
D,1,1,frozen,8,true,7.04100475e-07,0.3410990238,0.2768919468,0.2768919468,7.485503425,0,4827,0.1,sphere,1000,1e-08,1e-08,1500,1.743707,
D,1,2,frozen,19,true,3.562031611e-07,0.9611091614,0.2635719776,0.2768919468,6.696609879,6.602834348e-08,4827,0.1,sphere,1000,1e-08,1e-08,1500,0.3718535,
D,1,4,frozen,64,true,1.451096328e-07,2.686654091,0.4902610779,0.2768919468,6.151637022,6.272948132e-08,4827,0.1,sphere,1000,1e-08,1e-08,1500,0.03244025,
D,1,8,frozen,187,true,4.438614308e-07,7.278059959,0.2673139572,0.2768919468,5.878147785,5.511737922e-07,4827,0.1,sphere,1000,1e-08,1e-08,1500,0.022820125,
D,2,0.5,frozen,24,true,1.29972868e-07,0.9845061302,0.2645170689,0.2635719776,6.190261572,1.195763397e-07,4827,0.1,sphere,1000,1e-08,1e-08,1500,4.487414,
D,2,1,frozen,18,true,5.034243589e-08,0.7768731117,0.2768919468,0.2635719776,7.485503421,4.963216757e-08,4827,0.1,sphere,1000,1e-08,1e-08,1500,1.743707,
D,2,2,frozen,9,true,5.326399274e-07,0.6011450291,0.2635719776,0.2635719776,6.696609843,0,4827,0.1,sphere,1000,1e-08,1e-08,1500,0.3718535,
D,2,4,frozen,46,true,1.193293418e-07,1.707927942,0.4902610779,0.2635719776,6.151636984,3.607693667e-08,4827,0.1,sphere,1000,1e-08,1e-08,1500,0.03244025,
D,2,8,frozen,162,true,1.999113643e-07,6.221302032,0.2673139572,0.2635719776,5.878147799,1.934765969e-07,4827,0.1,sphere,1000,1e-08,1e-08,1500,0.022820125,
D,4,0.5,frozen,69,true,3.796554077e-07,2.892163992,0.2645170689,0.4902610779,6.190261571,2.180376273e-07,4827,0.1,sphere,1000,1e-08,1e-08,1500,4.487414,
D,4,1,frozen,60,true,2.998324875e-07,2.275063992,0.2768919468,0.4902610779,7.48550339,7.755739601e-08,4827,0.1,sphere,1000,1e-08,1e-08,1500,1.743707,
D,4,2,frozen,43,true,1.486591401e-07,1.627686977,0.2635719776,0.4902610779,6.696609858,7.748436925e-08,4827,0.1,sphere,1000,1e-08,1e-08,1500,0.3718535,
D,4,4,frozen,16,true,5.851650131e-08,0.6240820885,0.4902610779,0.4902610779,6.151636986,0,4827,0.1,sphere,1000,1e-08,1e-08,1500,0.03244025,
D,4,8,frozen,122,true,1.513815705e-07,4.592787981,0.2673139572,0.4902610779,5.878147777,7.532707846e-08,4827,0.1,sphere,1000,1e-08,1e-08,1500,0.022820125,
