mesh,ell,kappa,level,case,seed,dof,eps_m,maxdisp_m,sup_DV,cert,min_area,assembly_time_s,t_plain_s,iters_plain,conv_plain,t_frozen_s,iters_frozen,conv_frozen,t_fresh_s,iters_fresh,conv_fresh,res_plain,res_frozen,res_fresh,resonance_flag,iters_fresh_1p03
almond_lam12,d4,74.688859,1,U,1000,2673,0.00266,0.0026581398,21.386767,0.056889,3.624448e-06,203.532,1.679,417,true,4.407,48,true,5.071,47,true,5.9289e-08,2.5451e-07,3.5988e-07,false,-1
almond_lam12,d4,74.688859,1,U,1001,2673,0.00266,0.0026564541,18.343263,0.048793,3.800336e-06,204.745,1.012,419,true,4.469,48,true,1.602,48,true,5.9911e-08,3.6884e-07,3.0870e-07,false,-1
almond_lam12,d4,74.688859,1,U,1002,2673,0.00266,0.0026537447,33.568661,0.089293,3.622896e-06,213.829,1.015,419,true,5.040,48,true,1.687,47,true,5.7789e-08,2.4340e-07,1.8866e-07,false,-1
almond_lam12,d4,74.688859,1,U,1003,2673,0.00266,0.0026550097,35.135079,0.093459,3.743841e-06,5.702,0.985,412,true,3.993,47,true,NaN,-1,false,5.9976e-08,2.1756e-07,NaN,false,-1
almond_lam12,d4,74.688859,1,U,1004,2673,0.00266,0.0026571412,21.436846,0.057022,3.721369e-06,5.580,0.976,418,true,4.060,49,true,NaN,-1,false,6.2705e-08,2.1536e-07,NaN,false,-1
almond_lam12,d4,74.688859,1,U,1005,2673,0.00266,0.0026513987,28.719563,0.076394,3.725089e-06,5.569,0.994,417,true,4.245,47,true,NaN,-1,false,6.0882e-08,2.3633e-07,NaN,false,-1
almond_lam12,d4,74.688859,1,U,1006,2673,0.00266,0.00266,19.379240,0.051549,3.768531e-06,5.933,0.962,412,true,3.995,47,true,NaN,-1,false,6.2253e-08,2.0257e-07,NaN,false,-1
almond_lam12,d4,74.688859,1,U,1007,2673,0.00266,0.0026570426,24.979387,0.066445,3.759297e-06,5.611,0.980,425,true,4.005,49,true,NaN,-1,false,6.1879e-08,2.4584e-07,NaN,false,-1
almond_lam12,d4,74.688859,1,U,1008,2673,0.00266,0.002658043,23.921776,0.063632,3.757593e-06,5.564,0.976,423,true,4.038,49,true,NaN,-1,false,6.2142e-08,2.4704e-07,NaN,false,-1
almond_lam12,d4,74.688859,1,U,1009,2673,0.00266,0.0026555517,27.896413,0.074204,3.639981e-06,5.385,0.928,409,true,3.893,47,true,NaN,-1,false,5.9232e-08,1.6144e-07,NaN,false,-1
almond_lam12,d4,74.688859,1,T,1000,2673,0.00266,0.0026581398,24.660141,0.065596,3.624448e-06,198.774,0.965,417,true,4.264,48,true,1.566,47,true,5.3323e-08,2.6370e-07,4.4090e-07,false,-1
almond_lam12,d4,74.688859,1,T,1001,2673,0.00266,0.0026564541,18.341576,0.048789,3.800336e-06,197.542,0.998,419,true,4.607,48,true,1.637,49,true,6.0058e-08,3.5803e-07,1.9551e-07,false,-1
almond_lam12,d4,74.688859,1,T,1002,2673,0.00266,0.0026537447,33.568661,0.089293,3.622896e-06,206.002,0.996,417,true,4.852,48,true,1.610,46,true,6.2319e-08,2.1757e-07,2.0282e-07,false,-1
almond_lam12,d4,74.688859,1,T,1003,2673,0.00266,0.0026550097,35.135079,0.093459,3.743841e-06,5.686,1.002,412,true,3.986,47,true,NaN,-1,false,5.2216e-08,2.7487e-07,NaN,false,-1
almond_lam12,d4,74.688859,1,T,1004,2673,0.00266,0.0026571412,22.893987,0.060898,3.721369e-06,5.493,1.066,417,true,4.417,49,true,NaN,-1,false,6.2950e-08,2.1372e-07,NaN,false,-1
almond_lam12,d4,74.688859,1,T,1005,2673,0.00266,0.0026513987,28.719563,0.076394,3.725089e-06,5.648,0.976,418,true,3.682,46,true,NaN,-1,false,5.4756e-08,2.7548e-07,NaN,false,-1
almond_lam12,d4,74.688859,1,T,1006,2673,0.00266,0.0026545424,25.463192,0.067732,3.782984e-06,5.833,0.956,413,true,4.070,48,true,NaN,-1,false,6.1795e-08,2.1148e-07,NaN,false,-1
almond_lam12,d4,74.688859,1,T,1007,2673,0.00266,0.0026560818,25.108997,0.066790,3.759437e-06,5.438,1.018,425,true,3.946,48,true,NaN,-1,false,5.8075e-08,3.6076e-07,NaN,false,-1
almond_lam12,d4,74.688859,1,T,1008,2673,0.00266,0.0026614196,30.998891,0.082457,3.761793e-06,5.674,0.976,425,true,4.020,49,true,NaN,-1,false,5.4997e-08,2.8063e-07,NaN,false,-1
almond_lam12,d4,74.688859,1,T,1009,2673,0.00266,0.0026555517,27.896413,0.074204,3.639981e-06,5.674,0.945,408,true,3.988,47,true,NaN,-1,false,6.2456e-08,3.5415e-07,NaN,false,-1
almond_lam12,d4,74.688859,2,U,1000,2673,0.00532,0.0053162796,21.386767,0.113778,3.516767e-06,468.308,1.081,416,true,5.106,48,true,1.651,47,true,5.5649e-08,2.8352e-07,3.8241e-07,false,-1
almond_lam12,d4,74.688859,2,U,1001,2673,0.00532,0.0053129082,18.343263,0.097586,3.872769e-06,201.979,0.996,420,true,4.323,49,true,1.618,49,true,5.7064e-08,3.2502e-07,2.8870e-07,false,-1
almond_lam12,d4,74.688859,2,U,1002,2673,0.00532,0.0053074893,33.568661,0.178585,3.520893e-06,542.010,1.015,422,true,5.474,49,true,2.061,47,true,5.8942e-08,1.9913e-07,1.9962e-07,false,-1
almond_lam12,d4,74.688859,2,U,1003,2673,0.00532,0.0053100193,35.135079,0.186919,3.757048e-06,5.824,0.978,411,true,4.104,48,true,NaN,-1,false,6.2336e-08,2.1658e-07,NaN,false,-1
almond_lam12,d4,74.688859,2,U,1004,2673,0.00532,0.0053142823,21.436846,0.114044,3.712648e-06,6.261,1.017,422,true,4.204,49,true,NaN,-1,false,5.6550e-08,3.3135e-07,NaN,false,-1
almond_lam12,d4,74.688859,2,U,1005,2673,0.00532,0.0053027974,28.719563,0.152788,3.717690e-06,5.968,1.008,419,true,4.062,48,true,NaN,-1,false,5.3907e-08,2.9111e-07,NaN,false,-1
almond_lam12,d4,74.688859,2,U,1006,2673,0.00532,0.00532,19.379240,0.103098,3.809216e-06,5.386,0.960,409,true,3.943,48,true,NaN,-1,false,5.5318e-08,2.0320e-07,NaN,false,-1
almond_lam12,d4,74.688859,2,U,1007,2673,0.00532,0.0053140852,24.979387,0.132890,3.786093e-06,5.388,1.026,436,true,4.097,50,true,NaN,-1,false,5.6237e-08,2.9334e-07,NaN,false,-1
almond_lam12,d4,74.688859,2,U,1008,2673,0.00532,0.0053160859,23.921776,0.127264,3.784282e-06,5.655,1.077,433,true,4.208,50,true,NaN,-1,false,5.6819e-08,2.9405e-07,NaN,false,-1
almond_lam12,d4,74.688859,2,U,1009,2673,0.00532,0.0053111034,27.896413,0.148409,3.551005e-06,5.500,0.968,402,true,3.862,47,true,NaN,-1,false,6.3462e-08,2.7504e-07,NaN,false,-1
almond_lam12,d4,74.688859,2,T,1000,2673,0.00532,0.0053162796,24.660141,0.131192,3.516767e-06,199.500,1.008,415,true,4.276,48,true,1.642,48,true,5.5852e-08,3.2646e-07,2.4965e-07,false,-1
almond_lam12,d4,74.688859,2,T,1001,2673,0.00532,0.0053129082,18.341576,0.097577,3.872769e-06,215.810,1.048,420,true,4.879,49,true,1.715,49,true,5.8898e-08,2.6928e-07,3.1306e-07,false,-1
almond_lam12,d4,74.688859,2,T,1002,2673,0.00532,0.0053074893,33.568661,0.178585,3.520893e-06,223.223,1.005,417,true,4.967,48,true,1.510,46,true,6.0123e-08,2.5118e-07,1.9613e-07,false,-1
almond_lam12,d4,74.688859,2,T,1003,2673,0.00532,0.0053100193,35.135079,0.186919,3.757048e-06,6.533,0.999,408,true,4.355,48,true,NaN,-1,false,5.7200e-08,1.6758e-07,NaN,false,-1
almond_lam12,d4,74.688859,2,T,1004,2673,0.00532,0.0053142823,22.893987,0.121796,3.712648e-06,6.341,1.026,421,true,4.517,49,true,NaN,-1,false,5.8576e-08,3.4951e-07,NaN,false,-1
almond_lam12,d4,74.688859,2,T,1005,2673,0.00532,0.0053027974,28.719563,0.152788,3.717690e-06,6.353,1.031,420,true,4.509,48,true,NaN,-1,false,5.5635e-08,2.9519e-07,NaN,false,-1
almond_lam12,d4,74.688859,2,T,1006,2673,0.00532,0.0053090847,25.463192,0.135464,3.841843e-06,6.319,1.012,413,true,4.476,48,true,NaN,-1,false,5.7407e-08,2.6116e-07,NaN,false,-1
almond_lam12,d4,74.688859,2,T,1007,2673,0.00532,0.0053121635,25.108997,0.133580,3.786369e-06,6.503,1.086,435,true,4.652,50,true,NaN,-1,false,5.9515e-08,2.2086e-07,NaN,false,-1
almond_lam12,d4,74.688859,2,T,1008,2673,0.00532,0.0053228392,30.998891,0.164914,3.793106e-06,6.304,1.100,441,true,4.743,52,true,NaN,-1,false,5.6813e-08,1.7226e-07,NaN,false,-1
almond_lam12,d4,74.688859,2,T,1009,2673,0.00532,0.0053111034,27.896413,0.148409,3.551005e-06,6.425,0.965,399,true,4.467,48,true,NaN,-1,false,6.3518e-08,1.6460e-07,NaN,false,-1
almond_lam12,d4,74.688859,3,U,1000,2673,0.00798,0.0079744194,21.386767,0.170666,3.409189e-06,227.213,1.071,417,true,5.506,49,true,1.586,47,true,5.6530e-08,1.8228e-07,3.9810e-07,false,-1
almond_lam12,d4,74.688859,3,U,1001,2673,0.00798,0.0079693623,18.343263,0.146379,3.949410e-06,226.847,1.019,423,true,4.915,50,true,1.748,50,true,5.9422e-08,2.2145e-07,2.0051e-07,false,-1
almond_lam12,d4,74.688859,3,U,1002,2673,0.00798,0.007961234,33.568661,0.267878,3.401534e-06,224.285,1.108,426,true,5.490,49,true,1.816,48,true,6.1878e-08,3.3054e-07,2.1967e-07,false,-1
almond_lam12,d4,74.688859,3,U,1003,2673,0.00798,0.007965029,35.135079,0.280378,3.771797e-06,6.609,1.105,409,true,5.049,49,true,NaN,-1,false,5.7721e-08,1.7997e-07,NaN,false,-1
almond_lam12,d4,74.688859,3,U,1004,2673,0.00798,0.0079714235,21.436846,0.171066,3.705945e-06,6.441,1.115,426,true,4.796,50,true,NaN,-1,false,6.2965e-08,2.6424e-07,NaN,false,-1
almond_lam12,d4,74.688859,3,U,1005,2673,0.00798,0.0079541961,28.719563,0.229182,3.709840e-06,6.365,1.040,421,true,5.038,49,true,NaN,-1,false,5.5418e-08,2.7659e-07,NaN,false,-1
almond_lam12,d4,74.688859,3,U,1006,2673,0.00798,0.00798,19.379240,0.154646,3.854180e-06,6.355,1.020,406,true,4.843,48,true,NaN,-1,false,5.4894e-08,2.3288e-07,NaN,false,-1
almond_lam12,d4,74.688859,3,U,1007,2673,0.00798,0.0079711278,24.979387,0.199336,3.812461e-06,6.399,1.195,451,true,4.946,52,true,NaN,-1,false,5.6962e-08,2.1136e-07,NaN,false,-1
almond_lam12,d4,74.688859,3,U,1008,2673,0.00798,0.0079741289,23.921776,0.190896,3.812197e-06,6.389,1.189,453,true,5.273,53,true,NaN,-1,false,5.7063e-08,2.4523e-07,NaN,false,-1
almond_lam12,d4,74.688859,3,U,1009,2673,0.00798,0.007966655,27.896413,0.222613,3.465315e-06,6.409,0.975,396,true,4.920,48,true,NaN,-1,false,5.9139e-08,2.0448e-07,NaN,false,-1
almond_lam12,d4,74.688859,3,T,1000,2673,0.00798,0.0079744194,24.660141,0.196788,3.409189e-06,225.453,1.022,415,true,5.008,48,true,1.536,48,true,5.8336e-08,3.8121e-07,2.5459e-07,false,-1
almond_lam12,d4,74.688859,3,T,1001,2673,0.00798,0.0079693623,18.341576,0.146366,3.949410e-06,222.473,1.013,423,true,5.212,50,true,1.734,50,true,6.1451e-08,1.9646e-07,2.3791e-07,false,-1
almond_lam12,d4,74.688859,3,T,1002,2673,0.00798,0.007961234,33.568661,0.267878,3.426241e-06,221.163,1.025,420,true,4.823,49,true,1.683,47,true,5.7192e-08,1.9101e-07,2.2921e-07,false,-1
almond_lam12,d4,74.688859,3,T,1003,2673,0.00798,0.007965029,35.135079,0.280378,3.771797e-06,6.288,0.972,405,true,4.255,48,true,NaN,-1,false,5.5929e-08,1.6328e-07,NaN,false,-1
almond_lam12,d4,74.688859,3,T,1004,2673,0.00798,0.0079714235,22.893987,0.182694,3.705945e-06,6.343,1.034,426,true,4.478,50,true,NaN,-1,false,5.5387e-08,2.5325e-07,NaN,false,-1
almond_lam12,d4,74.688859,3,T,1005,2673,0.00798,0.0079541961,28.719563,0.229182,3.709840e-06,6.106,1.030,423,true,4.568,49,true,NaN,-1,false,5.9226e-08,2.0417e-07,NaN,false,-1
almond_lam12,d4,74.688859,3,T,1006,2673,0.00798,0.0079636271,25.463192,0.203196,3.908707e-06,6.256,1.001,411,true,4.536,49,true,NaN,-1,false,5.7617e-08,2.1353e-07,NaN,false,-1
almond_lam12,d4,74.688859,3,T,1007,2673,0.00798,0.0079682453,25.108997,0.200370,3.812868e-06,6.222,1.117,448,true,4.777,52,true,NaN,-1,false,5.8913e-08,1.8895e-07,NaN,false,-1
almond_lam12,d4,74.688859,3,T,1008,2673,0.00798,0.0079842589,30.998891,0.247371,3.826072e-06,6.382,1.092,441,true,4.741,52,true,NaN,-1,false,5.9006e-08,1.9913e-07,NaN,false,-1
almond_lam12,d4,74.688859,3,T,1009,2673,0.00798,0.007966655,27.896413,0.222613,3.465315e-06,6.144,0.933,393,true,4.146,48,true,NaN,-1,false,5.7421e-08,1.8677e-07,NaN,false,-1
almond_lam12,d4,74.688859,4,U,1000,2673,0.01064,0.010632559,21.386767,0.227555,3.301838e-06,227.020,1.025,418,true,4.869,49,true,1.692,47,true,6.0408e-08,2.0738e-07,4.0740e-07,false,-1
almond_lam12,d4,74.688859,4,U,1001,2673,0.01064,0.010625816,18.343263,0.195172,4.030268e-06,210.481,0.998,424,true,4.750,50,true,1.676,51,true,6.2242e-08,3.1576e-07,1.6867e-07,false,-1
almond_lam12,d4,74.688859,4,U,1002,2673,0.01064,0.010614979,33.568661,0.357171,3.156367e-06,209.558,1.057,434,true,4.927,50,true,1.689,49,true,5.5185e-08,2.5809e-07,2.7417e-07,false,-1
almond_lam12,d4,74.688859,4,U,1003,2673,0.01064,0.010620039,35.135079,0.373837,3.788140e-06,6.013,0.967,410,true,4.315,50,true,NaN,-1,false,5.8470e-08,1.6553e-07,NaN,false,-1
almond_lam12,d4,74.688859,4,U,1005,2673,0.01064,0.010605595,28.719563,0.305576,3.701508e-06,6.381,1.049,424,true,4.818,50,true,NaN,-1,false,6.0730e-08,2.3106e-07,NaN,false,-1
almond_lam12,d4,74.688859,4,U,1006,2673,0.01064,0.01064,19.379240,0.206195,3.892500e-06,6.130,1.007,403,true,4.796,48,true,NaN,-1,false,6.0865e-08,2.6686e-07,NaN,false,-1
almond_lam12,d4,74.688859,4,U,1008,2673,0.01064,0.010632172,23.921776,0.254528,3.841342e-06,6.209,1.070,433,true,4.667,52,true,NaN,-1,false,6.2159e-08,1.7793e-07,NaN,false,-1
almond_lam12,d4,74.688859,4,U,1009,2673,0.01064,0.010622207,27.896413,0.296818,3.383036e-06,6.014,0.936,395,true,4.247,49,true,NaN,-1,false,5.5908e-08,1.5605e-07,NaN,false,-1
almond_lam12,d4,74.688859,4,T,1000,2673,0.01064,0.010632559,24.660141,0.262384,3.301838e-06,208.865,0.999,414,true,4.904,49,true,1.490,48,true,5.7374e-08,2.4551e-07,2.5773e-07,false,-1
almond_lam12,d4,74.688859,4,T,1001,2673,0.01064,0.010625816,18.341576,0.195154,4.030268e-06,223.054,1.031,427,true,5.121,51,true,1.749,51,true,5.8846e-08,1.6458e-07,2.1715e-07,false,-1
almond_lam12,d4,74.688859,4,T,1002,2673,0.01064,0.010614979,33.568661,0.357171,3.339061e-06,224.049,1.034,423,true,5.001,49,true,1.667,47,true,6.2026e-08,2.1446e-07,3.3793e-07,false,-1
almond_lam12,d4,74.688859,4,T,1003,2673,0.01064,0.010620039,35.135079,0.373837,3.788140e-06,6.404,0.992,404,true,4.659,48,true,NaN,-1,false,6.0549e-08,1.9492e-07,NaN,false,-1
almond_lam12,d4,74.688859,4,T,1005,2673,0.01064,0.010605595,28.719563,0.305576,3.701508e-06,6.380,1.094,428,true,5.029,49,true,NaN,-1,false,5.9356e-08,2.9589e-07,NaN,false,-1
almond_lam12,d4,74.688859,4,T,1006,2673,0.01064,0.010618169,25.463192,0.270928,3.983581e-06,6.518,1.074,413,true,5.068,50,true,NaN,-1,false,5.8071e-08,1.5057e-07,NaN,false,-1
almond_lam12,d4,74.688859,4,T,1008,2673,0.01064,0.010645678,30.998891,0.329828,3.860697e-06,6.373,1.085,434,true,4.791,52,true,NaN,-1,false,5.5057e-08,1.7473e-07,NaN,false,-1
almond_lam12,d4,74.688859,4,T,1009,2673,0.01064,0.010622207,27.896413,0.296818,3.383036e-06,6.326,1.118,390,true,5.538,49,true,NaN,-1,false,6.2389e-08,1.7383e-07,NaN,false,-1
almond_lam12,d4,74.688859,5,U,1000,2673,0.0133,0.013290699,21.386767,0.284444,3.194856e-06,226.116,1.068,418,true,5.300,49,true,1.801,47,true,5.8874e-08,2.4542e-07,4.1818e-07,false,-1
almond_lam12,d4,74.688859,5,U,1001,2673,0.0133,0.01328227,18.343263,0.243965,4.112280e-06,225.573,1.071,428,true,5.197,51,true,1.808,51,true,5.8155e-08,2.6612e-07,2.5677e-07,false,-1
almond_lam12,d4,74.688859,5,U,1002,2673,0.0133,0.013268723,33.568661,0.446463,2.922348e-06,226.771,1.089,441,true,5.080,51,true,1.791,50,true,5.9293e-08,2.4117e-07,2.6593e-07,false,-1
almond_lam12,d4,74.688859,5,U,1003,2673,0.0133,0.013275048,35.135079,0.467297,3.806131e-06,6.455,1.013,413,true,4.749,51,true,NaN,-1,false,5.7575e-08,1.6686e-07,NaN,false,-1
almond_lam12,d4,74.688859,5,U,1005,2673,0.0133,0.013256994,28.719563,0.381970,3.692715e-06,6.505,1.091,430,true,4.765,51,true,NaN,-1,false,6.1434e-08,1.9033e-07,NaN,false,-1
almond_lam12,d4,74.688859,5,U,1006,2673,0.0133,0.0133,19.379240,0.257744,3.827566e-06,6.424,0.988,403,true,4.555,48,true,NaN,-1,false,6.0723e-08,3.0874e-07,NaN,false,-1
almond_lam12,d4,74.688859,5,U,1008,2673,0.0133,0.013290215,23.921776,0.318160,3.871722e-06,6.612,1.053,430,true,4.808,52,true,NaN,-1,false,5.9049e-08,1.9699e-07,NaN,false,-1
almond_lam12,d4,74.688859,5,U,1009,2673,0.0133,0.013277758,27.896413,0.371022,3.304304e-06,6.375,0.981,401,true,4.634,50,true,NaN,-1,false,6.3009e-08,1.7462e-07,NaN,false,-1
almond_lam12,d4,74.688859,5,T,1000,2673,0.0133,0.013290699,24.660141,0.327980,3.194856e-06,227.328,1.042,414,true,5.139,49,true,1.939,48,true,6.1650e-08,2.7791e-07,2.6193e-07,false,-1
almond_lam12,d4,74.688859,5,T,1001,2673,0.0133,0.01328227,18.341576,0.243943,4.115370e-06,227.380,1.076,431,true,5.398,51,true,1.843,52,true,5.6885e-08,2.0840e-07,2.2947e-07,false,-1
almond_lam12,d4,74.688859,5,T,1002,2673,0.0133,0.013268723,33.568661,0.446463,3.259463e-06,226.056,1.048,430,true,4.975,50,true,1.853,48,true,5.5169e-08,1.9331e-07,2.9930e-07,false,-1
almond_lam12,d4,74.688859,5,T,1003,2673,0.0133,0.013275048,35.135079,0.467297,3.806131e-06,6.329,1.013,402,true,4.700,48,true,NaN,-1,false,6.0965e-08,2.3771e-07,NaN,false,-1
almond_lam12,d4,74.688859,5,T,1005,2673,0.0133,0.013256994,28.719563,0.381970,3.692715e-06,6.393,1.077,434,true,4.986,50,true,NaN,-1,false,6.2301e-08,2.2894e-07,NaN,false,-1
almond_lam12,d4,74.688859,5,T,1006,2673,0.0133,0.013272712,25.463192,0.338660,4.066466e-06,6.394,1.047,417,true,5.183,50,true,NaN,-1,false,5.5746e-08,2.0540e-07,NaN,false,-1
almond_lam12,d4,74.688859,5,T,1008,2673,0.0133,0.013307098,30.998891,0.412285,3.896988e-06,6.393,1.071,434,true,4.912,53,true,NaN,-1,false,5.5954e-08,1.6251e-07,NaN,false,-1
almond_lam12,d4,74.688859,5,T,1009,2673,0.0133,0.013277758,27.896413,0.371022,3.304304e-06,6.322,1.101,396,true,4.862,49,true,NaN,-1,false,6.2624e-08,2.3948e-07,NaN,false,-1
almond_lam12,d10,74.688859,1,U,1000,2673,0.00266,0.0026493642,52.340397,0.139225,3.801484e-06,232.036,1.858,416,true,5.447,49,true,6.136,48,true,5.6190e-08,1.8698e-07,2.4199e-07,false,-1
almond_lam12,d10,74.688859,1,U,1001,2673,0.00266,0.00265204,49.638880,0.132039,3.779308e-06,232.203,1.021,414,true,4.697,47,true,1.742,48,true,6.1143e-08,2.2964e-07,2.8077e-07,false,-1
almond_lam12,d10,74.688859,1,U,1002,2673,0.00266,0.0026499294,61.148945,0.162656,3.828720e-06,232.722,1.029,413,true,4.664,48,true,1.659,45,true,6.1133e-08,1.9750e-07,2.4263e-07,false,-1
almond_lam12,d10,74.688859,1,U,1003,2673,0.00266,0.0026294084,50.445888,0.134186,3.936744e-06,6.480,1.012,416,true,4.834,48,true,NaN,-1,false,5.9775e-08,3.4501e-07,NaN,false,-1
almond_lam12,d10,74.688859,1,U,1004,2673,0.00266,0.0026341649,52.588169,0.139885,3.847266e-06,6.606,1.090,430,true,4.959,50,true,NaN,-1,false,6.2790e-08,2.0879e-07,NaN,false,-1
almond_lam12,d10,74.688859,1,U,1005,2673,0.00266,0.0026473951,55.590493,0.147871,3.657197e-06,6.535,1.042,414,true,4.641,48,true,NaN,-1,false,6.2100e-08,2.6108e-07,NaN,false,-1
almond_lam12,d10,74.688859,1,U,1006,2673,0.00266,0.0026489473,43.989372,0.117012,3.747974e-06,6.619,1.043,413,true,4.581,47,true,NaN,-1,false,6.1609e-08,3.8477e-07,NaN,false,-1
almond_lam12,d10,74.688859,1,U,1007,2673,0.00266,0.0026400757,52.449745,0.139516,3.837493e-06,6.598,1.082,425,true,4.720,49,true,NaN,-1,false,6.2494e-08,2.6324e-07,NaN,false,-1
almond_lam12,d10,74.688859,1,U,1008,2673,0.00266,0.0026489176,61.231316,0.162875,3.654818e-06,6.591,1.122,418,true,4.943,49,true,NaN,-1,false,6.3207e-08,1.8840e-07,NaN,false,-1
almond_lam12,d10,74.688859,1,U,1009,2673,0.00266,0.002658471,52.502576,0.139657,3.741159e-06,6.672,1.097,414,true,5.236,49,true,NaN,-1,false,5.8525e-08,2.5123e-07,NaN,false,-1
almond_lam12,d10,74.688859,1,T,1000,2673,0.00266,0.0026493642,51.153955,0.136070,4.069594e-06,257.590,20.575,413,true,74.912,49,true,2.943,48,true,6.2683e-08,1.9705e-07,2.3418e-07,false,-1
almond_lam12,d10,74.688859,1,T,1001,2673,0.00266,0.00265204,49.638880,0.132039,3.779308e-06,211.888,0.981,418,true,4.296,49,true,1.606,48,true,5.7879e-08,2.0142e-07,3.8840e-07,false,-1
almond_lam12,d10,74.688859,1,T,1002,2673,0.00266,0.0026499294,61.148945,0.162656,3.828720e-06,2574.685,1.046,410,true,4.630,48,true,1.732,45,true,5.9272e-08,2.1602e-07,2.5882e-07,false,-1
almond_lam12,d10,74.688859,1,T,1003,2673,0.00266,0.002661141,77.465899,0.206059,4.050401e-06,6.582,1.542,414,true,4.174,48,true,NaN,-1,false,6.0295e-08,3.0134e-07,NaN,false,-1
almond_lam12,d10,74.688859,1,T,1004,2673,0.00266,0.0026341649,52.588169,0.139885,3.847266e-06,5.603,1.066,431,true,4.160,49,true,NaN,-1,false,6.0505e-08,2.7526e-07,NaN,false,-1
almond_lam12,d10,74.688859,1,T,1005,2673,0.00266,0.0026473951,54.773564,0.145698,3.657197e-06,5.471,1.035,418,true,3.973,48,true,NaN,-1,false,5.6872e-08,2.9551e-07,NaN,false,-1
almond_lam12,d10,74.688859,1,T,1006,2673,0.00266,0.002647854,46.527176,0.123762,3.748931e-06,5.651,1.034,417,true,4.057,48,true,NaN,-1,false,5.9869e-08,2.8015e-07,NaN,false,-1
almond_lam12,d10,74.688859,1,T,1007,2673,0.00266,0.0026400757,52.449745,0.139516,3.837493e-06,5.498,1.046,425,true,4.208,49,true,NaN,-1,false,6.1030e-08,2.6773e-07,NaN,false,-1
almond_lam12,d10,74.688859,1,T,1008,2673,0.00266,0.0026489176,61.231316,0.162875,3.654818e-06,5.854,1.074,422,true,4.212,49,true,NaN,-1,false,5.8771e-08,2.0789e-07,NaN,false,-1
almond_lam12,d10,74.688859,1,T,1009,2673,0.00266,0.002658471,52.502576,0.139657,3.741159e-06,5.576,1.009,415,true,4.093,48,true,NaN,-1,false,6.1723e-08,3.8202e-07,NaN,false,-1
almond_lam12,d10,74.688859,2,U,1000,2673,0.00532,0.0052987285,52.340397,0.278451,3.421720e-06,203.647,0.969,416,true,4.155,49,true,1.608,49,true,6.1435e-08,2.4977e-07,1.7180e-07,false,-1
almond_lam12,d10,74.688859,2,U,1001,2673,0.00532,0.00530408,49.638880,0.264079,3.826287e-06,203.535,0.993,415,true,4.177,49,true,1.770,49,true,6.0237e-08,3.2065e-07,1.8950e-07,false,-1
almond_lam12,d10,74.688859,2,U,1002,2673,0.00532,0.0052998589,61.148945,0.325312,3.502493e-06,200.553,0.969,413,true,4.243,48,true,1.584,46,true,6.2127e-08,2.2852e-07,3.8225e-07,false,-1
almond_lam12,d10,74.688859,2,U,1003,2673,0.00532,0.0052588168,50.445888,0.268372,3.790009e-06,5.724,0.990,419,true,4.041,49,true,NaN,-1,false,5.3949e-08,1.9492e-07,NaN,false,-1
almond_lam12,d10,74.688859,2,U,1004,2673,0.00532,0.0052683298,52.588169,0.279769,3.529196e-06,5.657,1.065,440,true,4.233,51,true,NaN,-1,false,5.9766e-08,3.2098e-07,NaN,false,-1
almond_lam12,d10,74.688859,2,U,1005,2673,0.00532,0.0052947901,55.590493,0.295741,3.607472e-06,5.616,0.968,418,true,4.049,48,true,NaN,-1,false,6.2197e-08,3.4690e-07,NaN,false,-1
almond_lam12,d10,74.688859,2,U,1006,2673,0.00532,0.0052978946,43.989372,0.234023,3.765738e-06,5.692,0.984,415,true,3.990,48,true,NaN,-1,false,5.6383e-08,2.9697e-07,NaN,false,-1
almond_lam12,d10,74.688859,2,U,1007,2673,0.00532,0.0052801514,52.449745,0.279033,3.944146e-06,5.472,1.056,441,true,4.184,51,true,NaN,-1,false,5.9454e-08,2.9720e-07,NaN,false,-1
almond_lam12,d10,74.688859,2,U,1008,2673,0.00532,0.0052978352,61.231316,0.325751,3.600531e-06,5.657,1.013,428,true,4.199,51,true,NaN,-1,false,6.2867e-08,1.7902e-07,NaN,false,-1
almond_lam12,d10,74.688859,2,U,1009,2673,0.00532,0.005316942,52.502576,0.279314,3.751517e-06,5.647,0.987,415,true,4.205,50,true,NaN,-1,false,5.3548e-08,1.7974e-07,NaN,false,-1
almond_lam12,d10,74.688859,2,T,1000,2673,0.00532,0.0052987285,51.153955,0.272139,4.195245e-06,202.305,0.981,412,true,4.235,49,true,1.622,49,true,5.8462e-08,2.6434e-07,1.8651e-07,false,-1
almond_lam12,d10,74.688859,2,T,1001,2673,0.00532,0.00530408,49.638880,0.264079,3.826287e-06,202.804,0.991,423,true,4.416,50,true,1.642,50,true,5.8790e-08,1.6355e-07,1.6571e-07,false,-1
almond_lam12,d10,74.688859,2,T,1002,2673,0.00532,0.0052998589,61.148945,0.325312,3.934041e-06,199.422,0.963,411,true,4.163,48,true,1.547,46,true,5.7819e-08,2.1342e-07,3.4363e-07,false,-1
almond_lam12,d10,74.688859,2,T,1003,2673,0.00532,0.005322282,77.465899,0.412119,4.195245e-06,5.490,0.954,414,true,3.813,49,true,NaN,-1,false,5.2428e-08,1.9250e-07,NaN,false,-1
almond_lam12,d10,74.688859,2,T,1004,2673,0.00532,0.0052683298,52.588169,0.279769,3.962842e-06,5.629,1.035,441,true,4.098,51,true,NaN,-1,false,5.6542e-08,2.6340e-07,NaN,false,-1
almond_lam12,d10,74.688859,2,T,1005,2673,0.00532,0.0052947901,54.773564,0.291395,3.607472e-06,5.645,0.991,423,true,4.060,50,true,NaN,-1,false,5.8777e-08,1.6460e-07,NaN,false,-1
almond_lam12,d10,74.688859,2,T,1006,2673,0.00532,0.005295708,46.527176,0.247525,3.767984e-06,5.469,0.980,420,true,3.842,49,true,NaN,-1,false,6.0192e-08,3.2211e-07,NaN,false,-1
almond_lam12,d10,74.688859,2,T,1007,2673,0.00532,0.0052801514,52.449745,0.279033,3.944146e-06,5.606,1.030,441,true,4.429,51,true,NaN,-1,false,5.5102e-08,2.0589e-07,NaN,false,-1
almond_lam12,d10,74.688859,2,T,1008,2673,0.00532,0.0052978352,61.231316,0.325751,3.600531e-06,5.494,1.035,436,true,4.125,51,true,NaN,-1,false,5.9118e-08,1.8658e-07,NaN,false,-1
almond_lam12,d10,74.688859,2,T,1009,2673,0.00532,0.005316942,52.502576,0.279314,3.751517e-06,5.549,0.963,417,true,3.968,49,true,NaN,-1,false,5.6103e-08,3.4601e-07,NaN,false,-1
almond_lam20,d4,74.688859,5,U,1000,7269,0.0133,0.013272739,21.386767,0.284444,1.053779e-06,1384.607,10.528,603,true,23.589,50,true,6.488,47,true,5.5354e-08,2.4253e-07,5.9662e-07,false,-1
almond_lam20,d4,74.688859,5,U,1001,7269,0.0133,0.013291508,18.343263,0.243965,1.185136e-06,1288.726,9.038,617,true,22.581,52,true,3.325,53,true,6.1854e-08,2.6021e-07,2.4807e-07,false,-1
almond_lam20,d4,74.688859,5,U,1002,7269,0.0133,0.013296326,33.568661,0.446463,8.372129e-07,1293.075,9.439,643,true,22.165,52,true,3.212,50,true,5.7381e-08,1.9384e-07,3.7730e-07,false,-1
almond_lam12,d4,74.688859,4,U,1004,2673,0.01064,0.010628565,21.436846,0.228088,3.701247e-06,217.849,1.896,435,true,5.664,52,true,5.977,53,true,5.6544e-08,1.7321e-07,1.7935e-07,false,-1
almond_lam12,d4,74.688859,4,U,1007,2673,0.01064,0.01062817,24.979387,0.265781,3.745316e-06,210.527,1.317,510,true,5.563,59,true,2.111,64,true,5.3949e-08,1.7977e-07,1.1286e-06,false,-1
almond_lam12,d4,74.688859,4,T,1004,2673,0.01064,0.010628565,22.893987,0.243592,3.701247e-06,209.306,1.171,434,true,5.773,52,true,1.918,52,true,5.5873e-08,1.5690e-07,1.6537e-07,false,-1
almond_lam12,d4,74.688859,4,T,1007,2673,0.01064,0.010624327,25.108997,0.267160,3.838887e-06,209.862,1.264,486,true,5.342,56,true,2.187,61,true,4.8985e-08,2.2353e-07,1.2083e-06,false,-1
almond_lam12,d4,74.688859,5,U,1004,2673,0.0133,0.013285706,21.436846,0.285110,3.698539e-06,209.763,1.140,454,true,5.119,55,true,2.055,58,true,6.3206e-08,1.9439e-07,3.0106e-06,false,-1
almond_lam12,d4,74.688859,5,U,1007,2673,0.0133,0.013285213,24.979387,0.332226,3.641566e-06,189.711,1.150,473,true,4.735,55,true,1.965,60,true,5.1143e-08,2.0062e-07,2.8446e-07,false,-1
almond_lam12,d4,74.688859,5,T,1004,2673,0.0133,0.013285706,22.893987,0.304490,3.698539e-06,181.629,1.098,457,true,4.832,55,true,1.806,59,true,6.1118e-08,2.1677e-07,1.1154e-05,false,-1
almond_lam12,d4,74.688859,5,T,1007,2673,0.0133,0.013280409,25.108997,0.333950,3.864388e-06,184.789,1.145,465,true,4.583,54,true,1.863,58,true,5.4812e-08,2.2526e-07,2.1291e-07,false,-1
