mesh,ell,kappa,level,case,seed,dof,eps_m,maxdisp_m,sup_DV,cert,min_area,t_assembly_frozen_s,t_assembly_extra_s,t_frozen_s,iters_frozen,conv_frozen,res_frozen,t_fresh_s,iters_fresh,conv_fresh,res_fresh,has_fresh
almond_lam12,d4,74.688859,5,U,5000,2673,0.0133,0.0132763,27.140378,0.360967,3.429507e-06,7.391,177.869,4.689,54,true,1.8317e-07,2.161,53,true,2.5186e-07,true
almond_lam12,d4,74.688859,5,U,5001,2673,0.0133,0.013298235,18.091657,0.240619,3.589468e-06,5.130,173.963,3.714,47,true,3.8126e-07,2.016,44,true,3.5427e-07,true
almond_lam12,d4,74.688859,5,U,5002,2673,0.0133,0.013294179,23.215955,0.308772,3.961347e-06,5.094,174.685,4.317,52,true,2.0259e-07,2.166,52,true,6.9775e-07,true
almond_lam12,d4,74.688859,5,U,5003,2673,0.0133,0.013275975,28.224518,0.375386,3.833024e-06,5.096,173.967,4.411,56,true,1.9368e-07,2.262,56,true,1.8195e-07,true
almond_lam12,d4,74.688859,5,U,5004,2673,0.0133,0.0132894,24.754099,0.329230,3.866051e-06,5.045,173.954,3.991,50,true,2.3884e-07,2.098,49,true,3.1789e-07,true
almond_lam12,d4,74.688859,5,U,5005,2673,0.0133,0.013266264,20.387518,0.271154,4.012339e-06,5.125,172.172,4.039,50,true,2.2422e-07,2.044,47,true,2.5246e-07,true
almond_lam12,d4,74.688859,5,U,5006,2673,0.0133,0.013278231,17.236560,0.229246,3.641031e-06,5.103,173.959,3.814,49,true,2.5348e-07,2.118,47,true,2.6009e-07,true
almond_lam12,d4,74.688859,5,U,5007,2673,0.0133,0.01327593,17.187457,0.228593,3.927576e-06,5.308,176.107,4.391,51,true,1.9323e-07,2.101,50,true,4.3128e-07,true
almond_lam12,d4,74.688859,5,U,5008,2673,0.0133,0.013298021,24.137841,0.321033,3.605452e-06,5.108,175.030,4.059,50,true,2.4575e-07,2.116,49,true,2.5657e-07,true
almond_lam12,d4,74.688859,5,U,5009,2673,0.0133,0.01329337,24.750185,0.329177,3.073314e-06,5.060,170.825,4.092,51,true,2.0028e-07,2.112,49,true,3.3910e-07,true
almond_lam12,d4,74.688859,5,U,5010,2673,0.0133,0.013277674,34.859326,0.463629,3.397378e-06,5.020,172.308,3.849,49,true,2.8879e-07,1.851,44,true,3.4543e-07,true
almond_lam12,d4,74.688859,5,U,5011,2673,0.0133,0.013261839,33.212150,0.441722,3.574557e-06,5.028,172.046,4.271,53,true,1.6013e-07,2.170,52,true,2.1672e-07,true
almond_lam12,d4,74.688859,5,U,5012,2673,0.0133,0.013299569,21.025516,0.279639,3.327564e-06,5.023,171.849,4.627,57,true,1.4821e-07,2.318,59,true,3.7917e-07,true
almond_lam12,d4,74.688859,5,U,5013,2673,0.0133,0.013290189,21.766623,0.289496,3.608892e-06,5.226,171.900,4.187,51,true,1.9823e-07,1.926,47,true,1.9243e-07,true
almond_lam12,d4,74.688859,5,U,5014,2673,0.0133,0.013275922,23.874583,0.317532,3.345378e-06,5.018,172.601,4.401,54,true,2.4931e-07,2.443,58,true,3.9390e-07,true
almond_lam12,d4,74.688859,5,U,5015,2673,0.0133,0.013296278,20.903871,0.278021,3.755607e-06,5.021,175.701,3.814,47,true,2.9398e-07,1.970,44,true,2.5280e-07,true
almond_lam12,d4,74.688859,5,U,5016,2673,0.0133,0.013273378,20.898357,0.277948,3.102614e-06,5.072,175.987,4.091,51,true,1.8537e-07,2.078,50,true,2.7253e-07,true
almond_lam12,d4,74.688859,5,U,5017,2673,0.0133,0.013290063,25.194119,0.335082,3.453061e-06,5.113,181.840,4.149,51,true,1.8090e-07,2.167,49,true,1.8974e-07,true
almond_lam12,d4,74.688859,5,U,5018,2673,0.0133,0.013284748,15.885252,0.211274,3.797997e-06,5.417,176.818,4.209,52,true,1.8320e-07,2.393,54,true,1.8845e-07,true
almond_lam12,d4,74.688859,5,U,5019,2673,0.0133,0.01328162,21.978293,0.292311,4.047466e-06,5.056,180.316,4.517,56,true,1.5055e-07,2.463,60,true,8.4897e-07,true
almond_lam12,d4,74.688859,5,U,5020,2673,0.0133,0.013299119,18.878179,0.251080,3.371174e-06,5.469,0.000,3.913,49,true,2.6665e-07,NaN,-1,false,NaN,false
almond_lam12,d4,74.688859,5,U,5021,2673,0.0133,0.013256032,28.564693,0.379910,3.246979e-06,5.276,0.000,3.880,49,true,2.2564e-07,NaN,-1,false,NaN,false
almond_lam12,d4,74.688859,5,U,5022,2673,0.0133,0.013261017,30.387782,0.404157,3.823854e-06,5.014,0.000,4.044,51,true,2.5589e-07,NaN,-1,false,NaN,false
almond_lam12,d4,74.688859,5,U,5023,2673,0.0133,0.0133,18.375707,0.244397,3.286974e-06,5.101,0.000,4.136,52,true,2.0741e-07,NaN,-1,false,NaN,false
almond_lam12,d4,74.688859,5,U,5024,2673,0.0133,0.013299505,20.362050,0.270815,3.775155e-06,5.119,0.000,3.672,46,true,2.4923e-07,NaN,-1,false,NaN,false
almond_lam12,d4,74.688859,5,U,5025,2673,0.0133,0.013275107,22.769641,0.302836,3.257757e-06,5.102,0.000,3.918,50,true,2.9464e-07,NaN,-1,false,NaN,false
almond_lam12,d4,74.688859,5,U,5026,2673,0.0133,0.013288102,18.206457,0.242146,3.355761e-06,5.292,0.000,3.828,47,true,2.2303e-07,NaN,-1,false,NaN,false
almond_lam12,d4,74.688859,5,U,5027,2673,0.0133,0.013297554,21.637509,0.287779,3.277051e-06,5.109,0.000,4.045,52,true,2.5813e-07,NaN,-1,false,NaN,false
almond_lam12,d4,74.688859,5,U,5028,2673,0.0133,0.01328201,22.716412,0.302128,3.697758e-06,5.287,0.000,4.091,52,true,2.0768e-07,NaN,-1,false,NaN,false
almond_lam12,d4,74.688859,5,U,5029,2673,0.0133,0.013286644,21.196941,0.281919,3.103445e-06,5.101,0.000,4.132,52,true,1.9758e-07,NaN,-1,false,NaN,false
almond_lam12,d4,74.688859,5,U,5030,2673,0.0133,0.013268764,27.044304,0.359689,3.550971e-06,5.040,0.000,3.911,50,true,1.6307e-07,NaN,-1,false,NaN,false
almond_lam12,d4,74.688859,5,U,5031,2673,0.0133,0.013233234,35.193151,0.468069,3.468080e-06,5.044,0.000,4.144,53,true,1.7338e-07,NaN,-1,false,NaN,false
almond_lam12,d4,74.688859,5,U,5032,2673,0.0133,0.013293355,20.312363,0.270154,4.068422e-06,5.194,0.000,3.876,48,true,2.9169e-07,NaN,-1,false,NaN,false
almond_lam12,d4,74.688859,5,U,5033,2673,0.0133,0.013261895,22.243400,0.295837,4.066593e-06,5.224,0.000,3.959,51,true,2.3280e-07,NaN,-1,false,NaN,false
almond_lam12,d4,74.688859,5,U,5034,2673,0.0133,0.013293609,28.378708,0.377437,4.021211e-06,5.149,0.000,3.823,48,true,2.4093e-07,NaN,-1,false,NaN,false
almond_lam12,d4,74.688859,5,U,5035,2673,0.0133,0.013294958,19.193102,0.255268,3.841745e-06,5.019,0.000,4.167,48,true,1.7469e-07,NaN,-1,false,NaN,false
almond_lam12,d4,74.688859,5,U,5036,2673,0.0133,0.013274571,20.101004,0.267343,3.879420e-06,5.810,0.000,4.018,50,true,2.3059e-07,NaN,-1,false,NaN,false
almond_lam12,d4,74.688859,5,U,5037,2673,0.0133,0.0133,28.424313,0.378043,3.450893e-06,5.446,0.000,4.121,53,true,2.0096e-07,NaN,-1,false,NaN,false
almond_lam12,d4,74.688859,5,U,5038,2673,0.0133,0.013277222,22.219183,0.295515,3.315207e-06,5.335,0.000,4.004,51,true,1.7077e-07,NaN,-1,false,NaN,false
almond_lam12,d4,74.688859,5,U,5039,2673,0.0133,0.013294982,23.289051,0.309744,4.036098e-06,5.198,0.000,4.330,53,true,1.9347e-07,NaN,-1,false,NaN,false
almond_lam12,d4,74.688859,5,U,5040,2673,0.0133,0.013285124,21.726664,0.288965,3.436820e-06,5.443,0.000,4.138,51,true,1.4830e-07,NaN,-1,false,NaN,false
almond_lam12,d4,74.688859,5,U,5041,2673,0.0133,0.013280892,23.862994,0.317378,3.492641e-06,5.596,0.000,4.093,48,true,2.6486e-07,NaN,-1,false,NaN,false
almond_lam12,d4,74.688859,5,U,5042,2673,0.0133,0.013300278,18.376635,0.244409,3.857978e-06,5.244,0.000,3.985,49,true,2.7298e-07,NaN,-1,false,NaN,false
almond_lam12,d4,74.688859,5,U,5043,2673,0.0133,0.013297527,19.684530,0.261804,3.303361e-06,5.850,0.000,4.328,47,true,2.1081e-07,NaN,-1,false,NaN,false
almond_lam12,d4,74.688859,5,U,5044,2673,0.0133,0.013283742,37.470964,0.498364,3.679712e-06,5.385,0.000,4.266,51,true,1.9254e-07,NaN,-1,false,NaN,false
almond_lam12,d4,74.688859,5,U,5045,2673,0.0133,0.013270164,28.735288,0.382179,3.530365e-06,5.442,0.000,4.764,51,true,2.7370e-07,NaN,-1,false,NaN,false
almond_lam12,d4,74.688859,5,U,5046,2673,0.0133,0.013278792,29.587854,0.393518,3.024294e-06,5.487,0.000,4.517,54,true,1.6522e-07,NaN,-1,false,NaN,false
almond_lam12,d4,74.688859,5,U,5047,2673,0.0133,0.013301046,18.620624,0.247654,3.538794e-06,5.365,0.000,4.383,51,true,2.1365e-07,NaN,-1,false,NaN,false
almond_lam12,d4,74.688859,5,U,5048,2673,0.0133,0.013284878,20.461551,0.272139,3.829180e-06,5.646,0.000,4.508,56,true,1.6057e-07,NaN,-1,false,NaN,false
almond_lam12,d4,74.688859,5,U,5049,2673,0.0133,0.013289495,27.092981,0.360337,3.943065e-06,5.675,0.000,4.202,51,true,1.8154e-07,NaN,-1,false,NaN,false
almond_lam12,d4,74.688859,5,U,5050,2673,0.0133,0.013256235,21.852203,0.290634,3.654396e-06,5.272,0.000,4.245,52,true,2.4377e-07,NaN,-1,false,NaN,false
almond_lam12,d4,74.688859,5,U,5051,2673,0.0133,0.013264193,27.465764,0.365295,3.698665e-06,5.637,0.000,4.620,50,true,2.0704e-07,NaN,-1,false,NaN,false
almond_lam12,d4,74.688859,5,U,5052,2673,0.0133,0.013256021,24.595723,0.327123,4.150363e-06,5.454,0.000,4.222,52,true,1.9415e-07,NaN,-1,false,NaN,false
almond_lam12,d4,74.688859,5,U,5053,2673,0.0133,0.013281497,21.061168,0.280114,3.727787e-06,5.865,0.000,4.099,51,true,1.6350e-07,NaN,-1,false,NaN,false
almond_lam12,d4,74.688859,5,U,5054,2673,0.0133,0.013279538,30.483078,0.405425,3.933147e-06,5.444,0.000,4.477,58,true,2.2061e-07,NaN,-1,false,NaN,false
almond_lam12,d4,74.688859,5,U,5055,2673,0.0133,0.013276074,21.008189,0.279409,4.268657e-06,5.694,0.000,3.993,49,true,2.1944e-07,NaN,-1,false,NaN,false
almond_lam12,d4,74.688859,5,U,5056,2673,0.0133,0.013278078,18.544353,0.246640,3.458635e-06,5.473,0.000,4.132,49,true,1.8683e-07,NaN,-1,false,NaN,false
almond_lam12,d4,74.688859,5,U,5057,2673,0.0133,0.013287796,18.679457,0.248437,4.024739e-06,5.434,0.000,4.238,51,true,1.9030e-07,NaN,-1,false,NaN,false
almond_lam12,d4,74.688859,5,U,5058,2673,0.0133,0.013257161,21.872629,0.290906,3.534207e-06,5.369,0.000,4.225,51,true,2.3582e-07,NaN,-1,false,NaN,false
almond_lam12,d4,74.688859,5,U,5059,2673,0.0133,0.013296247,18.622881,0.247684,3.792195e-06,5.770,0.000,4.346,54,true,2.4663e-07,NaN,-1,false,NaN,false
almond_lam12,d4,74.688859,5,U,5060,2673,0.0133,0.013279365,32.843131,0.436814,3.704940e-06,5.376,0.000,4.470,54,true,2.7640e-07,NaN,-1,false,NaN,false
almond_lam12,d4,74.688859,5,U,5061,2673,0.0133,0.013280695,26.460895,0.351930,3.725904e-06,5.693,0.000,4.374,53,true,1.8588e-07,NaN,-1,false,NaN,false
almond_lam12,d4,74.688859,5,U,5062,2673,0.0133,0.013246652,27.823993,0.370059,3.455240e-06,5.651,0.000,3.943,49,true,2.4102e-07,NaN,-1,false,NaN,false
almond_lam12,d4,74.688859,5,U,5063,2673,0.0133,0.013285038,30.421438,0.404605,3.759405e-06,5.488,0.000,4.836,56,true,1.6661e-07,NaN,-1,false,NaN,false
almond_lam12,d4,74.688859,5,U,5064,2673,0.0133,0.013297997,27.032139,0.359527,3.901140e-06,5.678,0.000,4.145,49,true,1.9073e-07,NaN,-1,false,NaN,false
almond_lam12,d4,74.688859,5,U,5065,2673,0.0133,0.013290356,18.101240,0.240746,3.750092e-06,5.659,0.000,4.297,51,true,2.1385e-07,NaN,-1,false,NaN,false
almond_lam12,d4,74.688859,5,U,5066,2673,0.0133,0.013237609,23.857496,0.317305,3.913633e-06,5.325,0.000,4.188,49,true,1.9890e-07,NaN,-1,false,NaN,false
almond_lam12,d4,74.688859,5,U,5067,2673,0.0133,0.013268271,25.719147,0.342065,4.654681e-06,5.727,0.000,4.242,52,true,1.9442e-07,NaN,-1,false,NaN,false
almond_lam12,d4,74.688859,5,U,5068,2673,0.0133,0.01326409,32.974724,0.438564,3.378894e-06,5.319,0.000,4.232,52,true,2.1043e-07,NaN,-1,false,NaN,false
almond_lam12,d4,74.688859,5,U,5069,2673,0.0133,0.013295443,17.228468,0.229139,3.902201e-06,5.718,0.000,4.864,50,true,2.6415e-07,NaN,-1,false,NaN,false
almond_lam12,d4,74.688859,5,U,5070,2673,0.0133,0.01327922,19.888270,0.264514,2.997546e-06,5.870,0.000,4.261,49,true,1.7217e-07,NaN,-1,false,NaN,false
almond_lam12,d4,74.688859,5,U,5071,2673,0.0133,0.013269815,25.395456,0.337760,3.281267e-06,5.599,0.000,4.353,51,true,2.6825e-07,NaN,-1,false,NaN,false
almond_lam12,d4,74.688859,5,U,5072,2673,0.0133,0.013288946,28.399315,0.377711,3.742430e-06,5.661,0.000,4.393,52,true,2.0678e-07,NaN,-1,false,NaN,false
almond_lam12,d4,74.688859,5,U,5073,2673,0.0133,0.01329293,25.931241,0.344886,3.047952e-06,5.736,0.000,4.302,50,true,2.6297e-07,NaN,-1,false,NaN,false
almond_lam12,d4,74.688859,5,U,5074,2673,0.0133,0.013256703,25.503367,0.339195,3.681100e-06,5.660,0.000,4.490,49,true,3.0243e-07,NaN,-1,false,NaN,false
almond_lam12,d4,74.688859,5,U,5075,2673,0.0133,0.013295347,18.963869,0.252219,3.676836e-06,5.661,0.000,4.370,51,true,2.0973e-07,NaN,-1,false,NaN,false
almond_lam12,d4,74.688859,5,U,5076,2673,0.0133,0.013281727,25.406881,0.337912,3.394500e-06,5.369,0.000,4.310,48,true,1.9715e-07,NaN,-1,false,NaN,false
almond_lam12,d4,74.688859,5,U,5077,2673,0.0133,0.013265612,25.817463,0.343372,4.017911e-06,5.673,0.000,4.307,50,true,2.3308e-07,NaN,-1,false,NaN,false
almond_lam12,d4,74.688859,5,U,5078,2673,0.0133,0.01328946,25.760531,0.342615,3.196427e-06,5.320,0.000,3.805,47,true,3.2725e-07,NaN,-1,false,NaN,false
almond_lam12,d4,74.688859,5,U,5079,2673,0.0133,0.013266023,30.440544,0.404859,3.726171e-06,5.287,0.000,4.294,51,true,1.9493e-07,NaN,-1,false,NaN,false
almond_lam12,d4,74.688859,5,U,5080,2673,0.0133,0.013282644,19.156850,0.254786,3.311904e-06,5.413,0.000,4.111,48,true,3.2907e-07,NaN,-1,false,NaN,false
almond_lam12,d4,74.688859,5,U,5081,2673,0.0133,0.013271905,26.547430,0.353081,3.290813e-06,5.763,0.000,4.297,50,true,1.9012e-07,NaN,-1,false,NaN,false
almond_lam12,d4,74.688859,5,U,5082,2673,0.0133,0.013290729,23.889337,0.317728,3.795914e-06,5.534,0.000,4.292,50,true,2.5101e-07,NaN,-1,false,NaN,false
almond_lam12,d4,74.688859,5,U,5083,2673,0.0133,0.013286181,29.050181,0.386367,3.552041e-06,5.694,0.000,4.240,52,true,2.7109e-07,NaN,-1,false,NaN,false
almond_lam12,d4,74.688859,5,U,5084,2673,0.0133,0.013294604,25.917154,0.344698,3.072115e-06,5.614,0.000,4.468,52,true,1.5948e-07,NaN,-1,false,NaN,false
almond_lam12,d4,74.688859,5,U,5085,2673,0.0133,0.013250168,20.693885,0.275229,3.149756e-06,5.461,0.000,4.432,49,true,1.8534e-07,NaN,-1,false,NaN,false
almond_lam12,d4,74.688859,5,U,5086,2673,0.0133,0.013279886,27.500987,0.365763,3.488334e-06,5.637,0.000,4.476,52,true,2.4271e-07,NaN,-1,false,NaN,false
almond_lam12,d4,74.688859,5,U,5087,2673,0.0133,0.013273211,30.553718,0.406364,3.763609e-06,5.968,0.000,4.283,53,true,1.7159e-07,NaN,-1,false,NaN,false
almond_lam12,d4,74.688859,5,U,5088,2673,0.0133,0.013284903,21.730397,0.289014,3.766029e-06,5.866,0.000,4.019,48,true,3.0089e-07,NaN,-1,false,NaN,false
almond_lam12,d4,74.688859,5,U,5089,2673,0.0133,0.013287585,25.125717,0.334172,3.591962e-06,5.451,0.000,4.091,48,true,3.5214e-07,NaN,-1,false,NaN,false
almond_lam12,d4,74.688859,5,U,5090,2673,0.0133,0.013294099,17.216246,0.228976,3.320635e-06,5.563,0.000,4.754,48,true,2.2692e-07,NaN,-1,false,NaN,false
almond_lam12,d4,74.688859,5,U,5091,2673,0.0133,0.013279553,19.700168,0.262012,3.674335e-06,5.691,0.000,4.428,52,true,2.2448e-07,NaN,-1,false,NaN,false
almond_lam12,d4,74.688859,5,U,5092,2673,0.0133,0.013266941,24.238535,0.322373,4.493588e-06,5.350,0.000,4.202,50,true,2.7527e-07,NaN,-1,false,NaN,false
almond_lam12,d4,74.688859,5,U,5093,2673,0.0133,0.013287376,28.318114,0.376631,3.733376e-06,5.469,0.000,4.193,50,true,2.0705e-07,NaN,-1,false,NaN,false
almond_lam12,d4,74.688859,5,U,5094,2673,0.0133,0.013271142,24.384743,0.324317,2.946096e-06,5.639,0.000,4.047,49,true,1.8074e-07,NaN,-1,false,NaN,false
almond_lam12,d4,74.688859,5,U,5095,2673,0.0133,0.013275633,23.892403,0.317769,4.449383e-06,5.480,0.000,4.074,49,true,4.2822e-07,NaN,-1,false,NaN,false
almond_lam12,d4,74.688859,5,U,5096,2673,0.0133,0.013266069,30.421821,0.404610,3.713662e-06,5.332,0.000,4.254,50,true,3.3368e-07,NaN,-1,false,NaN,false
almond_lam12,d4,74.688859,5,U,5097,2673,0.0133,0.013296928,21.827360,0.290304,3.904162e-06,5.531,0.000,4.759,51,true,2.8970e-07,NaN,-1,false,NaN,false
almond_lam12,d4,74.688859,5,U,5098,2673,0.0133,0.013293637,23.209697,0.308689,4.193942e-06,5.774,0.000,4.356,51,true,1.6905e-07,NaN,-1,false,NaN,false
almond_lam12,d4,74.688859,5,U,5099,2673,0.0133,0.01329472,22.105510,0.294003,3.536290e-06,5.557,0.000,4.611,54,true,1.9253e-07,NaN,-1,false,NaN,false
