phi_deg,pol,geometry,strategy,sigma_m2,iters,seconds
0.0000,V,nominal,fresh,1.10512964e-04,40,7.906
0.0000,V,perturbed,frozen,9.72096923e-05,54,4.197
0.0000,V,perturbed,fresh,9.72097197e-05,53,1.705
0.0000,H,nominal,fresh,1.51489960e-03,42,1.303
0.0000,H,perturbed,frozen,1.35292753e-03,55,4.590
0.0000,H,perturbed,fresh,1.35292782e-03,53,1.671
2.5000,V,nominal,fresh,1.10036555e-04,42,1.304
2.5000,V,perturbed,frozen,9.72389396e-05,54,4.051
2.5000,V,perturbed,fresh,9.72389136e-05,52,1.640
2.5000,H,nominal,fresh,1.51556329e-03,44,1.357
2.5000,H,perturbed,frozen,1.30248363e-03,55,4.206
2.5000,H,perturbed,fresh,1.30248366e-03,53,1.673
5.0000,V,nominal,fresh,1.08258039e-04,43,1.320
5.0000,V,perturbed,frozen,9.83153007e-05,54,4.170
5.0000,V,perturbed,fresh,9.83153545e-05,53,1.660
5.0000,H,nominal,fresh,1.51741921e-03,46,1.395
5.0000,H,perturbed,frozen,1.24975325e-03,55,4.255
5.0000,H,perturbed,fresh,1.24975349e-03,53,1.659
7.5000,V,nominal,fresh,1.04896245e-04,44,1.325
7.5000,V,perturbed,frozen,1.00342960e-04,54,3.966
7.5000,V,perturbed,fresh,1.00343023e-04,53,1.651
7.5000,H,nominal,fresh,1.52934428e-03,46,1.390
7.5000,H,perturbed,frozen,1.19718370e-03,55,4.154
7.5000,H,perturbed,fresh,1.19718379e-03,53,1.667
10.0000,V,nominal,fresh,9.95790889e-05,44,1.331
10.0000,V,perturbed,frozen,1.03191960e-04,54,4.218
10.0000,V,perturbed,fresh,1.03192028e-04,53,1.657
10.0000,H,nominal,fresh,1.56205723e-03,46,1.360
10.0000,H,perturbed,frozen,1.15167531e-03,55,4.163
10.0000,H,perturbed,fresh,1.15167523e-03,53,1.653
12.5000,V,nominal,fresh,9.20184048e-05,44,1.330
12.5000,V,perturbed,frozen,1.06562787e-04,54,4.102
12.5000,V,perturbed,fresh,1.06562858e-04,53,1.649
12.5000,H,nominal,fresh,1.62273461e-03,46,1.383
12.5000,H,perturbed,frozen,1.12254548e-03,54,4.048
12.5000,H,perturbed,fresh,1.12254445e-03,53,1.664
15.0000,V,nominal,fresh,8.23128459e-05,44,1.337
15.0000,V,perturbed,frozen,1.09771264e-04,54,4.070
15.0000,V,perturbed,fresh,1.09771336e-04,53,1.640
15.0000,H,nominal,fresh,1.70905009e-03,46,1.370
15.0000,H,perturbed,frozen,1.11777031e-03,54,4.108
15.0000,H,perturbed,fresh,1.11776951e-03,53,1.663
17.5000,V,nominal,fresh,7.13793851e-05,44,1.339
17.5000,V,perturbed,frozen,1.11525104e-04,55,4.141
17.5000,V,perturbed,fresh,1.11525156e-04,53,1.666
17.5000,H,nominal,fresh,1.80431329e-03,46,1.417
17.5000,H,perturbed,frozen,1.14004132e-03,54,4.276
17.5000,H,perturbed,fresh,1.14004081e-03,53,1.722
20.0000,V,nominal,fresh,6.13995414e-05,44,1.344
20.0000,V,perturbed,frozen,1.09876480e-04,55,4.188
20.0000,V,perturbed,fresh,1.09876546e-04,53,1.644
20.0000,H,nominal,fresh,1.87589720e-03,46,1.374
20.0000,H,perturbed,frozen,1.18462775e-03,54,4.221
20.0000,H,perturbed,fresh,1.18462750e-03,53,1.667
22.5000,V,nominal,fresh,5.59684793e-05,44,1.345
22.5000,V,perturbed,frozen,1.02658695e-04,55,4.421
22.5000,V,perturbed,fresh,1.02658812e-04,53,1.701
22.5000,H,nominal,fresh,1.87939832e-03,46,1.398
22.5000,H,perturbed,frozen,1.24025505e-03,54,4.464
22.5000,H,perturbed,fresh,1.24025483e-03,53,1.717
25.0000,V,nominal,fresh,5.94211474e-05,44,1.361
25.0000,V,perturbed,frozen,8.87048932e-05,55,4.312
25.0000,V,perturbed,fresh,8.87049643e-05,53,1.660
25.0000,H,nominal,fresh,1.77045557e-03,46,1.382
25.0000,H,perturbed,frozen,1.29185721e-03,54,4.491
25.0000,H,perturbed,fresh,1.29185691e-03,53,1.866
27.5000,V,nominal,fresh,7.48104033e-05,44,1.341
27.5000,V,perturbed,frozen,6.97622118e-05,55,4.408
27.5000,V,perturbed,fresh,6.97622102e-05,53,1.663
27.5000,H,nominal,fresh,1.52394686e-03,46,1.393
27.5000,H,perturbed,frozen,1.32178484e-03,54,4.267
27.5000,H,perturbed,fresh,1.32178486e-03,53,1.574
30.0000,V,nominal,fresh,1.00607665e-04,44,1.329
30.0000,V,perturbed,frozen,5.20864711e-05,55,4.222
30.0000,V,perturbed,fresh,5.20865196e-05,53,1.839
30.0000,H,nominal,fresh,1.15549911e-03,46,1.382
30.0000,H,perturbed,frozen,1.30721949e-03,55,4.227
30.0000,H,perturbed,fresh,1.30722007e-03,53,1.671
32.5000,V,nominal,fresh,1.27647310e-04,44,1.346
32.5000,V,perturbed,frozen,4.55798279e-05,55,4.283
32.5000,V,perturbed,fresh,4.55799136e-05,53,1.516
32.5000,H,nominal,fresh,7.33604541e-04,46,1.383
32.5000,H,perturbed,frozen,1.21821156e-03,55,4.326
32.5000,H,perturbed,fresh,1.21821209e-03,53,1.654
35.0000,V,nominal,fresh,1.39656661e-04,44,1.342
35.0000,V,perturbed,frozen,5.83363629e-05,55,4.364
35.0000,V,perturbed,fresh,5.83364743e-05,53,1.692
35.0000,H,nominal,fresh,3.67158626e-04,46,1.405
35.0000,H,perturbed,frozen,1.02775336e-03,55,4.543
35.0000,H,perturbed,fresh,1.02775428e-03,53,1.724
37.5000,V,nominal,fresh,1.21065755e-04,44,1.379
37.5000,V,perturbed,frozen,8.74742923e-05,55,4.452
37.5000,V,perturbed,fresh,8.74743123e-05,53,1.532
37.5000,H,nominal,fresh,1.61781923e-04,46,1.388
37.5000,H,perturbed,frozen,7.39579190e-04,55,4.422
37.5000,H,perturbed,fresh,7.39579960e-04,53,1.719
40.0000,V,nominal,fresh,7.19786214e-05,44,1.373
40.0000,V,perturbed,frozen,1.13316252e-04,55,4.613
40.0000,V,perturbed,fresh,1.13316229e-04,53,1.801
40.0000,H,nominal,fresh,1.63689386e-04,47,1.470
40.0000,H,perturbed,frozen,4.14296180e-04,55,4.631
40.0000,H,perturbed,fresh,4.14296594e-04,53,1.717
42.5000,V,nominal,fresh,2.15177629e-05,44,1.362
42.5000,V,perturbed,frozen,1.08330525e-04,55,4.425
42.5000,V,perturbed,fresh,1.08330361e-04,53,1.675
42.5000,H,nominal,fresh,3.37203085e-04,47,1.432
42.5000,H,perturbed,frozen,1.53473884e-04,54,4.482
42.5000,H,perturbed,fresh,1.53473869e-04,53,1.747
45.0000,V,nominal,fresh,2.27800457e-05,44,1.350
45.0000,V,perturbed,frozen,6.49141633e-05,55,4.662
45.0000,V,perturbed,fresh,6.49138615e-05,53,1.739
45.0000,H,nominal,fresh,6.13802234e-04,47,1.435
45.0000,H,perturbed,frozen,3.07209378e-05,54,4.136
45.0000,H,perturbed,fresh,3.07209026e-05,53,1.730
47.5000,V,nominal,fresh,1.17549410e-04,44,1.392
47.5000,V,perturbed,frozen,2.27933745e-05,55,4.354
47.5000,V,perturbed,fresh,2.27930443e-05,53,1.711
47.5000,H,nominal,fresh,9.83269665e-04,48,1.474
47.5000,H,perturbed,frozen,3.91638141e-05,54,4.460
47.5000,H,perturbed,fresh,3.91637597e-05,53,1.685
50.0000,V,nominal,fresh,2.85127464e-04,44,1.385
50.0000,V,perturbed,frozen,5.56318156e-05,55,4.362
50.0000,V,perturbed,fresh,5.56315914e-05,53,1.724
50.0000,H,nominal,fresh,1.52186002e-03,47,1.416
50.0000,H,perturbed,frozen,1.50470505e-04,54,4.243
50.0000,H,perturbed,fresh,1.50470834e-04,52,1.659
52.5000,V,nominal,fresh,4.23422022e-04,44,1.354
52.5000,V,perturbed,frozen,1.96675292e-04,55,4.351
52.5000,V,perturbed,fresh,1.96675176e-04,53,1.691
52.5000,H,nominal,fresh,2.28484884e-03,47,1.639
52.5000,H,perturbed,frozen,4.44269340e-04,54,4.424
52.5000,H,perturbed,fresh,4.44269699e-04,52,1.727
55.0000,V,nominal,fresh,4.11331817e-04,44,1.392
55.0000,V,perturbed,frozen,3.60237121e-04,54,4.242
55.0000,V,perturbed,fresh,3.60237129e-04,53,1.698
55.0000,H,nominal,fresh,3.16319624e-03,47,1.415
55.0000,H,perturbed,frozen,1.09901893e-03,55,4.430
55.0000,H,perturbed,fresh,1.09901761e-03,52,1.647
57.5000,V,nominal,fresh,2.37368668e-04,44,1.340
57.5000,V,perturbed,frozen,3.80608639e-04,54,4.277
57.5000,V,perturbed,fresh,3.80608825e-04,53,1.700
57.5000,H,nominal,fresh,3.92224533e-03,47,1.418
57.5000,H,perturbed,frozen,2.16640743e-03,55,4.328
57.5000,H,perturbed,fresh,2.16640508e-03,52,1.837
60.0000,V,nominal,fresh,8.54440258e-05,44,1.344
60.0000,V,perturbed,frozen,2.17528676e-04,54,4.069
60.0000,V,perturbed,fresh,2.17528863e-04,53,1.681
60.0000,H,nominal,fresh,4.46041772e-03,47,1.451
60.0000,H,perturbed,frozen,3.45663402e-03,54,4.403
60.0000,H,perturbed,fresh,3.45663457e-03,52,1.671
62.5000,V,nominal,fresh,2.52461254e-04,44,1.352
62.5000,V,perturbed,frozen,1.56932983e-04,54,4.339
62.5000,V,perturbed,fresh,1.56932988e-04,53,1.546
62.5000,H,nominal,fresh,4.98511837e-03,48,1.474
62.5000,H,perturbed,frozen,4.87659052e-03,54,4.124
62.5000,H,perturbed,fresh,4.87658782e-03,53,1.712
65.0000,V,nominal,fresh,9.06459924e-04,44,1.374
65.0000,V,perturbed,frozen,7.04844317e-04,54,4.206
65.0000,V,perturbed,fresh,7.04844376e-04,53,1.671
65.0000,H,nominal,fresh,5.81594446e-03,48,1.441
65.0000,H,perturbed,frozen,6.84025105e-03,54,4.155
65.0000,H,perturbed,fresh,6.84024729e-03,53,1.670
67.5000,V,nominal,fresh,1.88318088e-03,44,1.365
67.5000,V,perturbed,frozen,2.11282768e-03,54,4.133
67.5000,V,perturbed,fresh,2.11282780e-03,53,1.697
67.5000,H,nominal,fresh,7.01407116e-03,48,1.443
67.5000,H,perturbed,frozen,9.92539453e-03,54,4.292
67.5000,H,perturbed,fresh,9.92539241e-03,53,1.706
70.0000,V,nominal,fresh,2.74272052e-03,44,1.354
70.0000,V,perturbed,frozen,3.95335993e-03,54,4.185
70.0000,V,perturbed,fresh,3.95336021e-03,53,1.688
70.0000,H,nominal,fresh,8.30393494e-03,47,1.417
70.0000,H,perturbed,frozen,1.38719921e-02,54,4.082
70.0000,H,perturbed,fresh,1.38719920e-02,53,1.687
72.5000,V,nominal,fresh,3.07869161e-03,44,1.356
72.5000,V,perturbed,frozen,5.28476061e-03,54,4.380
72.5000,V,perturbed,fresh,5.28476086e-03,53,1.708
72.5000,H,nominal,fresh,9.30172681e-03,47,1.432
72.5000,H,perturbed,frozen,1.71833368e-02,54,4.589
72.5000,H,perturbed,fresh,1.71833383e-02,53,1.827
75.0000,V,nominal,fresh,2.80795853e-03,45,1.421
75.0000,V,perturbed,frozen,5.37581332e-03,54,4.312
75.0000,V,perturbed,fresh,5.37581345e-03,53,1.670
75.0000,H,nominal,fresh,9.63389782e-03,46,1.391
75.0000,H,perturbed,frozen,1.80075307e-02,54,4.208
75.0000,H,perturbed,fresh,1.80075339e-02,53,1.710
77.5000,V,nominal,fresh,2.17945718e-03,45,1.407
77.5000,V,perturbed,frozen,4.28790554e-03,54,4.383
77.5000,V,perturbed,fresh,4.28790544e-03,53,1.720
77.5000,H,nominal,fresh,8.93433435e-03,47,1.436
77.5000,H,perturbed,frozen,1.54532772e-02,55,4.535
77.5000,H,perturbed,fresh,1.54532783e-02,53,1.746
80.0000,V,nominal,fresh,1.53110960e-03,45,1.425
80.0000,V,perturbed,frozen,2.73411759e-03,54,4.323
80.0000,V,perturbed,fresh,2.73411735e-03,53,1.712
80.0000,H,nominal,fresh,7.16420201e-03,47,1.425
80.0000,H,perturbed,frozen,1.03848148e-02,54,4.460
80.0000,H,perturbed,fresh,1.03848142e-02,53,1.696
82.5000,V,nominal,fresh,1.05945803e-03,45,1.357
82.5000,V,perturbed,frozen,1.45557096e-03,54,4.192
82.5000,V,perturbed,fresh,1.45557067e-03,53,1.676
82.5000,H,nominal,fresh,5.11050262e-03,48,1.431
82.5000,H,perturbed,frozen,5.40128294e-03,54,4.041
82.5000,H,perturbed,fresh,5.40128464e-03,52,1.656
85.0000,V,nominal,fresh,7.91144097e-04,45,1.364
85.0000,V,perturbed,frozen,7.99210865e-04,54,4.139
85.0000,V,perturbed,fresh,7.99210808e-04,53,1.671
85.0000,H,nominal,fresh,4.19478419e-03,48,1.417
85.0000,H,perturbed,frozen,3.44453622e-03,54,4.244
85.0000,H,perturbed,fresh,3.44453585e-03,52,1.484
87.5000,V,nominal,fresh,6.91110438e-04,45,1.346
87.5000,V,perturbed,frozen,7.38893412e-04,54,4.193
87.5000,V,perturbed,fresh,7.38893730e-04,53,1.669
87.5000,H,nominal,fresh,5.33741205e-03,47,1.420
87.5000,H,perturbed,frozen,5.17952257e-03,54,4.380
87.5000,H,perturbed,fresh,5.17952203e-03,53,1.670
90.0000,V,nominal,fresh,7.26725250e-04,45,1.403
90.0000,V,perturbed,frozen,1.03270438e-03,54,4.138
90.0000,V,perturbed,fresh,1.03270483e-03,53,1.676
90.0000,H,nominal,fresh,7.84444552e-03,47,1.397
90.0000,H,perturbed,frozen,7.84361268e-03,54,4.129
90.0000,H,perturbed,fresh,7.84361110e-03,53,1.658
92.5000,V,nominal,fresh,8.34012177e-04,45,1.352
92.5000,V,perturbed,frozen,1.31917890e-03,54,4.000
92.5000,V,perturbed,fresh,1.31917944e-03,53,1.800
92.5000,H,nominal,fresh,9.52104404e-03,47,1.398
92.5000,H,perturbed,frozen,7.91110903e-03,54,3.993
92.5000,H,perturbed,fresh,7.91110651e-03,53,1.663
95.0000,V,nominal,fresh,9.04961919e-04,45,1.356
95.0000,V,perturbed,frozen,1.30574477e-03,54,4.124
95.0000,V,perturbed,fresh,1.30574533e-03,53,1.644
95.0000,H,nominal,fresh,8.40826011e-03,46,1.356
95.0000,H,perturbed,frozen,5.03743263e-03,54,4.171
95.0000,H,perturbed,fresh,5.03743065e-03,53,1.652
97.5000,V,nominal,fresh,8.93498500e-04,45,1.345
97.5000,V,perturbed,frozen,1.05948274e-03,54,3.915
97.5000,V,perturbed,fresh,1.05948311e-03,53,1.652
97.5000,H,nominal,fresh,5.06188393e-03,47,1.394
97.5000,H,perturbed,frozen,2.45052450e-03,54,3.974
97.5000,H,perturbed,fresh,2.45052379e-03,53,1.647
100.0000,V,nominal,fresh,9.31907832e-04,45,1.345
100.0000,V,perturbed,frozen,1.02931308e-03,54,4.080
100.0000,V,perturbed,fresh,1.02931336e-03,53,1.642
100.0000,H,nominal,fresh,2.77120248e-03,48,1.407
100.0000,H,perturbed,frozen,3.22671249e-03,54,3.966
100.0000,H,perturbed,fresh,3.22671214e-03,53,1.658
102.5000,V,nominal,fresh,1.24506662e-03,45,1.349
102.5000,V,perturbed,frozen,1.58770097e-03,54,4.136
102.5000,V,perturbed,fresh,1.58770064e-03,53,1.637
102.5000,H,nominal,fresh,4.24868516e-03,48,1.400
102.5000,H,perturbed,frozen,6.65485693e-03,54,4.056
102.5000,H,perturbed,fresh,6.65485878e-03,53,1.635
105.0000,V,nominal,fresh,1.86405459e-03,45,1.339
105.0000,V,perturbed,frozen,2.51715552e-03,54,4.002
105.0000,V,perturbed,fresh,2.51715484e-03,53,1.638
105.0000,H,nominal,fresh,7.96226269e-03,48,1.398
105.0000,H,perturbed,frozen,8.70327005e-03,54,3.981
105.0000,H,perturbed,fresh,8.70327275e-03,53,1.648
107.5000,V,nominal,fresh,2.45554446e-03,44,1.330
107.5000,V,perturbed,frozen,3.08320219e-03,54,3.957
107.5000,V,perturbed,fresh,3.08320181e-03,53,1.663
107.5000,H,nominal,fresh,9.34492431e-03,48,1.416
107.5000,H,perturbed,frozen,6.55845389e-03,54,4.143
107.5000,H,perturbed,fresh,6.55845464e-03,52,1.629
110.0000,V,nominal,fresh,2.54237379e-03,44,1.336
110.0000,V,perturbed,frozen,2.71739143e-03,54,4.187
110.0000,V,perturbed,fresh,2.71739151e-03,53,1.592
110.0000,H,nominal,fresh,6.38737111e-03,48,1.608
110.0000,H,perturbed,frozen,2.43781581e-03,54,4.077
110.0000,H,perturbed,fresh,2.43781892e-03,53,1.678
112.5000,V,nominal,fresh,1.95041026e-03,44,1.347
112.5000,V,perturbed,frozen,1.59978026e-03,54,4.259
112.5000,V,perturbed,fresh,1.59978025e-03,53,1.693
112.5000,H,nominal,fresh,2.45491510e-03,46,1.406
112.5000,H,perturbed,frozen,1.34271031e-03,55,4.502
112.5000,H,perturbed,fresh,1.34270987e-03,53,1.655
115.0000,V,nominal,fresh,1.00954768e-03,44,1.376
115.0000,V,perturbed,frozen,5.06212525e-04,54,4.181
115.0000,V,perturbed,fresh,5.06212611e-04,53,1.639
115.0000,H,nominal,fresh,2.18949443e-03,48,1.454
115.0000,H,perturbed,frozen,4.56627984e-03,55,4.216
115.0000,H,perturbed,fresh,4.56627746e-03,53,1.638
117.5000,V,nominal,fresh,2.80429510e-04,44,1.317
117.5000,V,perturbed,frozen,9.56267183e-05,54,4.210
117.5000,V,perturbed,fresh,9.56272360e-05,53,1.639
117.5000,H,nominal,fresh,5.73013656e-03,48,1.403
117.5000,H,perturbed,frozen,7.61112911e-03,55,4.263
117.5000,H,perturbed,fresh,7.61112794e-03,54,1.673
120.0000,V,nominal,fresh,8.93250263e-05,44,1.336
120.0000,V,perturbed,frozen,3.86591568e-04,54,3.904
120.0000,V,perturbed,fresh,3.86592651e-04,53,1.647
120.0000,H,nominal,fresh,8.71465111e-03,48,1.406
120.0000,H,perturbed,frozen,6.07719570e-03,55,4.605
120.0000,H,perturbed,fresh,6.07719392e-03,53,1.642
122.5000,V,nominal,fresh,3.23841176e-04,44,1.322
122.5000,V,perturbed,frozen,8.85155834e-04,54,4.198
122.5000,V,perturbed,fresh,8.85156808e-04,53,1.651
122.5000,H,nominal,fresh,7.63890262e-03,48,1.423
122.5000,H,perturbed,frozen,1.69554233e-03,55,4.178
122.5000,H,perturbed,fresh,1.69553924e-03,53,1.654
125.0000,V,nominal,fresh,6.23463137e-04,44,1.336
125.0000,V,perturbed,frozen,1.11086048e-03,55,3.989
125.0000,V,perturbed,fresh,1.11086090e-03,53,1.652
125.0000,H,nominal,fresh,3.60261374e-03,48,1.408
125.0000,H,perturbed,frozen,1.72467621e-04,54,3.921
125.0000,H,perturbed,fresh,1.72468028e-04,54,1.666
127.5000,V,nominal,fresh,7.11713868e-04,44,1.317
127.5000,V,perturbed,frozen,9.57382649e-04,55,4.095
127.5000,V,perturbed,fresh,9.57382391e-04,53,1.647
127.5000,H,nominal,fresh,4.62443575e-04,48,1.421
127.5000,H,perturbed,frozen,3.93412375e-03,54,4.182
127.5000,H,perturbed,fresh,3.93412373e-03,54,1.679
130.0000,V,nominal,fresh,5.61976306e-04,44,1.326
130.0000,V,perturbed,frozen,6.34967228e-04,55,4.045
130.0000,V,perturbed,fresh,6.34966743e-04,53,1.637
130.0000,H,nominal,fresh,4.81671752e-04,48,1.411
130.0000,H,perturbed,frozen,9.32542842e-03,54,4.103
130.0000,H,perturbed,fresh,9.32542864e-03,53,1.642
132.5000,V,nominal,fresh,3.23803328e-04,44,1.334
132.5000,V,perturbed,frozen,3.89483040e-04,55,4.033
132.5000,V,perturbed,fresh,3.89482848e-04,53,1.645
132.5000,H,nominal,fresh,2.52860851e-03,48,1.561
132.5000,H,perturbed,frozen,1.10887530e-02,54,3.892
132.5000,H,perturbed,fresh,1.10887516e-02,53,1.650
135.0000,V,nominal,fresh,1.52958519e-04,44,1.323
135.0000,V,perturbed,frozen,3.08980792e-04,55,4.239
135.0000,V,perturbed,fresh,3.08980961e-04,53,1.645
135.0000,H,nominal,fresh,3.94138900e-03,48,1.408
135.0000,H,perturbed,frozen,7.90492581e-03,55,4.219
135.0000,H,perturbed,fresh,7.90492697e-03,53,1.645
137.5000,V,nominal,fresh,1.06050228e-04,44,1.322
137.5000,V,perturbed,frozen,3.31095080e-04,54,3.927
137.5000,V,perturbed,fresh,3.31095473e-04,53,1.641
137.5000,H,nominal,fresh,3.30011499e-03,48,1.414
137.5000,H,perturbed,frozen,2.95476431e-03,55,4.192
137.5000,H,perturbed,fresh,2.95476598e-03,53,1.652
140.0000,V,nominal,fresh,1.45479356e-04,44,1.325
140.0000,V,perturbed,frozen,3.56107024e-04,54,4.151
140.0000,V,perturbed,fresh,3.56107587e-04,53,1.633
140.0000,H,nominal,fresh,1.38617242e-03,47,1.391
140.0000,H,perturbed,frozen,2.08422876e-04,55,4.135
140.0000,H,perturbed,fresh,2.08422486e-04,54,1.665
142.5000,V,nominal,fresh,2.02056387e-04,43,1.311
142.5000,V,perturbed,frozen,3.33254996e-04,54,4.180
142.5000,V,perturbed,fresh,3.33255484e-04,53,1.642
142.5000,H,nominal,fresh,8.87451620e-05,47,1.391
142.5000,H,perturbed,frozen,1.09454358e-03,55,4.014
142.5000,H,perturbed,fresh,1.09454498e-03,54,1.663
145.0000,V,nominal,fresh,2.28240294e-04,43,1.298
145.0000,V,perturbed,frozen,2.71794635e-04,54,4.172
145.0000,V,perturbed,fresh,2.71794904e-04,53,1.663
145.0000,H,nominal,fresh,7.64528075e-04,48,1.414
145.0000,H,perturbed,frozen,4.25510901e-03,55,4.115
145.0000,H,perturbed,fresh,4.25511096e-03,54,1.662
147.5000,V,nominal,fresh,2.13876829e-04,43,1.302
147.5000,V,perturbed,frozen,2.06673667e-04,54,3.929
147.5000,V,perturbed,fresh,2.06673818e-04,53,1.635
147.5000,H,nominal,fresh,3.40994776e-03,48,1.396
147.5000,H,perturbed,frozen,7.41500354e-03,55,4.134
147.5000,H,perturbed,fresh,7.41500422e-03,54,1.653
150.0000,V,nominal,fresh,1.73919344e-04,44,1.312
150.0000,V,perturbed,frozen,1.64573860e-04,55,4.226
150.0000,V,perturbed,fresh,1.64573805e-04,53,1.646
150.0000,H,nominal,fresh,6.91509068e-03,48,1.426
150.0000,H,perturbed,frozen,9.09945507e-03,55,4.186
150.0000,H,perturbed,fresh,9.09945556e-03,54,1.685
152.5000,V,nominal,fresh,1.29294813e-04,44,1.347
152.5000,V,perturbed,frozen,1.51566733e-04,55,4.470
152.5000,V,perturbed,fresh,1.51566609e-04,53,1.682
152.5000,H,nominal,fresh,9.86890533e-03,48,1.443
152.5000,H,perturbed,frozen,9.07672905e-03,54,4.446
152.5000,H,perturbed,fresh,9.07672720e-03,54,1.724
155.0000,V,nominal,fresh,9.45784886e-05,44,1.378
155.0000,V,perturbed,frozen,1.58509792e-04,55,4.286
155.0000,V,perturbed,fresh,1.58509670e-04,53,1.701
155.0000,H,nominal,fresh,1.12801021e-02,48,1.542
155.0000,H,perturbed,frozen,7.86678316e-03,54,4.020
155.0000,H,perturbed,fresh,7.86678313e-03,54,1.701
157.5000,V,nominal,fresh,7.49469850e-05,44,1.347
157.5000,V,perturbed,frozen,1.71839421e-04,55,4.379
157.5000,V,perturbed,fresh,1.71839246e-04,53,1.712
157.5000,H,nominal,fresh,1.08887635e-02,48,1.466
157.5000,H,perturbed,frozen,6.11854008e-03,54,4.650
157.5000,H,perturbed,fresh,6.11854071e-03,54,1.701
160.0000,V,nominal,fresh,6.87541310e-05,44,1.353
160.0000,V,perturbed,frozen,1.81255222e-04,55,4.361
160.0000,V,perturbed,fresh,1.81255093e-04,53,1.708
160.0000,H,nominal,fresh,9.07924824e-03,47,1.408
160.0000,H,perturbed,frozen,4.30008015e-03,54,4.475
160.0000,H,perturbed,fresh,4.30008286e-03,54,1.730
162.5000,V,nominal,fresh,7.14516528e-05,44,1.351
162.5000,V,perturbed,frozen,1.82216161e-04,55,4.472
162.5000,V,perturbed,fresh,1.82216137e-04,53,1.651
162.5000,H,nominal,fresh,6.57613440e-03,47,1.439
162.5000,H,perturbed,frozen,2.68323461e-03,54,4.353
162.5000,H,perturbed,fresh,2.68323779e-03,54,1.737
165.0000,V,nominal,fresh,7.84615747e-05,44,1.356
165.0000,V,perturbed,frozen,1.74901276e-04,55,4.520
165.0000,V,perturbed,fresh,1.74901321e-04,53,1.680
165.0000,H,nominal,fresh,4.11592635e-03,47,1.417
165.0000,H,perturbed,frozen,1.42485982e-03,55,4.228
165.0000,H,perturbed,fresh,1.42486136e-03,54,1.717
167.5000,V,nominal,fresh,8.64811350e-05,44,1.378
167.5000,V,perturbed,frozen,1.61963983e-04,55,4.127
167.5000,V,perturbed,fresh,1.61964060e-04,53,1.786
167.5000,H,nominal,fresh,2.21700795e-03,47,1.393
167.5000,H,perturbed,frozen,6.10672663e-04,55,4.064
167.5000,H,perturbed,fresh,6.10673537e-04,54,1.833
170.0000,V,nominal,fresh,9.36539259e-05,44,1.339
170.0000,V,perturbed,frozen,1.46592135e-04,55,4.083
170.0000,V,perturbed,fresh,1.46592224e-04,53,1.792
170.0000,H,nominal,fresh,1.08813934e-03,47,1.397
170.0000,H,perturbed,frozen,2.46584376e-04,55,4.180
170.0000,H,perturbed,fresh,2.46584866e-04,54,1.670
172.5000,V,nominal,fresh,9.92133067e-05,44,1.327
172.5000,V,perturbed,frozen,1.31402330e-04,55,4.161
172.5000,V,perturbed,fresh,1.31402419e-04,53,1.641
172.5000,H,nominal,fresh,6.57192660e-04,47,1.419
172.5000,H,perturbed,frozen,2.43020671e-04,55,4.335
172.5000,H,perturbed,fresh,2.43021152e-04,54,1.693
175.0000,V,nominal,fresh,1.03021991e-04,43,1.333
175.0000,V,perturbed,frozen,1.18088298e-04,55,4.301
175.0000,V,perturbed,fresh,1.18088391e-04,53,1.689
175.0000,H,nominal,fresh,6.74362616e-04,47,1.434
175.0000,H,perturbed,frozen,4.31804322e-04,55,4.746
175.0000,H,perturbed,fresh,4.31804343e-04,53,1.732
177.5000,V,nominal,fresh,1.05202884e-04,43,1.416
177.5000,V,perturbed,frozen,1.07527157e-04,55,4.555
177.5000,V,perturbed,fresh,1.07527259e-04,53,1.866
177.5000,H,nominal,fresh,8.41016996e-04,45,1.411
177.5000,H,perturbed,frozen,6.21708439e-04,55,4.475
177.5000,H,perturbed,fresh,6.21708323e-04,53,1.688
180.0000,V,nominal,fresh,1.05905731e-04,40,1.281
180.0000,V,perturbed,frozen,1.00062534e-04,54,4.251
180.0000,V,perturbed,fresh,1.00062587e-04,52,1.808
180.0000,H,nominal,fresh,9.25509566e-04,42,1.337
180.0000,H,perturbed,frozen,6.71275219e-04,55,4.421
180.0000,H,perturbed,fresh,6.71275010e-04,53,1.693
