46.319102034541132,-79.163945409635474,34.642179645935499,0.60615032096565136,-0.84672222031129474,-1.290727904130945,1.3584763434828007
71.30189341753352,25.520987778211786,57.8280429598355,5.6920568107173288,-0.51056391475970042,0.59587288749493694,0.73145158423192558
-17.551757146559016,-71.313646321997723,-14.798551875243223,0.88157894929875646,-1.0388803589357569,1.1901626541843793,0.048011541249863947
56.438803911949435,55.195422850185693,-13.131436573343301,0.13906333306288488,-1.6538540864158786,-0.54475078533653631,-0.36398839903064567
-62.270490246570333,47.154351534085073,-28.463679032899456,5.1027933622076898,-0.56915831041663112,0.50199719254095632,0.55790528637305659
8.1435935993843209,-15.530446058091163,3.9751583956068983,4.5993948242152713,0.6690895840173956,1.2391376586285558,-0.73863977561552208
26.448577247142534,-22.087649359473922,-5.3215112796839703,4.8254414707127582,-0.47464358531454903,0.89173706115192575,-0.22064293874103669
-16.267373523874291,53.113885772772868,-89.324075891388063,1.6030226430296048,0.2617593722663869,-1.1149463389221232,1.9652665812786294
0.064154402352808712,-2.6245987954396188,-9.0034975772228663,3.5967094825821762,-0.15038963961044916,-0.65014956050935258,-0.83336253064553545
22.923744478307498,-26.644883455170532,-20.035537159848335,6.2474657637645281,1.5218480245239665,-0.83991761912829876,2.0954426513610902
-29.342627985704368,-36.224908508256355,-14.977674316055509,0.011021431485785453,0.28746320435500478,1.1459786201330449,0.010803592447640488
-6.8505491888448775,34.337198151688973,-35.480266727281865,3.4677409010112159,-0.63492825341971593,1.4375259365669639,1.0021862269896848
-9.139939699480303,0.67178029864152922,-38.318985826389685,2.511975663196,0.31012839175979762,0.4706120492410456,-0.67507808043369821
-2.7896466940251434,-2.0621426099101563,9.5010770525848489,0.44264867986943546,1.3862407109771502,-2.6277075042939995,-0.30683027249935102
2.6392372779345821,23.937149987085586,-8.3313690180110651,5.1522461265788175,-1.1796345376284436,2.3888007916148397,-0.43788568318045124
11.823709302671265,36.472262214408381,-10.955555915877868,4.7307107871645417,-0.98504220731389525,-1.7086685664226522,0.13186907164061873
27.773532060282399,-46.669650859808257,-5.2727051012382642,1.5257555032131149,-0.43633827375140222,-1.437435134498475,-1.4252507745236556
-19.248649303277126,12.497047487544917,-47.549584199864036,1.0937306796297486,-0.37600840945715225,0.27971681524571806,-1.1546932478005281
-7.958533720408667,60.58850546734741,72.424412111998748,1.475504221842622,-0.71305137207421143,-1.1684943633140352,0.035639506860872701
49.156604790150702,-8.3527165256440465,-18.529357183730397,4.8721236985914054,2.3547552966168976,0.41840903629258286,0.5119551818833431
77.323752265729368,-15.028925915458233,-13.982280874406014,0.86170691885815753,0.67283635247667861,0.50140248374887531,-0.47527078376444526
-8.3579248326479281,27.589977501841979,45.914052373387712,0.0044508331116937909,0.7783875460612506,1.1192739080011589,0.57719857219873949
-15.721070314939309,14.979378103982611,30.7257384270148,1.7846544433311551,0.48875188428544242,1.7937792508318091,0.043283370687591236
49.811983322784513,21.923319134934729,-5.381769518223221,3.7616144649661054,1.4202230698263028,-1.0140454963307408,0.79346387310087974
-17.604887231373006,-20.707658850077575,56.747957534050315,0.73882904730116017,0.70698624832483692,0.40189858188275845,-0.13748687811597007
-47.68429061207781,-31.286348384995858,-20.883116529748104,5.4396875921986281,0.074869128223652132,-1.8470854844230398,-1.1289703855007487
5.6627184856533379,-90.482841231628939,-16.315125011569293,3.2698831861634572,-0.31658037042819492,-0.78230562500873424,0.8615651759840216
40.089920312556515,39.17959794607961,18.51410037084943,0.66977196805855888,0.071278409799954118,-1.5555013745415274,-1.3351478736430269
-28.427211695459896,-29.807684851542728,-51.18760487943635,5.5969999557384256,0.11129921590500581,0.59927107797977874,0.25635557271489945
-89.895460657033766,-29.672781950992853,-22.793957946778587,3.8415253908891516,-1.3033786244629344,1.190487454844023,-1.1343957846576649
-59.293008882703631,-39.308464363564759,-45.648714715425669,5.8519637791434445,-0.59001293133109634,1.3852638127372867,-0.065487800175322436
6.1722130941700959,-41.462077996990274,-13.248252960244713,4.8358075615584104,-0.21552799757493948,0.32597802634883566,0.15747600437322853
-29.678794280286027,-2.6078636052686504,-49.203219918519736,0.84826911099716362,0.12486438031180512,0.19584490913575076,0.96103863579089321
-15.339029710924505,50.012653165453465,-31.577422045763878,3.4699223627794988,0.99329850637920458,-0.75213616747737189,2.0845598015922229
-35.578945177970937,65.235566263567506,-1.212844496957125,0.17363626594210546,0.70811822930749946,-1.7270957924889299,-0.11368178392184683
-65.868381540313962,-28.373810757499427,-91.789154546676755,1.3944232723744319,0.7794634539972537,0.99659336195468073,-1.5278196722732689
68.693893399030259,-67.254754172953227,-4.1624012676229958,1.8585253618960964,0.94685096751653242,-1.6817295593283157,-0.99347266617969998
-33.308301792111422,19.105524335009822,-4.1686619931711082,5.6010220504205703,0.73830788417823656,-1.1337338249189242,0.32424040295751971
17.761069685647453,-14.698514398674817,-42.595058271048401,2.6596212940582205,-0.87514937728682796,-0.77045886612420433,-1.7499835817886664
-35.317017853889475,23.795490991640538,50.420144902031417,5.1267180874758642,0.19039239833600272,0.7241390201522846,0.94739414901608343
33.312974779345538,-58.281428863716343,-13.187962347314258,0.32004315765159796,0.52593937967644666,-1.5491481385306018,-0.72942607222100275
-16.324661055430411,30.595656631453028,-67.549876583786414,0.94711771291337399,-0.013305137221036427,1.2216882418727928,-1.16120488231432
19.186415366471341,20.458954889532784,-7.0484826105486391,1.7189288303441146,-0.62437886461419012,0.57662793468089268,1.6390635070349675
-29.264831227067642,-47.837051896848607,-40.645037729897737,1.6419529897641925,0.38249671181943473,0.72622296846798895,-1.1951557897037264
-10.541600820403939,13.495202105748357,26.101170347817845,2.0093840313023881,0.046172526105255178,-0.77575507008873201,-1.9094347664685059
30.45840469572564,95.015064960270692,63.427281482341456,5.9497263500799829,-3.1821756315936587,-0.71648366223798043,-0.59778846994962298
-38.544136490963915,2.2578870763845678,-56.49311215210669,2.546257721474245,-0.094760706502218003,-1.574253311867488,0.47113610609093093
15.660550406976416,20.852633566727476,-37.894113364400781,0.57130932856748817,0.92133259279649804,-0.066597348249913466,-1.1185737384627756
22.128852484111704,-67.08478720853023,-46.065982286710195,5.2462272021523111,-1.4252814037081418,-0.076442147847975039,0.53211805786640121
-24.01084131435347,-45.239497483569629,64.174402885265764,2.3611769740756858,0.6995288930083291,-0.51283242028118825,2.210498057939311
7.0254929914294291,-9.2044634750147196,-15.116999381688188,4.1135672091718849,-0.21884824619817858,0.3386629367109788,0.34841585198380265
-15.840853117153907,63.351201916492826,12.659708094885927,1.8274358002236561,-0.64947146183512505,1.0997436714392919,0.42496598372084893
14.755498542439387,82.175491551115996,-42.961446425996314,1.4509415568635708,0.16918795740846365,0.81595743756243366,-0.6724165122896788
-11.88676309791836,8.2971036632804545,-11.334321007754827,3.3345841796092359,0.62872073987603039,-0.49078998339855368,-0.70101316910508849
27.938485000769379,12.958886210455002,24.596706584958543,3.4812775698747349,-2.2616012366830329,-0.095265259603570157,-0.81247519888217179
-3.6318706014334636,18.4179247154539,108.00411519452,3.6791126768035816,0.16027292541471083,-1.0802335971527686,-0.87560432560825774
-72.83597465420705,-96.613199124261698,-54.242862698093838,1.0714065548162555,-0.63744436421251482,-0.30465075610313519,0.47969665509354209
-55.886453856498093,-40.323308536007787,38.688777344064562,4.6125220957296946,-0.35558266787095028,-0.72877961957694082,-0.37168165481046017
-29.088708786868882,-2.2033683113449567,40.679381659724136,5.001884330374903,-2.5642689181885987,-1.152904127622598,-0.28738199654790264
-14.949573105521337,-38.074045221692188,31.202507155342989,3.2897575753502526,0.11201269136215589,0.44634915497288202,0.61515745198762595
4.5233582122729796,14.038982114158253,103.94320193973303,2.0876056615786012,0.11804769920743138,0.12128753213387401,0.73201663987073073
68.164073947659929,-1.7778120217339355,-93.329432164112959,1.8455791422439287,-0.091997666382476098,1.0606103469343353,-0.36612533898479749
46.35986988694394,-1.0697080502971261,-4.4636301825990863,5.8750182529666475,0.59759395882302335,0.52039623458748174,-1.1777188410542292
15.254236156474876,-24.752645329853586,0.069216864161172217,4.0140210664103231,-0.10306260984942697,-1.1651452723059941,0.1124185563357587
-11.274468030765526,1.8415205618498485,-34.549851660684354,2.2946888485385801,0.58302276798296404,-0.4610516320339495,-0.037350308958174788
-102.40247335942956,7.972914592526311,76.454964642501025,3.46422490168943,-0.13045286774984216,0.26864701467018476,-0.31480892047166714
7.4630268142121796,-33.941274009902273,-10.413408648133746,0.79531301202436833,-0.49180380203945179,1.3185376967149407,-0.48221567510871166
-7.023965426549295,-57.978377270379141,-23.72316363586183,6.0528190937396698,-0.61343264159848143,1.4830711297016308,0.43662299613453848
-0.45806286794151357,35.26401167742344,-34.845393306404134,1.1389602097920388,0.85100009044618552,-0.52591864758693752,-2.4623450054432388
57.156808772837778,-13.502100924238553,-33.309651238204829,2.2944891370555047,0.91838217133549671,1.5582706146780607,-2.195584915834639
-12.83424802676719,16.841864860919138,13.484188309155671,3.5876244663522519,-0.50170695789736852,-0.46922157387997904,-0.8513854866843068
-66.53411312631691,9.2555235505150577,-37.471328482166939,2.7543784460958944,0.77170992337487809,0.14433344468091269,1.6466789402237703
7.8903047372713084,-32.359883428219831,-44.294207403641451,3.0701963078316949,-0.92789598509192495,0.21853566931310775,-0.75295506515089783
23.247457995660707,-0.37120431274382615,-4.7220937457627965,3.7643912846499394,2.0093257074082778,0.15739835957129572,-0.72266435501010473
16.307251571518911,29.510823686280993,-25.127811671416392,1.1758669218470141,-1.6970617765341214,0.46914548414730534,-1.4699737224580238
2.2771850458199889,-26.058089089785135,2.3949814929870885,2.2378366502996774,1.1427263806518204,-1.0080803010595638,-0.70932060301487865
-75.455694409927119,0.47853686192129868,-15.821927725360075,1.7947097096559887,0.1641324383748278,0.80448811678030541,0.64740992443394296
-34.29468985150946,4.0926395905656081,-6.359665899508844,5.1102795278023505,0.1794074578532068,0.1824509368494934,1.1218194009788875
51.073980759618365,83.290605926006805,-65.623839228255179,0.47961568988262315,-0.47575859007101617,1.2809919659304956,-0.97751424002613763
3.890832804155961,-49.911111670357712,-0.5021055916200271,3.426289562174714,0.80305676375546142,-0.93339371543152583,0.55998352094482318
-44.133115125687496,16.737867517379808,36.214621693916193,1.6676631068212755,1.1455385517647478,0.027477027214810153,-1.0560905960545768
-10.15363237368652,19.620102003494569,32.98743117375583,0.45115419964476772,1.2627789147028075,0.40451594872816538,-0.80048136486898436
-40.960128265474296,-20.600779275215459,34.161386905110284,5.6055723813945351,0.81361753818569493,-0.3563046870569278,-0.24604243403617651
32.129129421345652,72.542741304414903,-25.936795693762953,1.4936708920500821,0.20503421952716919,0.79951171980033331,-0.4187559637516779
43.121727692784845,12.602282727279892,-28.382350251290479,5.7250010937860578,-0.65026909273903399,-0.92502017587705265,-0.34209524289679061
57.617927901138422,-9.9036263788589949,81.544240117032714,3.76615865653367,0.0056702793689434464,-0.39736007270525969,0.84760162913457349
39.040095053406581,-9.4433421509862026,55.395222337765119,3.7810120674583079,-0.079422986212583299,-1.3265491421966784,0.82890693936229287
38.394325286739857,-18.521395746038333,-48.742383104608194,6.2147318285687598,-1.0888458867280015,1.1557704351352389,0.17032276393700749
-19.580044537706932,5.0622359977412179,-41.209810365789579,3.9166143553753567,1.0594661404974479,-0.1698365519714703,0.59780804855628511
14.445570676356576,-34.14042806609249,152.46048148710253,4.7203796089637375,0.88092533512600046,0.083554588133339977,-0.1612875740508937
37.100702516946079,-64.384365701438597,-30.612044225183087,0.35185614357274936,1.0495626358668564,-0.51101619497549744,-0.045990884140611803
-24.532164660101557,-30.12715498425576,-75.21235945757762,2.8605051661296055,-0.1595163691149098,-1.6760844626076759,0.68438137245382247
9.4877995484838191,-48.911057833974077,-53.516931356870316,4.1225536581239446,-0.80321909465484798,1.609004552351317,0.85831992123406164
40.73676490669488,-20.153437030537557,52.448283126749622,4.766958163951208,0.16793792665950882,-1.1539633823342768,1.5258949905905754
-3.203247585407381,-4.8988232142853976,46.207662693475484,4.1845710066873236,0.41360813527793677,-2.5425254441989673,0.042076726033525622
-4.4906554328950747,-8.8352566475972214,-50.700145640015023,2.9982639080224316,0.6175944266500546,0.82942170913880242,1.1763772237093861
9.5442109076331842,6.9412486941522493,14.251102326610418,4.334549887050958,1.3445883422424838,-1.0842973627854033,-1.7768158275867452
-36.995477466747779,-39.39391777136678,12.785631984754501,3.6571158803395667,-1.2962778569435425,1.5295826615359787,1.2192295434702698
17.430889396161131,23.570135859751957,17.792701288660503,0.9167013412012962,1.4118257692775333,-0.2022557474953324,0.55129704047514716
8.4400301837158214,45.336307597124595,-37.125245609806093,0.15266503947500171,0.70882707924103772,-1.860408236815454,0.082564810819356196
-33.477405596988689,-23.682022455863887,45.858186136835243,1.1626417114225112,-0.30732689238557048,0.12217583567567426,-1.0191039680198284
23.15052163534558,-8.3247361120258798,25.730363482385282,1.3907176203557423,0.64365272954198394,-0.58385218420632545,0.034688792568881827
-79.527397258343612,-3.2434468119984716,-15.550646254556225,6.1647938558217028,0.00054614019741466542,0.79809436629770991,0.77486820983797244
24.337540247643219,18.063129363202485,75.929618464417985,0.31080969419315502,1.2609744716022324,0.91927071305993246,-0.81410506648170877
17.981351402624341,4.9707318583265145,-20.27261894987398,3.4142505193308725,-0.80955999496617748,1.0780949898609431,0.4135197223859442
65.657543945456169,46.185014920412769,12.120325302603998,4.4457762838172572,0.26259408892742853,0.18601676144503135,-0.46341113611715956
-4.5267312551825567,-13.828156549589293,-2.3340461812076883,1.5431519338380608,-0.56154266920549123,1.1862471732269562,0.78758524827300225
-46.134959279762597,18.4978481498942,-19.744693427261161,5.9159615821501088,1.2970700543822098,-0.68089752975346751,-0.49236039792373593
-34.947965804625333,-65.864044583031742,-57.538829702283884,3.5076552056297472,-0.38718384801478389,-1.3782482882018277,0.76356770769226223
-23.06106097164238,23.512408967071877,83.887845696064943,1.6774479720608315,-0.059974271992599533,1.242301499574139,1.4075195123671629
19.092955047745416,-16.395570508146768,-37.844096817076277,0.082979787485169904,-2.275039437368469,0.54568881492713883,1.8596573456263277
-14.172204619042642,37.174361974931529,-38.332179415080788,4.9710687607828374,0.26722867550632839,0.19932339419104586,-0.81920465189896785
30.885263683414994,22.802129602534087,39.985399475577779,5.9212538513026693,-1.2446026873432936,-0.26270553130809199,-1.2019711221945357
24.897947887345747,-42.953222518173909,25.51973573781968,0.81077900655094948,2.7936809132698386,-1.8193216953005049,-0.91579067540354375
75.955973785826671,-17.090076815323648,63.160655794740876,1.2755123583503829,0.3765473138192536,-1.1275877864416168,0.54216180726897745
59.491495566061012,-7.9750574691953595,-56.953373312753307,5.3826739279951195,0.9555319676822952,1.5599809329091279,-0.66989534739891532
-49.419556065904899,24.111519062788211,-24.37409936397178,5.5173999392750703,-0.32918741327712925,0.14709772437514945,-1.8088541022686218
-35.550507207087506,-93.235249999201017,-18.549186251132596,1.4194550859228301,-0.1014261084890139,-0.89715425636765733,-0.38748571423081102
20.725694700438673,14.682358119732822,-57.921111256158795,4.4358154442416726,-0.97833318337778086,-0.32154479602667013,0.39344004962951284
11.325496840900248,8.3818022787369557,-48.554843201796352,1.8704211922372875,1.6444729732814027,-1.0672360485891879,1.9516727141831256
31.037966234266104,-5.1182066464682583,85.734835098888439,2.7230377903087866,-0.55733449602732521,0.64853379268016287,0.2854637770509853
-0.75873483599656821,-20.268802678745846,9.618722843641816,3.4316001443548041,0.84987269969144297,-1.5778310982493362,-0.53295884130506821
46.431275173294082,48.511491393037289,-24.166063229950147,4.8227580120033267,-0.81011420568118853,1.3035550201555579,-0.43156779998610567
97.551622556468672,11.002418558318855,-2.3987971943755828,4.368187621068004,-0.44357186005810034,-0.72207666579212038,-0.76413148929349217
52.920945238223013,7.4993754300028801,-17.414541909929692,5.5840424684323517,0.41800461144858786,0.23597684339743868,2.7205890098407064
-13.984998003330327,-18.623084480636713,25.636467759489335,3.6679343009927816,0.84732807222308359,-1.4416064713030252,0.70127654771615477
-9.8481802439080113,-28.159655927089926,34.87045807678539,0.63228138001611489,0.31550420903750087,1.6279900934757692,1.1144858485413738
-90.382914772064254,-36.42697565045124,-30.924563816560848,2.6368651150175442,0.19255205099092945,0.82785275450262441,0.83687311489013383
-26.236864604441674,-21.497884715566428,7.1101456615606642,1.2099500472019451,1.2690843075661797,-1.1378953735839328,0.47476197326243236
-16.268034229384948,36.050561953070513,38.508040244941235,2.5676536712973146,-1.5447851704915458,-1.0756288145903694,0.53043156569883343
22.11424332578207,-29.175540131092532,59.429988283129703,5.8444340897294174,1.3051195302040299,-0.21999707167912952,0.41074318960653289
51.942527373313467,-48.593046025827711,41.173378917588572,0.72225589725560579,-0.15193944120798333,2.2825663083134073,1.9866696699257074
14.655225244940643,59.026083608382955,-52.837916616221506,2.8557698343299127,0.29173391076293126,0.39100356266182101,1.3757580425328075
1.9986822375430855,-47.777914731984225,44.396668063638714,1.6675616429010511,1.2848468920810461,0.70488650637829253,0.95115729324206111
-12.876926400050772,-30.628036779932142,-73.101278600407881,4.5441608340927546,-0.44689824015627289,-0.12897559413600393,0.90112463056366265
-70.929980637071523,-10.222134259080793,50.698585145472272,2.8517395215805448,-1.0299405689294447,0.9696261587123598,0.16757412902746585
-25.704863154194491,-40.463871274261486,-1.5974515276552843,1.6821512058841641,-1.2689564578692847,1.7784889168839904,-1.4487968503732753
24.114661713768172,-15.030330495214404,7.5130601222365518,5.5090124096486264,0.35275639445046081,-0.7740302890798102,-2.5216756584131761
23.949671630791848,-31.369767969669759,-55.312334654437407,2.8544773547533273,-0.65859310740073029,-0.16247622324482269,0.96434512516413406
25.525144162481062,8.8883575713129144,-25.323005500817914,0.42401884648366184,-1.3785538792346566,-1.5050740778111285,-0.13529858693113625
-7.8168005286739541,-19.896000403092106,0.12464976008372965,3.6073406342035668,-0.6966261442272218,0.0059712826806247732,-0.26699949859344535
-43.460154022400417,64.688062198771846,11.716681471825833,3.8909045837436214,-1.5852385266630233,0.65184825803476287,-0.38451574885140277
-11.413166968305422,49.850614582334835,-49.071326131063387,3.7705500467599884,0.40089285606978209,-1.4206584117470349,2.0175646094240043
39.620414855636987,61.140121765836668,38.544734543831417,5.1402091224324753,1.5221546934816479,1.0681815782702293,0.31182381284210681
9.7448445563518291,-20.027413633665418,-21.889606996964403,2.1680192758983825,0.17341154242837115,0.66197677617817441,0.75171953324108509
8.8381775914203882,52.169407359215384,13.226208939112409,0.65465770780841304,2.0274981713212044,1.0127540902580043,-0.97820867939716549
-8.0344562060027247,4.1594942606639345,17.829716385282669,1.8865122009274549,0.010811269288928239,0.62647444358973881,-0.68729988237738815
44.319718488962785,52.538367852744543,-42.442951170351769,0.87915481721684419,0.48744518412483556,-0.83732261599703128,0.0678527692205185
17.724344045805701,14.343659987897624,32.411757126734507,6.1236702816405844,2.528695664980825,0.23745857893021266,0.038816902377668078
-22.216817542446222,39.237793816995548,-16.590142303466862,5.0718985508902614,1.1107781320354035,2.1069937879020011,1.9752636590212633
12.199966878403643,60.558920252196543,-29.551579459335766,2.4948002784210348,0.72212215387769785,0.92853550015351971,-0.84494685444751627
-7.8294084946120046,-20.264778018690805,-16.912061459575149,3.8575389463557208,0.5293351346119971,-0.83098079264028235,-0.28784773011024617
-50.910323352620509,-71.951956028614347,-19.679951516043328,5.9630500178692145,-0.25568445744991697,-0.037449193682977819,0.33510578179172013
18.366331964269275,-4.4519491152673885,47.637008852327789,2.4889823800422972,-1.1724054238807988,0.52129311666628975,1.0096756425532716
62.403416475925098,46.875200553001974,16.801664136779731,2.7687941558686209,-0.12900196318165028,-0.35259799058617841,-1.3501503434469895
-19.744950855322358,-0.75679355410983606,39.68825024155764,3.6851265066425447,-0.014231653261421257,-1.221156235309687,2.2624007731934941
-37.603921852149377,-82.571472303734367,-7.9911585115331949,3.1116844772174117,1.1803536394902594,-0.2718509019546006,-0.18509326782928512
-53.778410450611581,-48.147602092085016,23.683793889653675,5.7771318726538867,-0.327226100789694,0.98861438583007355,-0.47735155383035932
6.4704400007657776,39.849282473776135,-38.504030176687991,1.4981992772140631,-1.6237801886171184,0.077378096463036561,-1.5967592899858145
23.520150196066567,-47.226549044693641,-4.5742839630932144,4.4384647563084156,0.59578855764649541,0.096071868021034179,-0.10798147324172221
-38.845386086371448,4.0147110398290744,-11.014800125341182,5.568569532269863,0.45389073077165187,-0.37986677250614953,-2.7705628136481737
18.960571448007993,30.569421246783065,-51.134007396364026,6.2197130722575729,1.3109466456852907,0.21803911528810371,-0.57566570815479756
95.286477873297841,9.5319993417347497,-74.980882963683641,2.0240418742768904,0.84969762971623497,-1.5048572478832178,0.4957905709681622
56.417995435460078,-40.140219064456446,88.356929321429703,3.6821620922713363,-0.59661322511889658,-0.38302681089401719,-0.88416088453454322
-35.367434769153093,-18.88416316544976,75.841351244720286,0.081941422813509635,-0.68684913383767565,-1.9000167625892304,-1.1379469837264771
-35.395515120593004,-16.520249287092845,-27.349998820790578,1.9770932550963156,-1.2503015941783444,0.8770951925978604,1.484023943529063
10.623885819764546,28.955816799564644,50.433869933928975,0.4461183684063546,0.47741742028052897,-0.42322819202304157,-0.4347310252249319
-45.615528948180916,-63.346359583559874,-27.555961901681862,4.8667023007770549,0.25625484820019889,0.13831991796139287,-1.5523008202321431
6.8608632686412063,-3.8094331155390369,25.042144384578183,1.9118839848456108,-0.33780950332539356,0.54010148361404597,0.34670462928109913
-72.011151011551064,3.6881800082239491,-52.638760195804579,2.226790539240266,-0.1032797294202813,-0.74718539707691256,-0.59794594784908361
-17.998038662688515,30.74459765779406,-13.64847234916552,5.5506708900040236,-1.5085456472600147,-0.072654203764375896,0.48212211777060804
-47.482409718479538,52.562823835220215,50.14916119876019,1.3581400328184294,-0.24008618125588324,0.8364816373494337,-0.44154614671158865
-38.910053001115699,29.72845406175971,-16.514287654773206,1.2056313076114396,-0.46883207728967968,1.3211590747999544,0.9465333072920975
-5.2938502523046118,37.10443180024069,-44.528225931820145,5.8008770455321681,0.9455022340622794,-0.69506983403763722,-0.46126547442469978
-10.031949996504826,33.395692820782017,43.245707918477414,6.1652290729123154,-1.1482359356331726,-0.08310542461892638,2.0864263402358092
23.423020076223207,29.938002134616454,17.797266321060999,4.1317488519448107,2.0495620685210874,-0.11180841595948328,0.8327230649072328
19.563044946610631,-29.952405710913123,16.330257965610805,0.51141073379903945,-1.0253085807357303,-0.15105535744361462,0.74156118716204955
53.151587609055959,-60.761617785814913,-10.222959642829712,2.8817841082583362,1.0335400149621312,-2.4117996963999313,0.61386910289447716
-6.9235323424062996,36.143332017619876,2.4739438470486848,1.4446310818810717,0.30248051101756301,1.7586329660781004,1.8189668379686665
-9.9126955755036938,-8.3823142863227211,-14.491883796928271,4.8953053736968197,0.7676411553266721,-2.3650024379046117,-1.0096313553184904
19.827860714651241,55.668882542040635,-75.587204100746959,5.832184594480375,-0.55248500337152884,0.96705535929442743,-1.061386993326868
23.960125411426262,0.8880416230051662,62.5077370323474,1.4960782181027761,1.117768882469363,-1.5461115201219611,-0.23166044280544665
0.34981965952403815,-52.49544260162947,-13.385299249380788,3.046919479629461,0.48235672743858632,0.77046168008259019,1.4913795164608439
4.0975190471751235,-6.3917354933208719,-43.362530402589577,5.4695493446505541,-0.46800807688957702,0.082373197900421483,0.83145598726405345
-8.6378206849216266,82.565738265349268,58.864657027143629,3.9095681325809095,1.5659494326709535,-0.27232186041899636,-0.48777885392695386
-7.5369641669572962,47.046231576244359,14.430556337930334,2.6297004459276536,-0.80635246440399189,-1.622132072593796,0.67243869309429116
-15.458848912413247,37.645043328542407,-84.350402954700613,1.0503961197979281,-2.0923098172517456,1.524121806366233,-0.33996069585445482
38.863724732518591,-64.366386270059849,-5.841661466051697,4.35646808950787,-1.7311364986424376,1.9394087319767057,-0.9967577492699774
19.444796990288115,30.52930681198497,62.51150068200414,2.0967709908704908,1.7023059564103176,0.28600998565254998,1.0316255545109665
107.29150300572677,-27.087066741898514,-72.521388788473473,0.049134746644917356,-0.59697078771236345,-0.37200336884613766,0.80046373176355778
-0.80831252184180269,-24.774628120593768,-9.4527786175414246,0.38943826529015446,-0.2048960646369159,1.5479295056813402,-1.8136555125439637
87.906912671493245,-21.090358708733977,-68.463610359891575,3.2367405336210187,-0.73047925647658041,-0.43464921412950397,1.156508604702664
8.4287791287152203,-53.235038045890285,-2.0238605597746653,0.54424488631811629,-0.12321802408509641,-1.5063529350668372,-2.8875059802681236
70.016379586790649,32.577781949907134,-45.947533590478606,4.9813252255820428,2.1662227377458008,1.0125068509343014,3.0652918517475181
-2.1470272389175453,57.979301992579131,-40.44299293893264,2.2248671066216708,-0.15953121089934727,-0.83895009581808777,0.42314572149529578
47.960970028981066,27.800089098397123,-13.572659758538055,5.1816633359189348,0.11990312836544752,0.13862821895606828,0.57165159515681796
32.568027421417625,-37.806256414743757,35.567149004842008,2.2235367333537632,-0.08233719871201603,1.5457506840477968,-0.037087105363159123
18.302876648216497,62.223939221232477,-39.613789656666498,2.4165288277064652,-0.51825013514067464,-1.0459829648087233,1.85145296214198
-7.3896357579960688,10.856205776943126,-32.852827659767577,4.0658329705375422,1.7551579477668959,-0.76491291842960496,1.6353125560210371
45.557529851572895,-22.180564881207015,-31.529765281301163,3.9046199101155343,-0.67176976957031309,-0.83395384192633037,0.83861743522073673
57.960523372704401,9.7035933141789386,48.520147710490313,5.3137937448960759,-0.10706249263541771,0.98803823166978222,0.6291091177697733
-50.541279817256786,-10.340532369348427,9.5299588098789414,0.42239248769398746,-0.19567381526468247,-0.26104292713046123,0.37428660824758869
-64.931429087455314,-53.283696909912855,-9.8846530185916635,0.17716565558892441,-1.0277786380386544,-0.98492386666154752,-2.976450653218115
37.333091975109589,11.717871931108295,-38.925405743191924,2.864730662374968,-1.6703457737987017,-2.5530143705114265,-1.6799755388254463
-4.945871874992938,6.881785117037861,-39.618346783278504,5.1676214830471157,-1.4578099577958283,-0.31753180426248107,-0.99692562734697077
-60.316726647706467,-8.9119860820398458,39.535720790330856,4.7597530471872007,-0.74391459275435556,-1.0749101636003866,0.93314110847301712
48.853303680989775,-11.800363438544299,2.0699118982406191,3.827311354877307,-1.8135627726265686,1.0651193749640204,0.029098965271980422
-8.073191486731222,-40.887353517741943,-25.053057443387129,5.2312852303933433,1.6805022148184912,-1.1784214792982428,-0.66886434110533899
-3.0108636595496274,-50.563972792822852,31.137144755145702,2.9569618328720444,0.46321816451440517,-1.1020371967835649,-1.3908253032269717
-73.181750752672471,-72.56110728421146,51.482368173369331,5.957324019510355,-1.1656984392257665,2.3342147901365271,1.4632194771405906
-41.127443863333077,78.755551033701792,67.69615667397035,5.4128833881915099,0.36701381018431412,0.27313191177659674,0.36900311246800216
-23.456760528463477,83.762523226826161,12.982829263439847,5.3126244266955771,0.86602396677114557,-1.4979166554080028,2.7482773530280076
62.652922085509239,-13.294317773827013,-20.057756180475902,3.7571131906827988,-0.82825193581685641,-0.41446324228264081,-0.46411232257068707
51.394818107357104,-13.837327311070243,-55.540382546916412,4.3094051316572388,-1.4996091226108892,1.0755039464294884,1.6582584834663883
15.075037917002646,-24.408375519650495,-13.658235382915315,5.5150615136620438,-1.3659003388651265,1.0293443681033649,-0.040655068789178558
-9.4818752276025862,-10.838535519487726,5.5531991524862381,0.48591564439675833,-0.7408207989116018,0.11249355992710854,1.0429849535815334
-35.866402432547339,-11.346973838548564,-26.012147742173987,4.3236528460883852,0.0052361819439498891,0.17825155925668554,0.79441490382416258
26.66725405380997,-11.073649083716125,56.273057392504903,0.98275737945618702,-1.7551200086656271,1.4500971020935898,-0.09103755453554381
27.39321134838459,64.091354049071001,10.558653169695592,4.764161612812261,-0.17439436737303088,0.63022513439390992,0.20881053240570871
-72.052997332904624,69.822827366713483,-21.79966536551678,5.4594401375652373,0.13292190588198438,-0.032644788533672725,0.61156497186126801
-60.14549723135373,35.636290689674212,-18.206176469063848,2.3294048818791233,1.2987044059278421,1.2794048381887437,-0.8439981296859822
25.334820822448936,12.944209027414015,27.087819571684282,0.10088755987374294,-1.8437101434115766,0.41820687677084728,-0.21040925205456124
-76.269560182748108,-26.773149741304593,-51.399759001309278,5.5117483418407067,-1.3859675464443262,0.54335515431165538,-0.94875423601271192
-25.880070676421784,34.13187282334313,-63.976209546859607,4.5513055599374255,-0.58165298161009926,0.31097837262658157,0.0044275322383276784
23.945271583141125,5.6225474427266224,-8.6392673017918504,2.8619360561801011,0.46836150554906181,-0.21237681590799834,-1.714881221179938
68.055804428837007,0.97041654437483449,35.703206767595383,0.76001677858400618,1.0739660604313055,-0.7551006490546911,0.79373948919600978
-40.25903451692573,-27.909406499723982,-42.807243790831684,3.9546642270321204,-2.6043141603290669,0.47650986049983007,-0.62223032864507932
-5.0523871569585044,-45.031072303108679,-50.536174137031296,4.2463311484452566,-1.4138849997516634,-0.25025245056416995,-1.3032898204858587
13.867660549666343,8.0513334649945882,-49.301104129511259,5.543438350512969,-0.27448313478377984,-0.26740536184721247,0.39435739571694245
-8.6291537514027645,-8.4716770287461927,-47.27215494848295,0.94545942847621278,0.70546404649911998,0.24866422883662448,0.36420942365908915
58.797757283978648,3.770246991081954,-13.464806861463797,5.9336100951431021,-0.96899062497950883,0.82736259410454682,0.18473488640176786
-56.321998765745448,75.382361368515873,-64.324387844263001,1.671833874401103,0.91113605736768866,-1.1091435543407731,0.14364931012048504
0.58565057049629687,53.725968926066486,-2.1015409453263461,1.9580743350682712,0.15354478685450859,2.1832151224505467,-0.70808037321285033
-45.51106116072279,10.359122492105071,-77.292799661984645,3.1460914622157388,0.55886556623356587,0.89502223754636334,-1.2379037095658882
-0.9524857895465656,-15.905595171897263,-4.8143800751672785,3.9275060152657817,0.016688314782202663,1.0817347077112003,-0.59568667602091296
-57.709935342642822,-10.204063783901118,-9.2631048609087632,0.025919353293221228,0.18319416510699754,-1.8053652686590653,0.015719185555087434
15.549908553872081,49.438675456118204,44.455571398416176,3.7897207186178097,0.70212281857743986,0.82050079472719251,-0.86768022849703175
-82.954409404428972,-5.0273239087971868,14.708763259407336,1.2824467830022626,0.6608818034856021,0.7742368802534737,-1.2318136466225151
-6.1908897298931702,-8.2964858835435376,4.4902525357501748,3.8535293467651806,-0.94172490032385203,-0.62884146810025998,0.36445222901989843
-11.298598627780878,2.6313843008088216,1.9702486715508658,2.4603056881724918,1.8462006555069725,2.1067979256938503,-1.3480619491956354
-2.80188692308794,24.402566831657346,-18.743777543264962,2.8239670510984798,1.5421624907848719,-0.73619152210096284,-0.61208052434543281
53.40043352630591,-31.599451474874623,-9.6523334715320814,1.5403655921250985,0.50332085216278089,-0.3842108580737329,-0.36458878220449253
-87.808031940977259,-68.514014232216525,-57.89303646297369,1.3889177036945242,-0.37177473239053305,-1.054979691251599,-0.66168047414736653
-11.634000562124999,28.551274511015389,8.9632557443359797,3.2477113796067036,1.4291745574542396,-0.27605475742081037,0.26479754049966941
-20.530377733475095,1.0027429820927873,-47.99603546510108,2.7626185553347358,1.8626001838596513,1.8332109169928454,0.86306248635613458
-41.567275439676152,1.6388380069319994,1.2743837886012481,2.3411301578373482,0.72545788955102986,-1.1324282041672591,-2.7394970526678706
-4.0451070751419378,-22.482817941773625,34.970735117335757,5.8810904336529912,0.050574803169668309,-0.9702941286000466,-0.79921946423302825
-0.58568586656085131,-5.991606223427298,18.977646798199391,4.6070417349949606,-0.019135962755438021,-2.106801001969195,1.2457370507665242
-58.911202477228265,3.6862025579146578,47.997027359802772,4.8628873327145152,-0.42141335948465652,0.89707787312944842,-0.11106381998393357
-11.22971702107669,5.6805833156195753,13.200065780035345,6.0449759163030627,-0.8963668496611229,-1.1147412522815812,-0.84049807109043606
-43.161551979321075,-4.5284317718511682,-24.3982295283082,3.2038578108969409,-0.61678532903813443,-0.021539640221835934,-0.4221560732858462
37.509282515647882,-0.7390885246497636,-16.447311247488901,4.3412613276519165,1.1123651072307992,1.914158357429717,2.170842294445348
12.414766904234522,80.698878527326528,1.040972405230683,0.33295787741685368,-0.80264922234138558,0.55034838874353909,0.17423347353471352
-3.2636561094231666,-13.596671577309367,26.577339806483586,2.8486108386971383,-0.58867879710389637,-0.075048196612839999,-0.46200165211594907
-28.085166541224691,-30.750779067950877,10.069738058879375,2.6484252388704217,-0.52177953676014466,-1.5960768770215539,-0.62909813118726787
26.155559094864387,16.398104224423285,-46.059177128251108,1.2882985820491175,-0.59927742498406533,1.2112217370870364,1.2914620551519846
16.963280670530914,11.649348851220456,108.35644075394721,3.804219435877497,-1.7169939027871299,0.24710975725348916,-0.75753984185795331
3.9126818938845243,21.326090170974943,1.5934087420689607,3.3097557654902361,-0.95626431727250361,0.21480687962868186,-0.25031340766292798
-11.286283321033011,-1.6936554835268574,-2.802959131847687,3.2985086395852572,1.7232145337960165,0.72930844577751941,0.33585725284252932
8.822426287218601,-66.491767086030876,4.7089812810005656,4.479738508719322,1.0685566064503473,-2.3617317928961024,1.0266745688149372
41.582297045079358,-18.807437495512161,-32.306005456394416,2.7323192926199908,-2.4505689741602001,1.0409893158983186,0.41732760625673593
45.354234826891691,-26.460383389396466,-60.258533869778496,5.655090951061732,1.8842691199885209,-2.210572870981165,0.57844763153933954
-21.925366307804232,32.159363801249121,35.498604576027304,3.9960025281560632,-0.49424064601489065,0.54747948943208791,-0.063087035378284806
-28.680693422540411,-12.411087491893444,-3.6710510185272534,3.664921738570575,0.67334959378864778,1.3146676593664606,0.32542559820558797
9.5715189240437795,-20.246393470089743,-70.894587771636765,1.3700328490555189,2.3230807088278898,-0.063721686582371095,0.20528314417064933
50.298838457853371,-46.29854626879132,36.210902650249388,2.470052752376763,-1.0879466050817148,1.1942642544416884,0.90892581013522566
-35.071451278971566,-17.819021108943826,79.864482219142005,1.5854393998784777,0.11245567037601845,0.30880510416775131,2.4058247841817604
20.913827943536198,-42.20602583223581,6.8911499597357642,1.8412216103832619,-1.8397570619246784,0.44970241026178942,1.4884464397652375
62.454356672363126,-54.586110366170246,-34.434075240610781,0.53220095537534229,0.0085759741615975601,-0.14993201242155471,-0.8494635039481605
50.044677638434017,72.980658584654492,-44.755484933434062,0.055488983037169738,-0.47205501588315812,0.53718655286204231,-0.73923554194685681
-32.024555563687748,-3.3001925428160348,39.467596259902486,0.88097717565885558,-1.34940855094666,0.99266223241575136,1.1907863781948245
-43.733886668477794,48.007849882285683,30.94358571840619,2.3802151639523363,0.038632488674078078,-1.1048772998747067,2.2287437208087812
1.2187979951006747,-38.699397381873453,-24.492515088128059,4.2544348450304286,-0.57949959124800021,0.075230776125404741,0.62048539086339061
-8.790238939362915,61.94161402854435,2.639203276003645,1.3139008859416157,-1.4687774598021985,0.29269462219563802,-0.23082379865014799
47.113675647472782,10.698019266884081,29.582415622272102,3.7674531630158543,-0.055708096865798244,-0.30486287403086409,0.057546837228439576
-24.29139169308424,54.281498558845634,-29.171034204481145,1.9824101282424165,1.6228340514162853,-0.51825528887009253,-0.63218937626168303
49.911816836332754,-14.995553535343216,-45.783765177549846,2.9281303469377096,0.19439518690955035,1.5171439307458168,-1.2168649526912532
70.601205497881352,4.4152744222603753,14.277673322970944,0.94640410177344103,-0.082158648069346002,0.59466375117183412,-1.8674476773037494
57.3217616684802,-16.46458920279872,68.845504802641145,6.2765496610223455,-0.76070053024680873,-0.56048044540694619,1.1716350707764898
-13.680071767788299,8.2517114174493837,38.651102484565769,4.5269433689397856,1.4954469867967781,-0.40069833209947087,0.62010207358600444
-33.288629881742132,19.932880412705611,-1.7632544638089722,4.1598073143925083,-1.549961298055714,0.13695607012831834,0.11385281829188477
22.540654533831127,-27.914890803270168,1.3130089191645826,2.4135828662791199,1.7910419615560302,1.2096137825322815,-1.5471478785645725
-14.560047598142626,2.9324934724268577,-15.640341355525464,2.860562502230394,-1.8024211541713411,-0.1324147216435472,0.84339292089738505
-39.273381182025091,-0.029598571599763004,-56.665963452616069,2.6252365151203918,-0.48279760773432134,-0.53711397869495703,-1.5517870135688692
47.558470506426083,22.365954918202398,17.065803754632057,4.1174674899734303,-0.30419182992354626,0.10630231893435794,0.23863543059415435
55.693763341060766,-6.2347186643174357,-5.4138006097087255,5.2249150703178406,0.70656772742889695,1.8041770371909298,0.54304396314062586
-7.9384719515917874,-5.8392887404982945,-12.029656793898161,0.78030437647475648,0.15983109978303817,0.65967002217420367,-1.7821577271998039
57.127766017871409,30.040959079863935,-50.76777478564555,3.0182914699168313,1.0148756637069458,-0.67054766861543647,0.47446082977308202
-54.940008457297843,20.305928334172723,19.164190907705521,1.4579862626506315,0.72121305298298555,-1.2801817945478031,1.0110980587145662
-17.130485338191431,-34.727897146807955,13.328169815033988,3.0200743676214525,0.83422315582297746,-0.69984979080282894,-0.10807274578250858
55.598333492769747,-51.326073062108492,-12.485466456912318,4.3410232019550081,-1.6456307134577275,-0.90872948755425209,1.556905073001565
0.5886975652491514,35.162632521790826,48.171015740695914,1.1373721942075654,0.47040716936109556,-0.63560443707789205,0.54245917088027618
-25.086833468956311,7.316880135485949,-16.18315034185898,0.38015272760591523,0.498469484735236,1.761255525258131,0.65426142491324746
36.573959991769328,91.903914971553831,40.236046556947379,2.9704262650964348,0.35498732645133652,1.6980806601745779,0.28086317853344883
-37.102142539064445,42.206059976576334,12.543012949717591,1.4213718469251102,-0.22459840182233301,0.81024524394130371,0.51723953670408562
-46.00040354569007,-35.643166450034201,-34.48584498199876,1.2551498200286173,1.9209931818858659,-1.2119905000563176,-0.43733631767311992
21.190751966701431,61.254854648955188,-46.477772601047143,1.5988658902263546,-0.012880932472381982,0.32333877609511402,0.10315372831836635
30.114727538761507,19.320824844789914,87.176956690306952,4.9215393656061206,-0.61159401481453224,1.6339792123233838,-1.8312394875518645
1.5255401517730636,-0.56235808282526556,50.055892361897286,4.0535737988635496,-1.0408041867647886,-0.70072422826598313,0.73498600623895505
-2.24485790482465,-62.974590685547135,10.702170293379547,4.0948161374908061,-0.31612923760290085,0.78448529817699886,-0.034650123400140738
-3.2209521058036419,-54.400965721491254,12.25603566431066,6.0298596320704814,-0.59288615367325415,-1.1486847263745188,0.14066662585835366
-61.413820513365359,-17.304428258431088,-32.583318286635233,4.0114746009903932,-2.0843463868618666,-0.14906784655329366,-0.22783133618839285
-39.907479970759283,-10.549036639679017,62.285004072077228,0.17880765383248065,0.97344740644883099,-0.46229472482485839,-0.32747523261430478
-30.857433836940647,-16.266753230531869,-7.2461830358487243,5.5597477531143848,-0.031783921692163229,-0.88132151164748074,0.25013547703207767
35.563179747875424,57.236850231592463,6.7548703427343995,5.9750311516264469,0.25948279798425405,0.95212451943020582,0.02887663771149427
-53.586015194395003,-69.050197828910626,-62.688491771879534,3.0013208210949731,-0.7715833714750262,0.60978852547254359,-1.8333933736193224
52.59340322937382,-21.85489461968794,-36.550620515013399,0.67537019961063405,-0.33601327597779035,-1.3344986097625842,1.7478554871244323
45.531567806614156,41.250476492476217,-12.67682979853568,2.5773249688445312,-0.45468537176778456,0.4964764754190284,1.2963691929400731
-46.682223770265303,32.373567287114845,-28.331014480513218,0.80246680704161344,1.0455840801320726,1.3826530556314922,0.32444686772077802
12.947349491211874,-32.053599149908315,39.160977875137306,0.23985025871850987,-0.45336109423096127,-0.17902339810798337,1.3033993689041068
2.5349035367899422,-17.295347638743671,25.519624757207822,5.5384952100334157,-1.6887443665114672,-1.4423693705805971,0.8215028157909221
84.311081013100249,-59.606564675578518,-21.494852150422677,5.4696482175585288,-2.757169785424411,-0.24031383345073962,-1.3185375755408677
-74.076427142957982,-12.357235712639534,12.214995437608803,4.1685828939189422,1.6468643247221775,0.96933166239294,0.22804620129563313
-29.682159988911486,11.345113026350363,-28.599825873390323,0.84226448672465715,-0.27067457938277345,0.092451165784071615,-1.6096997920440066
59.929806643710464,45.86895875939144,45.757638184890673,5.3798601698022335,0.12781577755403495,-0.1326177814888182,-1.1921337580194931
4.424002491123904,-7.8028697263454481,44.381829928442755,0.038050579543927897,0.84091439871217177,-1.7403211695581895,-1.0132971457735449
10.345390300177552,23.730788182475973,26.665926420196573,0.48012587017699571,0.34969872950076691,-0.48311102042406534,0.79115044419667113
-28.808013636414707,-23.255719215667927,45.489992608466821,3.2302167372837145,-0.5580362433150613,0.02243974408580177,0.16318394033886016
-20.134704918515617,13.777025790377714,0.024895109035221831,5.1310158514358317,-1.8309880313034554,0.26194236331574577,-0.90934514873559247
-9.3902976597089456,-44.564437392018704,-13.461926369011982,2.8003766377422918,0.61179686238406794,-1.6365949972346925,1.1573896247137847
-0.95616114965655119,-47.39864900639472,21.31837255860755,2.6714027978836818,0.50042934299926023,-0.29034279379022837,0.50158500034071507
-40.914722808801621,-73.643034743420358,-55.261215995209362,4.1673866349874755,0.38758393365957028,-0.018595227612933942,-0.26851636311757754
-26.024275183797702,-51.064393132999136,-36.969403155169374,1.2768327455995669,0.36535864492453002,-0.67008716291548898,-1.5799344175605554
-5.3286025345016652,18.136584181982791,79.368641721665256,4.4265949195414596,0.15755799039350482,0.17869111283365335,1.7884596028271487
28.574596382357576,15.651880672332748,41.600813473462047,5.4512443009887166,1.0754432789184456,-0.11925256040872417,1.1984561581739857
-38.325632196180955,47.206754310795205,-20.908563986034789,4.8107124307949842,0.46259168400599066,1.494078687769298,1.8584925922629216
-86.121504898133495,3.1856649278503464,-54.952575110601082,6.1759183199695462,-0.0075827747617249761,1.8996799419089483,-0.37441435382156241
17.003363099058642,-97.190783295980921,-48.019509199966919,3.8443674737444651,-0.84153165208342851,0.88106877419706431,-0.32456652464531816
-36.521169685965972,-39.225305033730947,-7.8499699165776384,1.5681009346363792,-0.44488677460803394,-1.3085392559690499,0.01881927390690874
35.533842034119751,2.8888491953305189,-23.937062665830712,2.9504869718597484,-1.0442068245656315,1.1145056426356568,0.019460901445773778
39.698792433361618,4.2525175516473261,-16.64531875423447,3.8487262546153138,-0.66232239628625478,-2.1243156790888702,-1.5316342548545478
-93.340128185227258,65.19823963201469,-60.853419597127591,0.71333939740704111,-0.97220304137659663,-1.0497239867569628,-0.022234939354814298
-36.655610253721107,-16.885904801597199,54.220241671142041,0.63008279085878516,0.34819246827067368,-0.94607688397267942,-0.71725934405397296
-15.980664053201465,-49.943179296303427,71.843226483202656,5.5432562335759012,1.4832470822405452,-0.44308541889865355,0.083956976779885423
-37.895647812027704,-8.018078867964519,-35.169321523451352,2.5297169307526932,-1.0718346440758875,-0.39512160609404418,0.59015548327852474
-83.778924021986597,27.521458190564452,-17.682412836744362,2.8203139062576095,-1.4712023105646015,-0.99744198775371451,1.5364049665658537
-22.982135367170685,-6.203596527844387,78.96120530133642,6.0886741275180487,-0.53304902368172757,0.39097148981080426,0.17033482646324954
-45.453645929956949,40.702304508344099,24.26871116519203,3.8201497877737776,-0.39786155042038424,0.43183855060569931,-0.55871621116271553
-2.8828975223586055,-16.171482557419701,-3.133414487344818,3.015403747294795,1.7181054459003156,-2.3600884930269794,-0.95254055336014809
-41.300197365485062,-50.391836898943687,-19.61179720854793,3.6985977908362173,-1.0028686487192333,1.3917970022607471,0.10541481850322194
37.012417154268796,11.441882582770598,-28.940457933395273,4.7013765748313006,-1.1977465483541538,-0.75160945637212706,-1.3882501964639256
-16.273547182171313,-24.013500858203397,71.021937010254121,3.294080927385719,0.9703502048134337,-0.71217931478132279,-0.4787467861694425
19.369125295515474,89.185821723012651,25.497294573473486,2.5345506087624425,0.67900700217998944,-1.0605467951535639,-1.8323883504613541
-75.55009288280435,63.03600169907893,-3.9349515177157661,1.6960876600595711,0.72991178281153557,-1.9570527486399925,-0.27160164041536039
-32.396847307802794,16.036290537176271,50.441775728189207,2.5564039847965865,2.0794472568003819,1.2753539724359861,-1.3180684698103593
-26.586435446420936,-33.131723110887947,13.365273508230693,6.2774012278299498,0.4509537481096868,0.095607505000181267,-0.90574672574062987
-17.784428748522206,-69.156338159902717,-31.633230325470283,6.0781400971715112,0.92883659447215972,0.36103982442484855,0.1444614100761831
-22.283759097534414,-63.890268231101658,-38.366056312060252,4.9341749211710644,-0.56198015069141249,-0.73645409379002125,-0.93938470116629547
-86.304582688248175,-87.793298338458158,8.4664679028700931,4.240801729859359,1.5873639709220726,-0.56407901468276844,-2.0043548656827648
9.6652786680864136,-87.568378563578364,-31.613202757757477,5.691323204340577,-1.1153541261453628,-0.35795616800584135,0.80978632838111231
-41.654507629267904,20.946728805053535,-22.393268604694924,0.80306907655298898,-0.35136673691460291,1.0916315938103336,-0.25877167282404256
-13.80037541604462,53.675925472485829,56.170365848142559,3.9260277145203464,0.83820078660689967,-0.10242000027557172,-0.20655793418633708
-49.028361378214164,-86.187921629770045,36.554071209155516,6.0476084127513934,0.90468115233502888,-1.0960676821844622,-0.92384315687814267
-24.718889714758554,-14.961731400796697,-65.154708709935349,0.019634426719160294,0.10570647095418599,-0.4223572216371973,0.65838238665800908
31.804072413785182,23.804549037178969,-11.954981194105393,0.46332675402175022,0.28918638116646284,1.4026924412211186,0.082415392486072436
20.565172952846542,-5.5436917615292058,0.13960734156326424,3.8712608405601596,-0.7898549208773078,-0.23659620815158194,-1.3961595341900996
-74.750716945469946,-23.200926775336761,53.379603157396531,5.2913246418978863,1.1948457907466037,2.5341045706036107,-0.97090632458186155
15.144796933032389,32.14336753486733,4.8470945490698307,3.5245167776206667,1.604596852018217,-0.048457677367541793,0.098069774557979258
8.1448559352305256,-15.883954625118522,-20.544830859498958,0.21392528188598986,-2.0680128242402684,2.682050202792865,1.2007303021913016
15.470221398338751,23.293562668713591,-82.070238409545908,3.9023869722146962,-0.067292125568067435,0.21678788883345071,-1.1085075615104247
-7.7138027113234839,-47.754671139432574,-49.549051555252746,1.0494945954719228,-1.2278837201814057,0.90666694510126655,0.22900099583359565
-28.989371311117292,12.286104019110558,-64.458524863244406,1.1441210870827618,-0.26734105242611472,0.2096361616473266,0.84302846451468938
-57.0989941638746,89.133505621299705,-10.391998629881259,1.2288159017601143,0.6644826731186898,2.2205699839303117,0.22729598864097383
2.3999869844675148,20.90067202424428,40.517716926305326,2.8785132535887894,0.81393733797450796,0.92967940612574096,0.52068233751382542
-5.3456987817055435,-18.492546691214525,-30.16554545628934,4.1069506932270556,-2.0294527155222912,0.37623913653202801,0.91466426650392207
14.223749676456061,41.35783016297367,-26.732321757060916,5.4458892930989444,-0.11302589550917834,0.82891130853979389,0.45470382899234102
7.7565874539266479,58.242556810887919,-66.497188540982819,5.4719185935317034,1.3877514052666671,1.1984237411526035,-0.24065708270206593
-58.538124724184122,-20.685548950710373,19.836937541806098,5.2192638263621989,1.3080444420010724,-0.69540171089113856,0.23778435648418331
17.972047500465973,57.057295271637777,33.142024173318326,0.58275489336791875,-0.51858667896423805,1.1946539957785471,0.36643792417534343
34.155528296185544,-85.823167955332138,-21.86923347999204,1.8375754134736617,-0.18795117647781487,0.14078387313115895,0.77364244444820263
-7.2830064870859319,-19.176214938839689,42.180889526790324,1.6782274692027959,-1.5930190981720724,0.84295274351827976,0.44339696062037665
-17.584382534389498,-35.582201234201172,-30.282671591961499,0.85923971151065037,-1.0559264467523,0.99347924157614265,1.2690119840305614
-10.80163086151672,-32.28192956160639,-5.692516780062407,3.3167796468298749,-0.45616937533378404,-0.65525807543302406,-0.41841882078769921
-25.764434355698597,26.151055853512442,52.938301262139653,3.4540501736626799,-0.84160966961998507,0.12729043240636712,1.2079651441501802
-70.769496808501614,-35.665887100278113,-16.056870685543892,0.3824350230896606,1.0434214455151898,-1.5120978178729387,-0.57846875033636547
-8.5786772352409724,29.790803180030956,5.3170057955123822,1.1321641249778638,0.29873791243429809,-0.12433996714742915,-0.16720069387866335
74.619991785793587,20.253141583965075,40.98504133839986,5.0777903769606407,0.41358574765553208,-0.31626539565047562,0.49144414110789802
46.801492974594396,-14.459794037766585,-29.687012261422893,5.5377320038406452,-3.2165841780423139,0.82581780000696992,0.65641688162217415
-6.1433391208886032,-15.159445845756569,-18.112460835969152,0.32318629522714915,0.068003100370560454,-1.7186145157169812,1.4045706058581693
-16.65581562219737,90.508470553168721,41.839678859736694,5.8475362272765148,-0.4215666824348806,0.36211325384453613,-1.1942222392735251
-24.610869528450731,13.541633335169585,-27.167607349839088,2.2857151324017022,0.30799408612241075,0.94170047814259827,1.1656775592875586
-54.235369816007911,-38.482241446135134,62.928345489599934,0.32654229118682121,-0.56810224696670064,-0.98593875227425454,-0.10172574030540935
9.8552373727338161,18.895966873613297,20.070949920340244,2.041926745577737,-0.80473284549812485,-0.86833153925394946,2.8896717544940613
-35.967839030694407,-67.201207492232655,-26.320920692950001,2.8028482015301455,-0.28770767207384096,1.6013708910463487,-1.9385333632893027
17.256673833654904,3.6692726408559544,23.788443715643396,0.18438883782382526,0.32595956118854869,1.9013051983710771,-0.30379339293122654
37.774001071642019,18.937950561879198,-39.108452564745981,3.082460374222483,2.0194581523116084,0.19840898019707404,1.0005985905413903
64.379790724209755,46.644696169862399,16.41667271151093,5.6296057041973002,-0.00043373975250389144,0.73493148928914676,-0.49978282197415613
1.7101691454229184,42.102515141845714,-28.519289291045812,3.8354433612555257,0.65947098131200121,0.32308336661968678,0.88510784938337572
-24.644217506748411,-33.017391690683027,12.366555308247424,2.7089296433026289,0.0062283659705634417,-0.27552433985505137,-0.34770462125148216
-13.434414779486074,-3.4908072088656059,35.170783587082852,2.4258190320087043,1.5573353594251893,-1.0360335524267474,0.96619448595669011
16.346271924371223,24.366934566507194,43.387108138881906,3.7462648402461327,0.045079298364418846,0.59583222737612662,-0.73619330448591047
-7.1844397985223516,-25.162872967793437,-8.8415543407661463,4.0082140308305396,1.3890064634368406,0.16618683249305535,1.1806916873026736
-1.6982705486517919,9.0465095631580716,-36.863957283412432,3.3925634152980386,-0.41768056050651453,0.97561850413986451,-0.9729418228128387
-7.5320413213733435,-42.158353504622269,-3.8653035284134032,5.1081023313794374,0.31655152133693132,1.1793892656255929,2.5820431062550004
44.094742782139832,-29.850264568406573,-28.59074301425408,5.8765565282064589,1.4123514495033525,0.69910734955050446,-0.26256643936820889
-39.423627625429368,-10.839462346826966,21.074058868753152,3.9162441884449524,-0.50980769536008586,1.8027383986740069,0.0045879476892694499
-0.15388193973910971,27.426064623534749,-5.4550879291679264,3.3673422721957822,-1.1206721451776285,-0.091616238752895943,-0.46887434466723199
-69.951342241690895,12.073761097529854,0.90792715179311911,5.6483671025298552,-0.21752717600161522,-0.15594243196913637,-2.0024688238951684
-18.385138655016313,-13.862152219041258,-31.127783797662243,2.6085111802651446,1.2502686338179476,-1.4167738821771036,1.1096925497074712
-44.584411989942332,51.388847109546191,-31.95635167855702,3.7568414796800531,-0.33201206064739458,0.41447690230481532,1.2361579918340311
-57.846009396331546,-14.388684192668611,73.891750252070395,0.98804027973747599,-0.60980049429921324,-0.89033468357680168,1.1320580863009662
24.338425268724286,28.493572069346598,67.559326324712345,2.0813283977899828,-1.0784940027011596,-0.38281126715345265,0.13877056588987255
47.239223549666356,15.385962388164589,45.903464080581465,0.61108640138922332,0.7616129381887764,2.017611689043918,-0.8768041743514392
69.960645427612803,-17.935624249917463,-63.196161317575694,1.6250040003810613,1.4058536871094136,-0.87720280857410937,-1.9715831238650761
31.717509009760729,13.286377200631176,7.4110307125092536,3.3372467460835966,-0.59247476841850766,0.61908239074004356,-0.89648174150120774
-15.623467539626903,8.7801787738400474,-18.298427808216037,3.6380240610781374,-0.71050813036167859,-0.89227630237028255,0.36574726230886567
-5.9764272484032839,3.4658465577354614,35.309680648729419,3.0724033031726838,-0.83801431493358602,-0.40130622138893091,-0.65298702744313109
39.219844693036578,15.959092289805101,5.9447726402463461,1.1810923161113474,-0.25976445718473357,0.92516714725461191,0.21626050091648463
-28.287254026665764,76.898168953536199,-67.958713400027676,4.9039014188215431,1.6445402588529323,1.1100386795859778,-0.25993528390926984
43.611357252864664,70.113712007238675,-39.997943658111033,6.2421273345855601,0.84350553323517519,-0.11678964107155011,-0.70322859990681563
-2.0996236731555675,-1.5828872679994577,50.166766688763161,4.8283993189695193,-0.70019069945440682,-0.93800060022979181,-0.28370651827994631
-7.0538358543196988,-91.110433844002273,-19.449917079127793,2.7216303673108677,-0.63892463689701795,1.1743095117896114,-0.7633771821744666
-10.223976676576688,-28.691484311774406,-3.0503007479344917,6.0233350739157494,0.1313689523895252,-1.5816458723474183,-1.3182040184880728
-55.668355489572448,20.643253208004161,-70.988365893255249,4.2647677802776025,0.28949781223589943,0.69192773439988509,-0.081510447923631921
-18.374213379218819,-0.95492631425079089,-74.268163443978253,1.5336046264563388,0.21641291704028764,-1.0115917934401011,-0.57684234488071051
46.745259761547935,33.728997113925068,-6.6024801528830412,4.4666512699993044,-0.79856259013364406,-2.068297590825416,-0.43484891505126505
-52.265178838684207,-15.525901806086729,-55.581968512888459,2.4819282799600155,-0.34659151825397477,-0.50385612429681403,1.1707148612540665
-80.079945822786485,10.942457457791516,12.038820497999424,2.9429234923546774,-0.5400266584015293,-0.19624608762057957,0.92454005244935389
10.315493880486219,-84.205969289163633,-42.026036870020036,3.5207168206684498,1.3836263959093924,0.41044105042038032,-0.9695416055279148
62.449860818835916,-14.235678621827489,-15.403199668985396,2.5762538910763482,-0.55227482910218895,0.46929795018436538,0.58943365562430927
67.183806213528484,20.586295994900844,-34.456730463825593,5.5779160317510428,2.4557707486099671,0.052253793699849477,-0.23436390068379542
-22.825204916686598,22.974257764840939,-0.33257956430669577,4.9474196272673234,2.1174417777474535,-0.55807618142019577,-1.5258778752683555
-54.053722977988947,69.308120471624349,24.318422914175553,3.7923108824941822,-0.72246137726136794,-0.24318009123556625,-0.79989559311408431
-46.360801244064646,-48.971607815845317,42.569895984670737,4.5980531405759031,-1.7378912774927731,0.37513439352192846,-0.18863199811826245
-73.031976754365544,39.488868183569849,43.59305941150604,4.1360145761039746,-0.24229237226981054,-0.22310610088184887,-0.06136687418224384
23.804270321400512,70.485510874687279,25.469997774283915,5.9083277326986421,-1.841836676750412,-0.22306793537751055,0.73855516971757784
23.980807824616303,7.0499947146555728,-41.135693279331633,5.0389406246346091,1.7104932612928918,0.25538134979003613,0.064159011643721661
-26.10097931607935,-13.3920353575047,-13.424174006651018,1.5152691328475203,-1.7176830854098024,-0.91403616182786351,-0.023570048987691956
-18.710877482111798,-9.9784726729680671,-3.8655835190107077,4.8383576810040037,-0.68856562939052768,0.18098042557744548,-0.20457370663333521
19.087979740419453,-12.769888190663229,80.670850876798298,3.9330183612723806,-0.41025803110729192,0.13614725626944363,0.48329730073299415
-13.030594767632673,17.334825711096233,-54.407262799937826,3.9727965408360046,-0.12285875624563061,-0.93413935683159499,-0.45269308298560579
-36.927984716108888,-13.296408539842783,-52.011837582809896,3.8717596031302284,2.8430972236055152,-1.5662856784474104,-0.87059308127032131
19.740948650238309,14.677063787760757,30.745791316089178,3.891184334922734,-0.049884941649405247,-0.82147422234829737,1.3538665490244484
-47.196583583588364,26.956006612540044,19.962530380909651,1.0679281935497049,-0.00061811050555960986,1.413734068305059,0.72571972953814889
-57.839317355458441,20.355902327865206,53.60343068260353,4.1575153936493106,1.1331353669880309,0.25115944084010072,0.63978467955293572
-32.154710115202782,5.4212905290407374,8.8148071287195702,3.4138111379523548,-0.99444097104771112,-0.2132383807750618,-1.9799903563328038
-1.8157336050930786,-33.061767148014994,-0.0036747014628411363,1.3036658100298619,0.59153110559547717,-1.3368447808349964,0.2198428197832111
48.681114694071375,0.22583490794221381,-69.908074308586322,5.9791564901918157,0.33221917657631822,1.4441228550852567,1.1544467871816173
-43.783432873301962,28.595319369022342,-4.1397863221764339,0.48257707212832096,0.41165082311884199,0.033697978151737827,0.6543523489702372
5.2285388088490805,-68.582193222512558,52.700890407409979,5.5025161799269648,1.6989484547193681,1.8536946224018964,1.3045087943989844
72.294616121874128,-51.442340712834913,31.993379337851227,3.7000066915907945,-1.0161013973469155,0.063328023361683333,0.57321136835347286
-23.969339659993153,43.190689151852453,-28.210869987318297,1.0169138918151102,0.80937438650485161,0.91341119681374749,0.2266390315685165
23.376707040423916,17.686951232526134,2.8709752895105609,1.1819034201355216,2.0586370878261273,0.70037242192860494,2.3846126257102895
20.851566063049709,17.38657490881948,15.669557809240262,5.7651922219314473,0.41489834205085446,-0.78636239651498097,-0.63282474681773404
-33.582033843731615,50.248660103173535,-13.664033311068522,5.566218008488252,1.5888518964506766,-0.13442356120505983,-0.8153802405841496
-31.554426886048823,-14.641941720552484,40.026124652217383,2.011971507963167,0.34614054916034953,1.0033381690487468,0.75949814933296955
17.320131490656109,-53.417599129688419,-51.794894847370827,0.60069674780429183,-2.7102156230937391,-0.105044657619195,0.45020473875426004
-26.047695505028351,-48.618581963098769,16.903354191607448,5.1064170361079375,0.83073568775723794,1.3443058918480455,-0.74593857995327117
32.70566817045286,3.1816020106035339,-13.238580162467832,4.4873599155307513,0.34551853557876033,-0.56130700207418738,-1.6417422285525478
-49.944064687241088,32.247013473787447,25.867030204521861,2.7902294963250327,-0.78591557130548184,-0.77280378727166454,0.42680406281900868
-69.743386706541045,15.725455858270516,-23.963003922974046,4.021697885910914,1.3368300432498781,0.49209986085778307,-0.99538009553143569
-80.118897727865814,25.073665117055778,8.0784532805383051,1.3860651499228089,0.34887328170787191,0.27311728622125991,-0.3103855417717214
68.348937388191018,62.421865216485784,36.548055753403311,5.1461231389251925,0.65957406569130395,1.0316737893070116,-1.2720933014417855
17.156215622291086,-34.888164208407019,-23.346728738575351,5.0612992197161732,1.0833346265083177,-1.0406448633592649,0.14127247886352609
-8.1416193044060581,6.8314850611701887,-28.841076833203942,6.2185155394093794,-0.8972905574550738,1.454373380842801,1.0454588774435727
30.627280384304981,-36.488666437643943,-26.060374641643932,0.67823292479477026,-0.30381657634646442,-1.2370011163303036,-0.61321639360626146
35.157681531181417,-52.157276616503715,-21.335921977124976,5.1251336115928758,-0.41965403470426521,-0.90933566172271763,-1.4647041257831044
15.192314421634025,-19.778239158832086,-20.634486119584825,5.5140020115601756,0.0062333050643957923,-0.21543276677002834,-0.27293840849559908
25.42055779995659,52.150846020230254,4.7487915407502133,5.4535028723579515,0.86588447383423894,0.9364555033635712,1.3829854935092531
12.673024791082527,-47.551939968742275,-51.910696242548568,0.61966933591098528,-1.2292697673891744,-1.790034239973866,1.3489013979369366
-35.165899521904969,40.34784357578193,27.078362222328082,2.7350187218147264,-0.067151511766224206,-0.70924942720509021,-0.036503150624070044
65.215359803148047,31.950803262539953,-18.210667521491736,5.1616631541646747,1.3840521478557408,-0.20843091436818814,0.070784419538864052
-23.949824687405631,-43.141423152008706,44.217403886403673,0.60927007801952404,0.086679463561761358,-1.1410828408328391,-0.53119698331651499
8.8613049520166864,35.566470810506345,-59.893295567625408,5.2338533968691889,0.80706395650876761,-2.0228993851051662,-0.08145427469858682
-36.657029635569735,17.232216027367777,-12.378454092208502,6.2068730500611231,0.83557904049951504,-0.31605370756043699,-0.22279326350392858
38.731555217024116,-38.419797248147297,11.83400323551165,2.173903623193711,-0.22426480504764448,0.4065717340012665,3.1419502426597932
32.876864858746011,-50.255520625376569,45.832067253010145,2.7314639188156611,-1.2839959241481327,-2.1519996315878718,0.65470687384082193
-26.349487488439035,18.947334181521338,-72.006917923875804,1.4687687014878752,-0.26703674635089564,1.2200123972513015,-1.1133523583311287
-83.977654669979074,-24.468638238735618,-27.366977356314131,4.1428743723037007,0.012794340479794494,-0.27858228585081229,-0.78450304911562174
-49.107584942813972,-44.567280796445765,-45.67638198297017,3.5011005302424092,0.26403589226243296,-0.21914567120949149,0.65288278497891672
-87.424299439976082,-24.410568568203306,12.761095665336478,0.022356338129500577,0.37155528877159627,2.6322038017455429,-0.35166314481033656
82.012099173962653,54.91165788267007,57.421335841658909,3.1888162678453984,-0.11800890987930296,-0.19960238824313281,-0.90406729275968567
-10.077263090352416,35.441837527972417,46.820979428335008,2.6720744064459079,0.39329530301967569,-1.5934501561881587,-2.4379351752222145
23.289520654959205,-53.037426139910323,-10.710902523418968,2.2263264962667524,-0.22363971168587179,1.770037172587436,1.0172301601078637
30.374077535541634,17.896416647357029,47.375198872784914,6.2270136861596566,0.60262218551588209,2.5097741273644214,0.37801065705305242
-2.0710904706853714,65.891708476378341,-4.3388365321755584,2.6979545574510944,0.80768492634869915,-1.8672262921470428,-1.7171101748113071
-64.270846940487345,-47.994202533596379,-17.944251607248322,0.57752027268438266,-2.3980246209154532,0.61676273561647388,-1.0113642747275107
-7.7143250789909628,22.040217158057771,12.010177216589099,5.2441917765899575,-0.48567622468644095,-2.1962175426021626,0.15987847416883505
5.0351210938959756,-38.185163042523889,-2.8163487035971637,5.1415932605478769,-0.6735056269433416,0.36940508289328983,0.37121112684115731
-63.664278040574644,-5.6797808935362406,27.05962488314842,1.1287474002287647,-1.7627788071937165,-0.68415255106637041,1.611366146228941
44.664101525946855,-50.367163617754841,-36.951720760716199,3.7523171449836434,1.4842096122474688,0.52228128538282925,-1.4734168007221395
-14.205091703905715,61.110676073822482,68.364483865164104,1.0641689035501918,0.24560787876091014,-1.1276132415179509,0.42377550922151519
-33.292053132667618,81.051531849943501,-29.082882641635209,1.4556260891726056,-0.82044979725246114,0.19808371128480451,-0.79414505408548997
-13.761799363511676,-1.8224981821478048,7.3964279490835114,1.0048818750447164,-0.64361085810955854,0.7931782102491628,-0.75465833218148803
95.547862929649341,-52.511137153469036,31.175209186413024,1.18567551418441,0.022930640846899965,1.9891519132846447,1.1031333880801266
4.5148227600145496,0.077374813449466409,-38.885041241548201,3.6369453945202781,0.3575377022449438,1.2462788786472145,-0.031837700468137116
12.280140069095056,14.912551926212746,-41.679863647635287,1.6235042189807063,-0.70364294320927079,0.34632654419909942,1.7003413413328878
65.855687133785068,-9.3019460423472662,23.958490403625472,0.57231892810467666,2.0518316047567939,0.57577664449625332,1.9273326924127756
1.8288987797539344,3.4621266863278199,60.233962143954223,0.95406437321225845,-1.5101541764253061,-1.1684752170853945,-0.65783541651904942
13.215883179234579,25.581792729438398,2.9403844451881218,3.6210044518606841,1.4399880600883084,-0.049956990303043618,0.096195486299928995
-27.889241545646659,9.4761616494214742,-41.016977347951858,0.85003340112473469,0.17480507677612758,1.3561013801512993,0.61492337907591776
17.175140284597479,-10.995804858319037,-94.004221911971683,1.5075512981883752,-1.2621418784156155,0.049925168690348479,-0.10777886919708146
1.2872697019218808,16.476496305032931,-23.64332159429577,0.016348438757976081,0.10017992609547854,0.60403027566200806,2.036599180477253
-9.8716475841531182,-24.707160384305116,-62.841620608444565,4.2737071075995567,-0.2534667850075929,-0.42964681743525956,-0.54364790669950991
35.55420180724996,59.814004043062191,-48.895243872779744,5.2584713061867561,-0.85737037745686828,-1.1749085839634674,0.90839534145096978
56.092797040494908,24.780593263670848,-27.701412177543794,4.5762124753220208,-1.4954362522608282,0.1226924697708251,-0.51007930456546058
-39.851824299669154,14.578720355546782,34.403492910281095,3.7114540904562361,-0.7673633126906525,0.13083609642827054,0.16287090346863745
4.6311900021610546,31.396781114663074,-64.140857130584692,3.3645765622024575,1.393375066040516,-0.88508265184547097,0.089900207635768628
36.9048432969687,-3.466864752371928,26.513769352812179,5.7398617038459161,-0.54619433902291892,-0.59656377744608124,0.34590700468801611
55.798930736881978,-57.40616748741499,-22.770005912345088,0.82904319692150075,0.227364038886504,-1.2668029125715092,1.8052287502283599
29.788256536558723,4.3886350603581681,7.3533432422469094,2.5398647651898587,1.0435078645392579,-0.81693232405832428,0.19296659107122188
-44.607826862731294,-36.512181274472987,-61.971810780519782,4.7026020614212527,0.72906099366621124,0.32312912469405908,-0.48099570948497478
46.748470490297798,-34.134307917643795,-21.378836245197355,4.033620773407395,0.7390823800072871,1.2374298959695422,-0.84242142056934621
2.4423735787071941,-24.058667697164971,-70.130517833203555,2.7901295912731769,0.72544258937141004,-0.79297666155145596,1.512371859903584
88.758585487536308,-7.9518060112635469,-36.69382297896103,2.7736002041903003,0.29722647537807501,1.3852122815289105,2.466887243987915
-9.414331421131493,-8.3414893378843722,-0.99016578555071433,4.2164890273601117,1.6326069621324861,0.098088925128861193,-1.0355319887715768
-7.2184676144313116,69.028803198501919,-72.149129678626622,1.4706889934859924,1.2379636816915027,0.57509430719633736,0.48415484435364242
-71.897879825013234,-2.1007980401361661,-8.4118481009967816,0.77094307639243176,-0.20098028537713902,0.062940880732616528,-0.49090445275845845
8.0131680811980353,-97.886808858004159,34.855629420641741,6.0973451615589553,0.47574237084648191,0.19482939981191535,-1.5814941462392054
-61.76238311718361,-65.199423188174961,38.898388448189998,1.1289476238199587,-0.5635909008905855,0.72571552586586685,1.353466273578436
-56.721155229808694,-45.22034238241347,39.055103845539634,0.047581742932396774,0.99413870626690237,-0.67841467947031109,0.17888176886303328
71.5798942085504,-21.193814306887241,-2.7291230148950087,1.579478074651506,-1.1670744071659096,0.2092310125178205,0.50722194095462569
