7.9980170606801853,-5.5410971736287991,-23.588428156682991,2.4943270109896476,0.75616015198267705,-0.30228698583444291,0.64365568834732934
-19.628449006217281,35.034721415193289,6.3951037075991986,2.9286722409859376,-1.3166697859238539,-1.751485492603037,-3.3058701837479045
-4.8056415658298022,-0.10894387060823434,-30.316524118306866,1.2968879567112097,-0.12660027446503325,0.24863283383262538,-0.68120062502891821
-14.992341252545449,-13.337570652109969,-10.522073030370757,5.8530851751403903,1.5431421831874261,-0.0081552739216342058,-1.5893030472058234
0.52802408072754059,16.271740552396306,3.9462183231601311,0.67379656003198363,-0.00082404976862251881,0.26926159269727462,0.13540620307780199
7.5995768646083608,-1.4843085465315544,-0.46985605593286278,0.99978149510275527,-0.84514570672937783,0.27352477870914638,-0.1616717630552976
-1.9305083351582768,-8.2183654730599347,-5.5620505450842064,0.51887705547003449,-0.034987967218161199,0.34004670543154764,-0.47892751653317911
19.616653699867769,-14.958875544978049,-31.862355451875544,3.5643774208487922,1.1160123576444707,0.76745998876017751,-0.73549521055151879
-12.166015724146536,-0.95362673502552964,-0.94018662166492861,1.7582266698637887,1.1374469400860368,-0.18974590809936412,2.2583807125183757
15.923797728763395,2.3910794649874636,15.069266218443762,6.1207140835405411,0.15147907292214766,-0.15025045740514945,0.42306998707949456
-6.3769354317818676,-15.304429462231669,-15.183303060175678,0.70613431122894799,-0.53570780397674289,0.15752362351418631,1.6313270630517194
-10.196524819176878,-16.605060798396586,26.081991336459446,2.4362273685878155,-0.3441766415938835,1.0320874910231737,0.52485952378411493
0.093823351460407101,-3.6989657669752782,2.914196811695311,5.2192223851279778,-0.5681261175926996,0.91844718580468654,-0.56700454824648305
-2.6714824672352351,-32.232870704621604,-30.059347441625231,3.2898375305043719,-0.3803056106594736,0.20422556535679054,0.70362060283858541
-6.7992161900967769,-28.686608649031193,-9.4359931544509177,3.1906426315606313,-0.44880768195220844,-0.65151121583620919,0.52071026333307313
-12.864014614406376,-9.5376084542204271,-29.959352437245428,0.48759617641973912,0.6497995503404338,-1.0920607331070205,-0.75732778807194001
5.7214281146942456,-14.768058342203389,20.703052236831557,6.1115645015905988,-1.851086377244213,-2.1559893346975763,0.12635446887663143
-20.806879821894658,-12.024567057188223,-15.423269421313186,2.3409897313414865,-0.11815031898572721,-1.4050191985341109,-0.10844731503320602
-17.442781144472683,-12.628139147941852,-1.5704132657631762,3.3882090256798465,-0.36414195347684214,-0.23292013195069128,-2.6623779738862892
-16.998556712215947,10.883092653882436,-33.247562828925531,2.8491063337586366,2.1704798874873723,-1.6695245694574528,0.34700675760537686
16.18848173531207,-15.850202806272302,7.2122743077147282,4.6467239979593025,1.2439157141835744,1.6469081364811944,-0.34134069196095224
0.99951592002223688,7.1271877937320944,-29.394811020419301,5.882962869001509,0.21762039294100116,1.3097937488577398,-1.5321528181021666
9.1211455778145787,1.7963250239206729,3.5436839085599483,3.9464619840164046,0.55310339630136829,0.19655026567911041,0.70505822720167144
-8.5522138867112343,24.509029130965388,-30.054099937859526,5.9261433730086219,-1.1677905641681456,0.4715233234961802,-1.1726111790127183
-4.2008563539687032,-12.035369352856744,13.529275184679294,1.5258454617805224,-1.8760607156781759,-0.57830338409513482,-0.29395613228125117
19.16478467887433,-16.783540181627416,4.5904884366269387,5.5923331367417308,0.78183184227385916,-0.76743267969615125,-0.26384042291943938
13.54005645585093,-19.321720427406472,-5.7434996243449223,2.8463137620003431,-0.062905361311017718,2.6073619410880831,-0.17526909747364225
-10.893813161058436,-1.2045663341069226,23.934779386051911,5.8059763793888326,-0.16023117569767772,0.3822903454801671,-0.90640738804973975
0.59339340776922433,7.7321561275576158,3.2479107722113376,5.4185300156130163,-0.15579413393810398,0.42563243833315878,-1.6539639294336741
-16.588433954394027,17.679528643927426,-6.764612485545471,2.3018588150436363,-1.2111466922191976,0.71877971371457361,-0.84624856738819676
15.062967227880851,-0.50863162439373644,-23.795994975810569,4.8280744255525638,2.0990039850841331,-0.62676672823660373,0.86237983791360762
35.615895488685219,-11.70236851139061,-1.5126482006551225,2.6489295711360392,1.5060227526850545,-1.6204959733648292,-0.22797886878621465
3.3931484541406145,25.240458071220687,-8.890145784737534,0.80783959838544739,-0.21172897967575247,1.5518940580468388,-0.92321225635962079
3.0745085563335377,-15.15226636502387,-2.0908111972290593,0.85091987052968643,-0.4249669424381467,0.16960749873307701,2.3558372453503709
-20.367985993416294,20.39302692572921,-8.9521339646509599,0.07272400659749638,-0.32074369139760894,-0.8157026700568305,-0.48753689700693426
39.341534148656713,-13.323568605591751,-4.8209268845536295,3.6755061937796065,1.3537795737223175,-0.79147203850730385,1.248511140852433
0.41448323337099946,-3.0236916484175715,10.614662948899031,6.1235597843036018,1.2438093659493139,-0.48278990357603491,0.31793911668657854
-16.74379770615683,9.8065634350686128,-30.014139942364373,2.0244022608882259,-1.0006854108507657,-0.064774093151839934,-0.90573974373692467
16.146254517201886,1.0524215013701483,-0.80067315122930971,3.6700842022213398,-1.2882900753705344,0.48696425719208014,-0.15885689596251987
-6.901565076557417,7.9383755442380846,-24.627849352678581,2.8124139057188819,-0.087267401083303983,1.4878587171881776,0.2136687599579204
16.757758205304548,-0.344067023156367,-8.5126336783995207,5.3953694644350341,2.1812869040216127,-1.9529497027543694,1.4482229828473387
-6.1381714059968662,16.419777101890869,4.8428044679122983,4.0141102170892697,-1.7562874224841416,-2.4714635445267601,-0.4891279520471738
13.485945490863688,16.554013605925366,0.31800124848957512,3.8596856587553585,1.6571781906277325,1.297427005228476,-1.7648049824513758
13.51138053898465,18.994283116102739,-6.2512893953498603,1.4021195125940289,0.94465900739937547,-0.43477930513215901,-0.30855651186475125
14.765017130653577,2.7253068823655884,5.2699051018404433,1.5484679684727061,0.034064094347988197,-1.0301125981453874,0.21899682238925097
10.33266214503135,3.2762176734037243,-1.6993579523284374,1.0492868015312207,-0.84244390805015024,0.68365431068805949,1.0372876625964369
-22.85060260306809,-23.414625901752263,7.506168261448714,5.6666359115675915,-0.30579653656627931,1.2730505598708481,0.37727493442113103
4.6262381232739473,4.9127907088514657,3.1357167005926403,4.9666741670204235,0.29271106917437711,0.47919267484594424,-0.80448533021680058
-6.9097365100256507,50.264932123439067,5.8407519307959923,0.26923733687393953,-0.42279321862683233,-0.29538847323469553,-0.30971829093583553
1.0163703363801648,-1.1866211239990121,31.473492589316628,0.89223918061382801,1.0274784194221216,-1.3369087681645544,-1.675400668437695
-0.60563693333238366,0.49000758761016516,-4.321627710660195,3.1767641774848556,-0.063925640242340667,0.48703321651376164,-0.74703224906167653
-29.60682726396259,-8.4848993863315751,2.3697826961630901,6.1288493643928543,-1.3462588634306984,1.6344514833206714,-1.3020903437173295
2.6330546497949991,20.808677135429416,0.3209185317749978,0.68775435366801918,-0.90720491660902991,-0.14902989126814623,-0.53682885879927211
8.5842370982222569,1.9439435647219347,8.0531838698276772,4.008792728675127,0.25612792850271804,-1.0423922705882305,0.75426180659204667
26.746068314515345,-0.71141788170132902,13.828374119853372,0.013363551603335661,0.73790230637631515,0.09021100837343933,-1.5936884949539873
-16.124217913830428,5.1920732227218709,-21.237365500594766,2.1424291882373403,0.084578187794493026,0.020400442322948735,-1.113288923859701
-0.7695325701224105,27.92347578244415,5.9992857409383094,2.9829647893460818,-2.6474613623813985,1.4448639360408329,0.53081827326876729
-30.255239284670996,-3.1780911512791725,19.094929825064675,5.323163837630621,2.4037644390006614,1.019607556637816,0.21518746459896526
-14.994157020174516,-4.3245455958230892,10.734232167509495,5.0983166663374222,1.2657850939791575,-1.0519265755425822,-0.62752979904144279
-12.778977426481783,23.093714674423587,25.65011538989231,2.9536546610648839,-0.54799264565399575,0.26278867787840871,-0.53184871287977997
-4.6760741008483544,-3.6627516414210568,20.415487994442813,2.8944808116953071,-0.015342636367645336,-1.0853000885238724,0.12393808273711532
-8.2967658593098843,-4.9530051787341529,27.24585216248094,5.851497002632625,2.1884316329209361,0.27557015226414877,-0.0326076730945297
23.803359721443371,-11.21448514998211,-2.8313088870747305,3.4867488169052532,-2.2762137389838788,1.7683537427924787,0.12821948077381834
10.114173727536659,18.624172932121123,6.5972850466740498,2.1734972838615136,1.6359745281565927,-0.82391474102976137,0.070158228005762366
5.7577655048385203,17.43973415503719,-4.6246437220059473,5.0273692116485851,-0.30009629990741349,-0.40393380545885799,-0.63647913406990764
-11.355153278209894,-16.023317807028661,7.1486145348963372,5.1684430325200656,2.6337185725454466,-1.6252335001245188,-1.1040907582750585
15.951867035655887,10.380099688103634,21.901167793714105,1.4809372452919545,-0.70481763751419158,0.95772968758521759,1.0383038371156259
-25.531815186771372,8.5258796603989424,6.1316619420585798,5.1180680183640215,-0.18696887009471974,1.0644370640751013,-0.066677571858151027
9.8921107756422568,17.644282020770913,7.0302047312621063,3.8005419847330786,0.22006451393588899,1.2839838185557191,-2.9987567958479335
-8.5334605160757846,5.6370385245531969,-14.976587966861109,2.2850771589610614,-0.40011267790448268,-0.73752820930220742,-0.48301618621136172
-8.3417418169633528,-0.54549662142635014,6.7138590981583404,3.1618304477394714,0.42231741942736511,1.592596811939188,0.85701669510262302
-8.4749645092531765,-24.643833459116376,-16.130782525429318,4.0916476887119986,1.3415392302102633,-0.62631746066406169,-0.42880170907261572
0.90486672892857745,-4.8246920893666463,5.9815142500061365,4.3921828364364535,-0.94355193712743568,0.47299992456322265,0.58798587765641463
32.45327943325924,5.0049659739338583,12.803588091342789,5.2828861057948631,1.9955267507842558,-0.31212490923300784,-0.32036684540329619
-5.3828663860649089,25.386961268623363,-3.0876789431136826,1.7729808417172419,-0.38531080285166797,-0.44750636694231005,-0.13777643992729621
10.960555684498834,13.991370839827656,1.4598314907477083,5.74878006681781,0.88670878025007382,1.5234386654665282,-0.11802114488607827
-1.5224623290866068,14.542624347955126,31.35132781842248,1.7140107416846635,0.41693074217324794,-0.33562633551472165,0.55466649091838149
-1.2658230963559423,-11.529299716164903,10.135936731984575,1.2896579647659305,0.65112657630144277,0.87584359244569898,0.42683050330075445
32.201142795023458,-6.8904366674456128,8.8447761235982689,4.0280770417892979,-0.00095447933270876239,0.95008469049435529,-1.2993714834417516
21.60462193654681,10.970656043162572,-7.8052459498784623,5.027839674333225,1.3849311855408264,1.1135909579082131,0.02454247194550143
-11.42315545608564,-12.796767908445021,-2.651103549845538,0.9872187890664883,0.093551062543777125,2.1527417814704046,-0.39933550142460728
-15.808385958594339,-10.036242130749434,19.926720086165496,6.2314473255433684,0.26981254256428733,0.78956012307638035,-0.45781786270114899
-16.888518017152155,13.483953416835647,3.1775165284524887,1.6494613158628901,-0.88808567348077405,-0.13782262267501241,1.6422855974769983
-11.64761237082889,-5.3536613180947121,-7.4752758055733164,1.9799906098705933,0.72962836242719054,0.52665365929698904,0.56023314788557887
-37.563076461501559,17.042466477236196,0.31456939581442245,2.2352088469933156,-1.2216673151647559,1.6022354300620851,0.12482695196863676
7.6973773788164808,-12.224478322161319,-11.248387030690699,0.46464075972066604,1.7769982517339586,0.81667337351085434,0.76678474223082516
-11.896277843308408,-6.9528992417919593,20.027891808022591,3.9387789416235086,-0.10920282152090717,-0.4666168925097704,0.81892771938692777
-18.92355078902423,-0.75185859205014494,-10.506655722818451,3.2327465317152102,0.46801377865421101,0.26711027687279576,-0.94888342338203391
3.1347217952873736,-1.5052809364817146,-6.4232251656516874,3.1529110746074647,1.2951947317542216,0.71497784654418517,0.5874892131112982
14.793286259319855,3.3577332992435571,-9.9541914470134838,1.2067933341006121,-0.9477908429428612,1.5460244064958719,0.34087224794384968
-10.494793705675265,19.892991245760356,-24.427362585508178,4.2466166099263516,1.4325674696195252,1.2122438410496428,-0.086920761104778699
5.0930504483089738,13.729623269000689,4.4273401433788084,5.2568028368277258,-1.4343995410703994,-1.2784527698872261,0.97079202275040566
-22.951046954508723,-0.34960320322479943,10.935146377598773,2.3754565405643744,0.78045258852319932,-0.72340363545590325,-1.0459976999484728
-3.4157384863809273,-34.89902699235838,-5.3465770404859088,3.7885224772836201,0.78989302994262611,0.084889035803950019,0.83330189602259208
21.276905414846645,-8.6965564630863597,-13.463468398590173,3.052101191824744,-0.74749770712595509,-1.0180999321991153,-0.63800751723856208
7.6410889046035404,-22.164019691854264,20.244487241116484,5.2723514620026757,0.13482380804777216,-1.7615560886881461,-0.54190326396996691
25.3963528917945,-17.427628964575515,1.4917818103332756,6.1872457635781046,1.5728481982325215,-1.7543112070888456,-0.64354672743369423
-2.4459208770513445,-2.8078615557693762,16.040224881938887,5.2135018655122236,0.095279655144036537,-0.87575638744609663,-2.9173147243269959
23.097681084603156,3.3786202464158785,-28.963397116369578,5.9797539608314914,-1.3695032269821736,-2.7481026007050122,-0.12880883161649426
-24.926734190022312,-5.1893830041795672,6.2659860213187279,1.0993515825030629,0.54351991464269322,1.3928324515678179,0.48745598847678406
3.9224041498123778,-14.157617944635634,-8.4089987489476616,0.67461386663274991,0.85758097383978038,0.7623246930050116,2.3806480926165565
4.4828693965182982,-0.41784276367471118,-0.41537516953598674,0.1607700399801163,0.73081651998014219,1.0789135237770224,1.8774302238354903
18.615195571396658,-20.107235700647315,10.50717135534482,1.2194866823296391,-0.23856980315539997,-0.67653520345195062,1.2899569821475312
-7.5707349696061419,-6.9079583331798302,-1.5770260658190545,4.4226669926115374,0.58244882605517068,-0.51127947689424769,0.40128316047892776
-12.3994359214027,-19.629505305940295,19.100767034458741,5.3956612915673059,0.88167018774032424,-1.9865259615034871,-0.48002615433787232
21.820904236697288,-4.9548648702711757,-4.8546634549913987,2.4935535702269367,-0.16259200848523567,0.82498094602979577,-0.73766268557531245
6.3634390417204001,22.762263176935036,-7.8515072793394118,1.4437142189836267,0.29377338902560496,-0.56705022996553112,1.8768643166597974
19.883314654040301,5.0668236630048042,2.7747038645247093,3.6894746178349358,-1.8456303746067986,-0.52689906192184166,1.0912817113525721
-14.422490629389534,-10.163539251911939,-21.092239649874426,0.81960799556575192,-2.0359411653936235,-0.12845349627779626,-1.5776265688709694
-11.076846817578698,14.659962810947933,0.43328565518788864,3.6206456099238502,-0.63242590292932344,0.53755288096011089,1.7624014623792026
31.338300474677489,4.7214872437204045,-7.9135551946547107,4.2181513307351457,-0.21707986886932992,1.1355583287170834,0.59235305237481695
24.917203705855535,-7.3328455583215746,21.040784134228794,4.4504599616340528,0.1416030085844876,-1.4256994842802972,-0.036412497883837498
-49.289236659840938,-6.7077757650176837,12.089658285696808,2.1513476603842587,0.078020534256091512,-2.2298312547020522,-0.43682781635780299
13.234236994464151,-5.938234963540995,19.149351848463343,5.3622390628088397,-0.78846225128361636,-0.42616493715098164,-1.3065016604357258
3.6594704084296232,0.32658994844942452,-26.877063138555073,0.6549718911607979,-0.025707564882059795,-1.301725533558328,0.30383409551277735
-32.891704704441381,22.38647129515585,0.98682097543896552,3.0174135216631357,-0.78085094271048727,-0.14172350997578248,1.799653901577748
-10.635397709825002,1.2107530729314584,19.272732357604728,1.1900014127671608,0.37127772302088163,0.85468494166540165,-0.043721245311230339
17.040744505584069,18.561087082286196,-0.91494839648595983,2.0466168059900185,-0.54282491322577786,0.75887268906754912,0.015953816197430571
-10.168742213210169,-19.736203620045757,-10.140986844748115,2.838776966533386,-1.1517551093682918,0.084943696207308864,1.097435950862691
3.8196520664193208,2.2703979567594912,-8.7581973468760683,1.6907348716044932,0.68400780303140762,0.45771240229940208,0.11214346792378084
-12.033064960594476,-8.5884300543972802,16.653436009425569,3.9914557361906224,1.6735392460594334,-0.42653200984864736,-0.98158199982491046
-1.2603559692151372,32.456730224994693,-7.0006188059272203,2.3255780449439492,-0.47995435330544001,-0.58346372418113746,0.38843263047478488
17.552887672327369,-5.0444177298322703,3.2258658297579399,3.3519999941382901,0.56443282799270555,0.30183519469905562,0.33493876895911423
-13.826239003212148,25.239543920783408,10.14163030948075,4.7415491202753737,0.76358100318360689,-1.4699854411988971,-0.033080203275610093
6.9653393970238726,16.015858223585042,-19.463300240654313,1.8254873337505577,-0.85244181516901174,-0.3131720485676216,-2.1380072219953146
6.8950068808577418,-3.0409246926320166,38.739461691457414,2.3748384504621249,1.1906195750430142,2.6995949593011548,-0.63256703809255699
-9.3658949173957566,-8.5489126609906521,4.1484674908818047,4.6124600855592197,0.96957017314928673,1.013881922440975,0.14299617800055811
1.9162919017778006,30.423088845312972,-10.491418111680519,0.91935516388950456,0.10484039107168674,-0.49870999263218174,-1.1611763844196985
10.28748353438829,-7.9425738800670178,-17.061644269568724,3.3283427761580571,-2.8995999738743317,-3.0017437657308719,0.33177900443513908
1.5854049402934942,-42.483354758636644,3.6501923733375561,6.1984237813753431,0.045681088520703954,-1.4726822707763016,1.2953142144575076
-10.068487962799717,-0.327583989235324,-2.7144714266755687,2.9729108585894344,-0.89218211559578375,-0.59012280575232434,-1.7376539017368406
-6.9249589305683097,-19.053775896277639,-13.351116512466824,0.72518697429955403,0.27295480465772526,0.69361948716913957,0.43631242883685967
-16.701528072938071,-14.540716627914794,20.667479212783981,4.0525423468541684,1.4732535492698582,0.73290621411555745,-0.91123203377927842
9.9954605093717621,4.0333925326689446,-12.288349455973622,3.5629737697976687,1.3659455650278995,1.1466675125895762,-0.58714844607398198
-13.73263853216333,-26.567454678136102,6.1775403328076628,5.0657395326979264,0.39767392917261635,-1.3999108277036314,-1.5403996067338321
-1.7815354257731286,6.715709526742299,9.4673278523948046,1.7934839536050082,0.84231009241318433,1.3962219108670268,-0.93123353945201737
-19.508324139329901,24.774280911162073,31.969934946430836,5.6872632493513731,-1.2677717886953761,1.6538371630362747,-0.86466223763140038
13.522550755829652,19.536679900591853,-0.56323840569550598,0.66169773142967325,-0.84111254419870662,0.47844801128825754,0.24861056173976179
4.222006506191482,-2.4701748458469406,4.500575317533352,5.6603995650883689,0.038363232764537479,-0.60897105320080491,0.35354116443644756
-22.786284410859871,-15.452803364510562,20.875016846425471,6.0146022443332239,-1.8364467633680015,-0.3715796257215439,0.99246226085027922
12.457084500612417,-4.5367938671229346,-12.994417113715478,1.2823676924514824,0.43587830046372272,0.053869203641104604,-0.11394146327288619
-7.1913641874295884,-1.2728363113480063,-5.629201328118465,2.748006079438956,1.5599166303876177,0.54978584568611599,-1.4252321096043832
13.424191340494673,-0.8509547994839971,-9.0527950675486757,4.9964531130077132,-0.35461553067144547,0.31596742190691374,0.38927616080579402
6.724062616583895,-9.2276781771286451,-0.43915654059715725,0.015699573857189498,0.22828367246990711,0.10865070213150538,-0.049388218620547257
7.0700429270096601,7.9430147935125825,7.9132610598617639,4.9312064230363513,-0.94707501849064735,-1.5244150055349868,2.1671201962228603
16.002358223329928,6.534713792861873,-21.22493883902581,5.7595443756626681,1.6432877537031905,2.8605758482848507,-1.4323340758280791
5.4271056764565042,-24.963269469805223,15.500161576897652,4.8849798738843511,0.045580942280313272,-0.38533401115420052,1.258786038269091
15.809846148765502,24.916105546388895,-2.4533808747940964,1.2237162143564031,0.040639041081501563,0.82294812599161371,-0.63466246796174264
-3.0419018734699939,11.577429438682891,-0.69770354606848228,2.7127003000328047,0.57500547829825954,-0.2126151766822178,-1.0293803239604324
-9.0021306815451627,28.068430910110287,-1.0309265582131701,1.5205776467600176,-0.0188621615604544,1.6447141884368219,0.38116438909259959
-16.815775373663577,6.8466025345625949,-10.883462321996312,4.1143042079880416,0.08331410116720693,-0.71181942356018202,-0.067312198908268506
2.9188152914954086,-8.7117408821093658,1.0152048977121229,1.218897098786381,-0.7092153754638324,0.12124296378382005,0.52049258402792919
34.399026583764289,-2.5381120914040936,-12.934653552326211,5.3655599867651969,-0.51951728961705357,0.14886828175011707,0.27778769501152006
23.844192418208269,9.7417804965268218,-3.8947030271117473,5.6974872295362173,1.8002067801141417,-0.30611653898298435,1.0634710638125056
-30.528698622060531,4.8187470019176581,21.029816894569755,4.9091194499428941,1.8525325879060992,1.5713329960116134,3.0024414710635319
25.86861152346934,38.484103303566165,-10.525443178194479,3.3736341211431431,1.5331496296198264,1.903686624692986,0.4265274324593229
-28.056671873753498,-12.985152705055279,-9.9442794080319139,3.3635257987807345,0.32814221581915887,0.45497791079389738,0.81033738852596426
10.154125911282105,-3.5059240207597444,-9.0231670541838565,6.0980994287135113,1.1732948354529706,1.7410993388831162,-0.35817231399631888
-12.265667652017706,-7.7024692909955741,20.318213955364907,0.41436678359442553,-0.57648223967926848,1.2417955417264812,0.63504523166272597
-3.2689185126840279,30.515886599240932,6.3877356255303468,5.4818958334117358,1.3721454178524572,-0.010440562932785641,-0.58023186501762936
-4.4297533497456243,13.122101565416852,11.385182110366612,2.6269177338671659,-0.67585348532000578,-0.84452634138143978,1.2597208113107228
4.2135734210968083,7.5053305733139544,-17.171160317663464,0.03701512571668842,1.5743341286995007,-0.5519597853700281,0.90836269165037342
-35.168396958399015,-10.216725632593187,14.140283005734634,4.1275942431125161,-1.7222100573368864,0.20164008393807809,-0.97614054857225951
-1.6951415148409337,-15.205599835094242,-24.469642641873921,4.0652136993071242,1.4835359125401235,-0.25410619225322456,1.1765857863001248
17.905616458779679,-0.5771601584865802,2.7530306885612346,0.94972697229709901,-1.5801266734831421,0.12357224290928681,-0.34654428608754745
1.6374596769526077,21.872438744959556,-4.7328659339621089,1.4702274204711951,1.0196145126967457,-0.50282558433285629,1.7652802321644967
26.567911749008765,19.330583402429117,-13.128061880837365,1.9924252696309357,0.56420679356742587,-0.025569830475684587,0.10177236254873483
34.33881095429723,1.9724900235746605,31.777170989244329,0.31255033343388849,2.1500310975677035,-1.0105271398006974,0.86229949053590438
-0.60209311238930341,1.0885108693027705,7.7904451713678338,2.8121023450903349,-1.8111307159213388,0.72435076940098275,0.32562814647981914
12.253291991956401,18.503814071680203,4.8819935142469255,1.6998016286730033,0.75639525314865774,-0.073624516777274551,1.3431210949139363
22.637201179013331,-2.87988040340977,19.456911182157938,5.1624853194920863,1.7030244838530102,0.14165908605142052,-1.4552474367781922
-1.8449373202149477,-20.335523810117358,-10.843734068143808,4.2343498189909914,-0.7360929828307593,1.026069115726044,1.1916091908386826
20.519379220472231,17.579847325579049,-1.5163709142184667,0.48822576518503735,0.30505379633357332,0.97436887104640224,0.14810318845960871
6.0671604284814888,-16.44088597451568,28.043507587014666,2.4770847061231311,1.5200119430547223,-2.5714092818348724,0.85650023262188679
9.0170564194442608,12.407555112900056,12.449811299892252,3.5955375958650997,1.0562933262736258,1.368814289361626,-0.33635353684504032
5.9812633368305477,24.067221749517824,4.3730604104864961,1.1484944146966956,-0.48384926184730814,1.7657627872633164,1.2797936276123774
5.7884920956095938,-27.724331054370573,-3.6727094136241316,0.7632647847735442,1.2635088156142937,-2.9791163744217526,-2.2660968905852652
23.027413928728517,9.7216723968697369,-3.3063947257933295,5.6141359306146823,-0.50511807709035961,1.0968511007692356,0.70164099401461943
3.1721082218876751,18.126226997521449,-10.910501182749327,4.1897124873739875,-1.6822977137888788,-0.75787135317091781,-0.62335914897185418
7.8228680774532888,-9.6508620377914642,-2.94103383083206,1.8421808635973531,1.3187307049447161,-0.085603707494173745,-0.2718988954051344
-2.2818258580347246,-0.34669800461440287,-6.8571041622516731,2.3844106521745094,-2.5750701537304117,1.326313512953879,-0.52614183203997356
0.56136802978680789,20.852786648421372,13.185251543934323,2.6103352837908536,-0.22885189137497639,-0.60009011712786664,-0.33897223545093175
-1.7550001515209548,-19.480850261787349,13.662251539653678,3.3606290059618789,0.28252652963241165,1.0680026217102156,0.87178207978605349
-30.509514007379774,7.3981057287920997,27.388579316532365,2.8476404732599239,-0.95439850729731901,-1.0599725939886433,-0.23126501797534019
2.5127462502493327,1.396951678928773,-16.421483236270785,6.1127199768526959,-1.4339031159589815,0.87105669247780704,-1.1895449790022914
18.029121306945274,15.232701653241815,-41.457571894760704,1.7112752317133153,0.21356655094964386,-0.50394286306748792,-2.3030898339635546
-1.1794796916075305,-5.5511256402222848,12.175230721194707,1.2704752519154514,0.19502962605976545,0.19990749838805391,-0.38120134802802652
-12.182196685483637,-8.761590995132865,-8.941970668964391,0.71925351930507297,-0.5739824483657211,0.0083444483130183898,1.0654358328069575
14.47497531032845,-1.0891403950622474,-5.9085572076296655,0.15887409414543788,-1.1828328812982649,-0.056279452730776537,0.53129363614070335
14.145035528826451,1.5824986571679525,-27.260708675760778,0.48520816206754597,-0.094971332966137856,-1.0705271675956956,1.6574236195622802
24.876896054623003,4.7189707403927557,14.002261067754308,4.5370685729714584,0.30627234750493709,-1.8022240593493064,1.2995829804336416
5.2691660983451776,4.7536399882010079,-4.3304332320706287,6.2597876442535334,-0.16604694141504947,1.4388715635012426,-0.77935047653480061
-17.337777608957254,7.1714790288459795,-3.4612201750173566,5.2166684259890612,-1.7886481855451619,1.3766382679868809,0.52347086443769386
-15.749662913075454,-10.545745482823133,2.8695474572733759,1.7374630364490053,-0.62335601361466897,-0.83624068564244758,1.032737567209741
6.7013075506985107,24.263785172089218,-9.9133260293874024,5.021467631187865,0.68842340548783509,-0.36259881726151921,-0.88367908010595708
10.274927153851156,-18.300104628475918,19.492478840766214,2.2043018996020858,-0.33317153214439049,-1.4399838881399374,-0.7234058362173299
-1.4457467779062765,8.0241975226868369,-2.2260582329917002,0.34259151899199791,0.14375394620516793,0.38769769185839553,-0.016556795894450495
7.5097280460609488,2.9457702624517732,-22.946076102066055,5.3319171128576803,0.61310364938160866,1.0785210035461028,1.0767081367433797
0.56632770750472106,9.3266857105018168,28.029916870441056,2.9838347191940513,2.156177842482387,1.1441081846027454,1.1236960564701479
18.6524814901695,20.521757322613244,5.5021185899573348,5.3560495552346667,-0.92888207312842119,0.19680760827754959,-0.60241982259129279
-10.91925191093841,-3.1043475523330564,28.389842534914063,4.2072114837431727,1.296460915529726,-0.1395032227951899,-2.2733105372616493
11.515231473450591,8.9239664605706412,1.0727096157659286,1.2490964133909843,-0.95559984070116444,0.27354977178451423,-0.031049210523072013
-2.6732344212238779,33.96052732802314,-3.6039501103613305,4.1264043929211756,-0.68322045373095852,-0.026065685307687395,0.52696677762915489
2.3140418114453087,-26.403778988488369,2.8536624806214705,0.63910374693520344,-0.51609001603158233,2.9427923708095163,0.35619182669810823
-11.759287192955483,-8.2008370566123521,15.836943875790768,3.9368848360383781,0.87427592205402394,0.28315212654958222,1.0315385660915124
-9.995245749840306,6.6555344162487664,14.058352729468487,2.633752116072249,-1.0817829373300971,0.68277295633552082,-0.78411155311905789
-2.5870070850763973,22.309998877904547,4.2564108952051107,5.2255756861247651,1.3518174394797307,0.90230732270025527,0.41614211032628634
16.553420422663574,1.8339716247936897,10.215600981626228,3.2503542719203051,0.11835939820516889,-0.095675069621527276,0.84387626550717865
-20.014122435983445,-26.459650508202696,27.909788061313591,1.656498494775825,1.9337866331108287,-0.76455521343158128,0.53795135991671239
-13.504560198104379,34.495658648430542,-29.828765386454418,3.2310833368039868,0.49013093548970693,0.22095289849465968,-0.26748677939370091
21.981580448986278,-2.6498068262517309,-27.317836807153387,2.106427123800434,1.6995164865733086,-1.5796636072238035,-0.24853231505273865
25.290758495300828,3.6893150613723682,-6.304082668383356,4.1452146961621104,-0.65014218522326994,-0.1702512095745235,0.39855153732741405
23.10488062021097,5.411987317312323,-7.7958364613730895,1.5051363478290987,0.078080558124813723,0.69969915863114907,0.98169392784580967
25.020358323378257,0.40687067831546431,11.027602076943291,1.6672329150521015,0.064880347775396946,-1.0293922554611981,0.43896063226264215
3.9963875388539853,-2.0024143677548771,1.9041534362317887,0.38816547701249515,0.37803618593788213,-1.1931503529856669,-0.52192100071025394
-10.206632256537764,-13.020813845987446,5.5676405354084917,5.3357122018889882,0.40892696495974684,-1.2265073492280261,0.13714561390652796
33.948194802418783,5.073189077367779,14.388984233846973,3.8036201899353062,-0.17899294616450939,-0.29094374779694926,-0.47683827117061595
3.2689092329268123,12.573972904794559,2.4806965831800345,6.0768206898659081,0.10763015193643706,1.4478378253857138,0.34458616709630818
-19.013662344784823,-0.60691198870680074,24.313099111529532,2.5354718202350131,-0.15040845236430567,-0.15457561188752217,0.32690981451309215
-23.44056052412099,-12.13084468130479,5.1820952200289154,3.0537458900936785,-0.19145379170726004,2.3753817609063996,0.087731512608293954
-9.6797184926864244,23.116833879765956,29.758417080964186,3.1614747647742067,-1.3839755125098274,0.95800074440468475,1.2247572445822825
14.917043185977448,0.9250646648008598,-3.466717217956079,0.66632789057076414,-0.28282814124757488,-0.2439945078509537,-0.55402321721786274
-21.156791383372159,10.103484849145344,3.7529310568664709,5.237458821270315,0.27060722802987086,0.15535397011307089,0.083426845490636239
-1.8801482917697105,-4.6016054025351227,-23.491065774278422,2.8363631053085379,-0.29686813274196466,1.169269289070852,1.5101771545211342
-11.983377291329903,31.452142169300423,18.068951021733756,3.8061526111910302,0.43893332216221498,-1.3850015960230759,-0.44654263349229179
7.9583704130752855,-2.7060020386535322,-2.2435756104924902,1.0523266611128193,-1.1524114179492317,-0.19893560356764431,-1.365731242296238
-8.3685850567829814,16.849506534649191,-3.0995277499814464,2.7194060826619189,1.2436603807384974,0.64093937056444905,-0.059837346518470211
-9.6097099415968028,6.5585887958700946,-14.199792355093454,2.9906860831460595,-0.45468197394829579,-0.5318025995757889,1.4992499902894274
-14.72218544595289,12.040470005841387,-13.670336146179041,5.8490682873940747,-0.23492424236393611,1.9137059267949112,0.78752616398665498
15.969824929938419,-19.911408879077698,-20.025932928166867,4.5076964955985481,-1.2641089133606269,0.62691591088941245,1.5126801190825871
-22.336962152617325,14.091207353299597,33.211087850695499,3.019456625242865,-0.49729156674516511,-0.66666218447518932,-1.2481092041786639
22.870834947155021,-17.491435370783858,10.510019784107694,3.6834969746942261,1.2130740412491512,-0.41280687593211818,-0.2128719348237037
5.1936107721315246,29.822408423804283,-1.2983591254108422,2.7957502738260258,-0.49243381465086167,0.048383010039425009,0.98850224413260657
-13.482330092260922,-31.46390734215646,9.5322576341773146,3.8452750814131726,-0.33075250376421239,-0.97440222375593011,-0.071134417634733271
0.46166267421011659,7.4221288752550727,23.74437125325089,5.9901745125096193,-0.84524770708055941,-0.69679996350342621,0.75008597333458171
-1.4853991585531001,7.7429811192119198,-9.7192373606303395,1.793228052146346,0.05541120662017094,0.0077440636539764457,1.1798384547441598
3.7138224954235208,47.701560151897482,-44.825419860034479,4.5445374508546443,0.045211786652319015,0.54391545730103674,0.34407763836146843
4.4014757111018294,-1.2049578627448032,-7.442335999527085,1.8081778757803642,-0.033355299605133941,-0.038632452996296238,0.44544625446826497
20.923082093010304,-31.044562737441744,19.320041255612985,6.021297811920201,-0.39230137512894697,0.084805070617921974,0.93834111110785079
5.3061350230206594,-9.4976877611223323,3.2841020844571096,4.1409813365241286,-0.81208658247692389,-1.0128269506052432,-0.17059612014661485
13.393453742738581,-7.7445636889544192,4.0414841213142108,2.4484105309422026,-0.45280903341070267,-0.2563602816912518,-0.85768984539453363
10.723860728176835,-3.683994785118287,11.550374771001048,6.2614570239003173,-0.77072713116947278,1.0910193493335221,0.11941800377737734
6.7094333941513069,17.497673379215453,-0.039767827192938768,0.74121087344348224,1.181605242602445,-1.2334218556986285,-0.6283635476716104
-6.9678159848857764,3.6649386631091669,3.4550676177668636,4.122866569441797,0.63215477648808849,0.26808248902418658,-0.84223022610750475
-4.5383022318640922,-5.9880048754096924,11.071362015307086,3.7884789416565123,0.44408803837802269,0.2395435876359783,2.6258658060556108
10.587533121595708,-9.6343805737528037,-9.4839599952870728,4.4643245266063669,0.08479762649884913,1.4600645178659513,-0.14214170405106363
-12.765293262018455,4.3247588118852525,-29.063291006442338,1.4594516815868499,-0.18392266804789792,0.98529782567359592,1.1403213546713822
6.5911942332452247,-10.142882698104527,-10.304154382304887,4.515310292022086,0.20777477119646368,-0.64365950860337984,-1.1315064438074438
-19.500956877770268,-3.2912054566719755,-13.765510659489696,4.9935315420514197,0.1928124154324726,-0.83454716175799215,0.83238764443564695
3.0394820327159779,18.660021841485875,8.9925212089585305,0.65497969755943952,1.9628338627788453,0.57345503202803372,-0.26447416165752913
-15.262495614866305,-5.9892886610860749,-21.254032710488531,5.546344181372147,1.9787745716526808,0.73080549134455985,1.0601840368128594
-9.6438799271045852,-12.554710245987755,27.103247496160279,0.75637237706887517,-0.74281976477675327,-0.83375239464709716,1.7294332377811068
1.4348134088986115,-3.3827320736980546,28.173160408354228,3.6750895310147378,0.6640686460730636,-1.6422827853811444,1.0390181966440857
7.3078627891722192,-6.0493641965763274,1.7429077863757871,2.5623018476793162,-0.27135483561573148,-0.32449247306741169,-1.2392416567186868
-11.797028740939782,-5.2057435085169281,-30.772425229444064,3.2925814812697753,0.4328127651244153,1.4177557093579283,-2.486642196917908
18.637982299928655,-25.648933531743772,-5.8811412440324133,4.6483712740870153,0.9035717561967288,0.099565427613476351,1.8287969172800314
-3.928405649361248,-19.075857865779948,-11.911144838577549,1.9017047234036148,0.83620025444867896,0.22394677022616619,1.5164691032465238
-11.221163169674625,2.3660477454210231,-9.4981752998382358,3.3154693457183169,0.59568433343995797,0.074896800391712259,-0.61749365903424347
-8.8886379371669317,14.967300731427905,22.402247260237608,0.6138446090222931,0.60911735516988652,0.43508633820085829,-0.19969819616802723
-0.75365027319868505,-1.5667455766289566,-14.397329681516144,2.203362677804368,-2.0811991506383278,0.41344194795127176,0.23083279543712318
-5.7004163840715929,3.3002253827027848,6.153492388333162,3.6438816038697084,1.6908505856729639,-0.47530481560954807,-1.1100043830419901
-19.221086675155547,6.2338822427421761,4.0255203304846603,5.1664652539701992,-1.8573668142399877,-1.9643198101598822,0.62042054571363991
-23.27802638600906,-5.6057802602105253,-8.1660980529253457,2.9585493100587903,-0.035666741019761909,0.10744280367233114,0.14867894471404589
10.36904482320816,12.599384935776351,-5.1530142217520414,3.0599701237164845,-0.52322668649457427,1.253638130430788,-0.61849058440358762
-17.303135640502802,1.4354010951820488,13.997590995957447,3.892024541737213,-0.92321333067395261,0.27906268296857989,-0.17940744199291184
-7.7583636973955779,-0.83520332145473175,40.603598675664919,5.1817266089820215,0.17316056091765605,1.7117321792381825,0.19184955545047311
10.491729381913046,34.599457686175271,18.032491096606087,1.8549893218929587,-1.2152012993715404,0.17353500765397514,-0.69173580333192575
6.0689517513508342,-13.104338060458401,-11.773283640255045,3.7650872113983107,1.8161417744328605,-1.2198145020977509,-0.33747049687007746
30.693990417748264,2.9994255063342559,13.430292259597076,4.6224017657225573,0.67421906411520705,1.3157319565375383,-0.13035804729803341
-1.2882289021147377,6.1031165245819432,7.5738948898466765,3.2826513155249537,-0.42508269983135749,0.050061329338512241,-0.89248442504799086
21.437783140628184,-20.808782742878659,-27.127707218805391,0.32676586637077948,-0.60061023840434735,1.8280577367454021,-1.2376048108939348
-9.2467194583090837,-16.63139230765519,3.7715658519740161,2.1538065774473529,0.2575957432365526,0.69262412968147047,-1.6508908307029115
10.970132285069351,-15.163112196484549,-21.661140186034398,0.78652743595636798,-0.51396730864781071,0.88804597567774135,-1.0363421948459561
32.327763924259926,-4.5164922806545196,15.405635575116895,3.2661380126356736,-0.1566999800936863,0.59807975685352233,-1.8901325200323367
15.116359653670097,9.3079179110434165,31.32923674010835,2.3814980009434517,-0.28309064585290933,0.54196103561603892,-1.1961731600992045
2.8100672323153812,-13.778382798754194,-15.083061756588249,0.81384018190327789,-1.2969348577919493,1.1059596514813985,-1.333808740278398
-5.3630358893757011,7.195740557288639,-1.3491293863857399,3.4988391067458413,0.39616406685955757,0.44462677038817333,0.41788017774058017
-2.7603550749923524,2.7986546586414445,25.143024270783066,2.502533458644522,0.68920290647199711,-1.1120705137926234,1.069501614215834
-13.043410469598776,-19.710103257202299,-14.796248867825822,5.3606193338806198,-1.7477204331535727,0.71531279355153143,1.5868979431873576
-8.5439904802998949,24.61030777485928,-7.3237338658856279,1.226195928202269,0.18471815425434501,0.30341670061655701,-0.41772477384855133
-6.7712908463336134,-21.518283153643189,10.420214715241391,4.1142747529822543,0.82424346923446101,-0.37870745927596483,1.0385699612137775
-0.79276053270350033,-3.0398525604841078,22.553558693284661,0.77867543312616372,-0.44669192493290244,0.10011787670373966,-0.29016269646841103
-12.45550032530287,14.325278864511134,-4.1664179685383891,3.8550956800673704,-1.7665160690915549,0.69543615519701762,0.45628347712338208
18.542027961702161,-27.061146059485687,-4.4049474120251988,2.4541959610048245,-0.39671152667568677,-0.73524582099445768,-3.0478523909797972
-4.5773640546709373,-12.67506136565658,-11.496751650657966,2.7530241727110543,0.78274331460937063,0.2938650395861061,-0.76360318174247854
11.102103618680722,-7.9292597135615468,-0.69278529582291082,1.1111267061937253,0.98650155430340669,0.60945453816776418,-0.84129630806588462
15.686241041199349,-10.552239932893654,38.435337546544062,0.94467908177277593,0.031061671848774744,0.7687148856291347,-1.1252074939067498
0.85505928417317845,-15.890619843903474,0.74214942593734257,1.3347871259982989,-0.055860863445262955,-0.36285409913243044,0.52216726280418957
1.2594283632916192,9.5725580074875651,13.981996163481574,2.9140947348372199,0.65448677344019734,0.4511690375684958,0.74128856343368721
13.659431304219105,-3.5546413096953651,-4.1819432448071074,1.9470437366900863,-0.37400661469829749,0.16335967679666069,-0.41703397874009684
12.757152716761755,7.2672151331556663,-1.1964281043332032,0.64401647974108045,0.22902024452204614,0.57899991775588988,-0.33127318120192267
10.252877707137042,-11.952062929560979,-21.629660315305667,5.5659475754865557,-2.2625264578537143,0.26941799896705731,1.1169191840099957
-5.7656600774717823,-34.25851307351963,-7.1688293896009885,4.3186226034722601,1.1109385402337306,-0.54163458690114064,0.93998482930348715
0.1709788238786939,-18.102868674889038,2.8147086915769246,2.4223969167768691,-0.85932029271294907,-0.033506117572250901,1.5359610759411102
3.5472224355699948,1.0877626530812685,-18.267978453644123,2.3365315229939658,0.20454434113979963,-1.0950672492430551,0.094435239499113532
-7.1846131351359359,4.433505878254782,5.6412134042832127,6.1695261508239394,1.7225265231090821,-0.51214659852216449,-0.58249630586080536
-22.062681183104502,13.477055677818566,-2.135709381115765,0.80227943165892279,0.16767913927462968,-0.42371906468896875,0.87490263285992464
0.79481617830865914,4.796293676912466,-4.1337681395122576,0.98502712729018527,1.667907785116364,-0.13121008774214626,-1.1538497341975538
14.605448163584162,-7.3476265141076489,7.8755690046332756,4.9392098494286847,-1.9430576328775715,1.3706157365218776,-0.85462574534502367
-35.114359952742227,-16.486671350280034,-12.108978527561009,3.0749362878846749,-0.20992069053473503,0.9350117722137421,0.57491325676343341
-29.02336141906606,19.37440083022042,-13.377481118218473,5.5306412942329013,0.20873969456985519,1.4292123122171314,-1.1522328246332032
2.6244969530427804,-18.629762825064162,-2.4612273783543848,5.0475804623191438,-1.1101653991344009,0.63086225717998246,-0.98144256081972236
-9.8493181728256207,-8.8531827602676092,-4.7119352668599435,0.71204936662419105,-1.4038630185242269,-0.048945416014048546,-0.9651299576571889
12.891970026998159,-11.208053422284902,2.0536283421600054,4.3558547494198532,-0.15096903931645217,-0.20692859106506709,-0.96060258152474642
-2.7255193153750925,-3.676067465225533,5.578708263388763,5.9572184452525523,1.604158058060456,-1.1943067745346339,0.61547357283067494
7.3548248467913115,2.2537729779418072,9.2027348899656776,5.2958590129475258,-0.83069244339609116,0.17214730797810168,-0.088636776329687014
10.017953219274057,-3.4508630106490465,2.3907283243254063,3.6966167545369095,0.82552724829391566,-0.23783522726344472,-0.015593592972156614
-41.453436252976225,-0.085405791379265877,-1.2750320251224205,1.9225904361622173,-1.2558737430858613,0.84619989462578205,0.57820261366834735
11.239746242182344,9.8608716900492297,3.3755717519362465,1.0759923033473748,0.63369610759758199,0.65499317895453002,-2.345286363783897
-1.6471220348534537,-7.7161935274436937,4.18836589367287,4.4019295427001222,-0.31848859529665646,-1.479588104505257,-0.28705670598640792
-10.330148418683777,-1.173223275583448,13.338926622774817,1.1723700205717866,-0.20850302591736403,0.72501591013314404,-0.34576012630217545
-3.3934999120209008,10.266265981198872,19.384832248329207,3.0504332777552743,0.10928943752842256,0.30060491007449963,-1.1674268830677694
-15.397241622057297,-4.2224065701248747,-4.2646074711949415,1.8749049827520237,-0.44985689836294246,-1.4027008961927503,-0.40160830704459954
16.140371788379735,7.4410780088242516,16.607454108893329,1.5298315330194892,-0.6402682965071862,-1.5303306639769998,-0.42328538385083508
12.13531919183483,-25.405445644833968,-5.6353324086175371,0.10779325757440784,0.52830165641666926,0.018477242699220121,-0.26806801381223194
-16.956376101455746,10.177404626517145,10.415521836589003,4.4987356216596535,0.37398793203447439,-1.2725504937804124,-0.46065008750939979
19.29493568778603,-17.97277119342677,-3.9796430464515717,1.0161827022260621,0.26113276843518052,2.0045541907973958,1.1365432555590709
-7.4461186937617034,-10.795574835955236,36.682260555500093,3.9541669674650595,1.9833063532655191,1.4969056246409782,0.45870258345765486
1.4637127800133216,-28.493940893579843,-8.391167336258901,6.0185667131932199,-1.5696616024132473,1.2398262660410062,-0.58857079661191702
-21.303233316151164,14.953222261606404,-14.24922511806257,4.3417771609992046,0.72164654272091955,-0.26054085404843969,0.83088712456342761
25.746837030129964,-16.218283127633974,10.305887730463645,2.3639423320381621,0.91401623330979209,-0.68032889122186346,0.0066861643184493742
26.813174670484106,14.974436661724189,-7.0719766719575583,1.657006160876966,0.42575199272448783,0.7388231613037014,-0.83026211474400391
8.8294093843128643,6.6104625854484107,8.7366897528916052,5.1037372587742036,0.55530346797175578,-2.0115026080734819,0.27796817722340023
-4.2520848159856319,10.18875906082623,30.355810557617243,6.1104964294975517,-0.30467542831812311,-1.5071605174786664,2.0531726095113361
-23.967442441107092,9.6202391963550475,-3.4696626949420057,4.1060768266968717,0.27090041750690869,-1.6109578365988617,-1.1257172814828329
-8.0899592479181468,19.112867347962887,14.19693743011946,1.9309830233304879,-0.96735715656141674,-0.80534524433710131,1.006341630467448
-0.10843833036896393,3.2078749690371935,8.9772527570378298,3.2576356245025613,-0.6915922748992871,0.47658263584723315,-0.82273521245924619
-0.92655613512901569,-0.71585201849033286,7.6959996957926657,5.9624699823559606,1.6692672493292686,-0.21652697476452554,-1.0738590293498835
8.5046751157303255,-9.9430039496297304,11.480026649055475,4.6522461636347057,0.62003651364190959,0.11599696283067656,-1.0252731754209998
-3.3043535682823206,-1.1316458826884506,1.1204787291430101,1.7821500912333814,-0.050341286154764756,-0.48546392907588243,-1.2954967143754357
18.243319640494263,29.49441183214125,-5.3524081233059633,2.4824020123154678,1.8472653067544664,0.39055491847450674,0.76496424132210639
0.5783206042038439,-16.724371350631401,-9.9060455217376013,2.0172771375789647,-0.88320721528622625,-0.15135330524655108,-0.16760625314521738
3.3469661756453477,10.041964001989754,3.1133118056993165,4.0698007000337553,0.99929881982723312,-1.7012192952870997,1.4797754575432029
8.1804291688715178,3.2399891737819089,-7.4525067313028934,5.1835090785015296,-0.80850413161861734,0.5872109473217938,-1.3023257191030713
18.447581924076367,20.427979150560844,-17.122769599363934,0.82308471518178461,1.6444067208964956,-0.80176335713644553,-0.01999709199304971
3.1212937197586741,-4.4338778954452618,-5.419255845610075,4.4139708776010949,1.2233802648840613,1.4650044295032794,-0.091355954949754764
-7.3280369850202831,-4.4027461812317847,9.3903561454354509,6.140094629719739,-0.20650849662884055,-0.84441818740669372,-0.89742120323045504
19.774796336784231,-40.038675536101493,21.776002426726603,4.3674252533689266,-0.059472278192235349,-0.32867082752142224,-0.15468191289475866
-9.7314497695175675,-4.7411785150734209,-12.614508316429099,1.9577444397577712,0.26746074201827452,1.2855014588594837,-0.12486535332889996
-6.6410944024867673,16.256653524619637,-8.2880400696014522,4.2474777873773428,0.18795308221864118,2.1564505246912984,-0.10660476372863346
6.6999553304573212,3.5930227225148474,-18.054990111605804,1.294489217794524,-0.2915456867712144,-1.1849202931107601,0.44641686160166311
-24.283443102712152,9.7210587066801359,-15.220695989766567,0.30756130853526453,0.69978606150882705,-1.1980716136964256,-0.18110049708992415
2.7303185015578126,14.094981424006505,11.46531679910478,5.6938431961426348,0.87250679072448656,-0.37119021703997612,1.7988444268110753
8.1726494396578833,24.284862171445393,6.600315188827981,1.4961310623574511,-0.40617235613724073,-0.55407714116473095,-2.1689400136573633
-3.3641767979954498,-6.1405751586535615,-18.783965726825222,2.1126531694435489,-0.92350666324762509,-1.198896398901405,0.5983527734277071
0.75891297974971417,15.571122902952856,0.049323499637801541,5.5211003790761319,0.73495309193322034,-0.22463092559797904,0.67738430187106002
-9.659883195990739,10.684003067919784,-8.8628442810006067,5.442606983199699,-0.089069984564345436,0.80742507893283788,-1.0929694426556036
-0.20091191703883407,20.009179620156711,15.946056358262954,1.102321510316187,0.9471549572218757,0.2963056804003007,1.1385821995280059
16.685383916366874,-11.649411716678129,-17.511698959370456,1.9731158522707166,-2.2740614650720952,0.28850551355663534,0.45060339705081481
28.875752731940899,6.160735618995945,10.104488070440615,1.2143504318042657,0.82510389867608058,1.0010749279304183,0.06109637582169871
4.7955415878106544,-28.533512825848508,4.4752981602003441,5.6530911368518399,-1.3380600445390844,-1.6388119598915336,-0.32445645352156771
14.44932336195491,5.1595455075566186,2.4649807504206018,5.9705461832311899,0.60221358923171586,-0.39046079520690091,-0.65520831617438091
10.05671483033476,-7.4741530943018608,11.344662912556428,1.2421708128238451,-0.89296956741802558,0.82492305643173003,0.11930386445620687
-0.30002609397238039,7.9441928487804141,-3.23522988327684,5.0578971022684946,0.10621466678422056,-1.8271012706774943,0.23461055756095894
30.431943952122865,15.009128230303263,-19.429588561973858,1.1014556607504782,-0.57953327061086846,-0.88404551819700428,-1.0769943587612212
7.5670181275877173,-2.5078967697120778,16.563800689809568,2.3692729531614423,1.3396728400388416,0.25129742198159372,-0.24385835317745827
8.3523385429787567,-7.737945739088131,-6.2312151199764116,0.34669327692240731,1.8188651274854186,0.44786990769117746,-1.3380158748063671
-12.710420568954246,-1.2460731927593982,-0.94692019353483514,3.7298926504859446,-0.54571376041630315,-0.25065454947934485,1.1482972917590482
-10.514794560861061,7.8365708799436673,5.8890689556813287,2.6366921719676166,-1.6194463154928656,0.05058340430261421,0.42439033525519126
-28.987028759944739,-27.842621000791492,5.8899564110033529,2.1128968276438296,0.3931936763566935,1.5702097169788762,-0.73867586713063871
-19.40642614912916,5.617287424836543,-6.9833068303547288,1.9555622974300961,-0.48074079086610638,0.3140287542955465,0.80226386610973643
-8.2115714496695471,-24.861292216771531,7.6562342516794812,0.77511465710701122,-1.7742595171621121,-0.34014280472788677,0.37036231355300447
-1.8518524144811457,-20.151730813664848,-21.779372899935431,4.3826720635003511,-2.5236776441113311,-0.17878698674837032,0.22451959547290096
-30.675370779821677,13.374836697334924,-6.1711328864590564,0.21464122869543242,-1.9919172871225646,2.3698335206909444,0.034043407779936641
15.587632460503832,15.745744078098703,12.706133694089461,4.8446574427448823,-0.22165229057584149,0.13133436356910008,1.3514017699026684
10.038366100943035,1.2846421589365953,-12.961590453685279,5.0052455268963643,0.82745277158150454,0.95883422388862394,-1.5876489483318823
6.6323630607637885,-7.2251952615577162,-47.931667926636749,3.2473793435368963,-0.64015158768831248,-0.86322111122755973,-0.0086863648092897292
23.365518970504795,16.213343767360652,-6.8053896717467008,5.0627530143371962,-0.39554318898813162,-1.6193299520001794,-1.5265545509965426
-24.333716860350961,3.9179150206838971,10.0220366288873,5.7698008439746662,-0.91631929161792802,1.5420395298817569,0.9365678089182996
-10.047694055330231,1.8675906863644058,3.8774875406445584,0.19542225664732013,0.14215353082527521,-1.5955242581557911,0.69119234804363416
-11.044972567936453,32.526454321151299,-8.4629735963640051,0.50505744702600563,-1.1312701151764655,0.16557036112219553,-0.23540357585410876
-14.100010418061323,-1.3796973022062651,19.862006461443933,2.4680414992975543,0.57919724604414935,-1.0094311880184159,-1.7717862970546381
-0.28333908537082464,-8.4855528027632232,-7.2573078484517355,1.4558603537797614,-0.35658368592013501,1.1179501734915289,0.28721338317350548
4.3625877921551828,-9.7230958752770249,-11.607202642240992,1.310955162217204,-0.85133469809167484,-0.73028764148670355,-0.01223580576811777
25.752657305615653,24.217589527778337,6.6428713952657832,5.201727872564982,-1.5701750267467509,-0.7206711719929394,0.94404528753883798
-5.6316073096127228,-2.7082029231576774,-7.3385841611591411,2.2757084805026073,-1.1109041499714851,-1.6371018548956213,-0.022771228414850686
6.0965422596661041,-2.6896710889731805,-3.3963381636838346,5.0628044107887096,0.11559402211896694,0.82156303256632912,0.10203359800035344
20.378461927813124,-7.2397232968218272,7.7759943431265919,4.8542496893565152,1.4631546781584124,-2.6822415493122822,-0.22133140442230587
-16.556241568941413,-24.350251027657599,-14.549798415043252,4.0643431507263399,0.35584329070713766,-0.72850007390679405,0.19085010649931428
-10.111601466255205,-1.3693558018348193,14.40360720870472,1.5075908779899319,0.82377165987959056,-0.26533749878228163,0.8423356196355376
11.058882678119167,26.945872274537248,2.6544616707034314,0.69636746091869173,0.49696163391454107,1.7183508913257106,0.73660152832935433
10.632751400790253,7.2282220347001607,10.446060387116276,2.0888914440029769,-1.4520701424353784,-1.0502611328333775,-1.4539191187925298
-10.801163462447647,13.661822407827549,0.97509982503792614,1.3295574794384784,-0.36196065196244487,-0.37018949470283963,1.2699969259348343
13.128277127974229,-18.264328118159781,-16.921365197519677,0.31386506145930254,-0.33555312921553798,0.79649244953214582,2.2654254016648006
-2.5013095059522397,4.5904786801555826,2.3551026889882136,0.71080536610814782,0.55837705764608392,0.64632253451276034,1.8011623060967419
-8.0490317979541377,0.88010145499486481,-10.537473969025168,4.9294655656091546,-0.32969657517223089,2.8883301602782829,1.0256252732686229
22.575549968689902,0.59985734430303395,7.2633143184692504,4.9858666225887394,-1.4929151895179358,0.72841084441857806,-0.32281960017810191
-3.0604194905380808,2.729674482127503,-8.5931481348566017,0.40877296210352682,1.4553573179006278,-0.31944070208380487,-1.7351442315223577
4.6182315980730761,-4.2199653244666813,-8.4043582507268511,3.5386799103991544,0.13950723134676038,0.28529643867290527,-1.1135472456103783
8.4817499379594246,-1.4149397808722173,-22.183410517893375,0.033835502259049827,-1.7791114597290214,-1.0213870976140238,0.20521513982605932
-23.58411310109668,-31.976519693711079,-11.286410075599266,4.4845107669881381,1.9465084092324134,-0.96766621751191639,-0.26481273773457858
-10.24727823508907,-20.807753014962916,-20.437699431068637,0.73605030061576093,-1.5355518361980443,0.75182443036135926,-0.43246539818975949
-27.203276669096809,-0.081744273466733602,0.17042811269804339,0.70033939547907065,0.65310144959301697,-0.49455622746184369,-0.036834121044042441
-31.055796072309494,-18.571059532047713,1.1676888972614161,4.3789948024554457,0.55417475068687561,1.8476492646107663,-1.3181085814288915
-22.219080934649945,10.432759865896239,0.1760381366172411,5.5164272096111935,0.35600308024208333,-1.2545790167000128,1.0305939557305588
9.2818982678408233,2.8870447545576128,6.2818000329263119,1.330257547407196,-1.9090928605022781,1.609962006827691,-0.30855236096145666
24.864145968334498,17.122772008702945,-14.690163489494147,2.027534544731751,1.0462093175021829,0.84114943429173206,0.85752860058914193
28.436035872665105,25.499186265526149,-12.429341786260075,5.9206852363906677,-1.5013254226184598,0.83132728544357815,0.7335252934801213
-32.514087322264963,-9.2154953758952942,9.2388648840890255,1.9508742690640366,0.28943808988477099,0.23935189657837747,0.97932464996242952
-4.5398713455555288,9.5312226788785193,-3.1212712809276164,2.8815602159093112,-0.52029852399595067,-0.37177590866120336,-0.26955809244279016
-0.71014754997176088,30.775493733864039,0.42361835723533503,4.1306177294001643,0.47630778407785046,0.52147974974659206,-0.50756341247612657
4.2897638687329342,-7.5611261865329968,-12.741079679864169,2.6363014593182421,0.72515892459203557,1.7209274360043754,0.69910881639141886
9.2119693809074477,18.903486308254983,-16.612059664810353,4.1092070834713601,0.64085877601807628,0.037112767827583125,0.42118181338416383
-6.4250329238711092,9.522745743910459,-32.675382803755909,1.4914323770781461,-0.61524887485857471,-1.3404533104270062,0.19903997859800859
-8.3174640645278206,-26.652895488016007,31.078639301293364,0.86460110532500911,0.12175039340432181,-0.715742626951274,0.016646360238443948
-12.381463273739554,5.5143113866962228,27.036819089342245,5.5222905659710229,1.0683221509643948,0.18415892729749286,0.1849206717232329
-20.363165321354675,14.474370138806774,-18.722089297017096,5.0016935359098866,1.1299478391875744,-0.99048785175386722,-0.45111325645552247
6.1809632600779487,-5.650861210430846,-0.27497772777627566,2.3602697715282748,-0.56857813565381587,0.25262659152928374,-3.0906768911354079
-3.0797918169225098,12.775988375108737,1.6941745355301912,1.458066055043274,0.68082420780028374,-0.27610084482286351,0.18514911092171146
-18.155467096858917,-8.107233276993826,12.369303105645029,6.0578971370253578,0.88110697879883482,1.0164406653059348,0.84195325268590826
26.906564792026234,-10.882651432722485,20.143620295841593,0.64128209559976668,-0.043522953068821264,-0.18217397000996621,-0.17795381397623947
-13.950546511581894,30.093829448447433,3.4889741785251553,5.8839083499802944,0.16254791323477255,-0.39421426652470498,-1.0134334177594966
13.550460999276918,-13.064982720210111,-1.4833043323707154,2.3782989865540265,1.3438753085191244,-1.1106209546914183,0.20631671663998433
7.7204070085749281,-1.6827745044272002,3.1109242230242105,5.1877632887808058,1.7204252995680547,-2.0278549967234363,2.257064747671246
-6.7142179915873044,4.5895946977238946,-3.6263700243063064,4.2171948112050641,-2.011977149486047,0.030149818856173481,0.14252143950983731
-31.421760349903241,8.9569806550337123,-6.8434270267398603,0.00068789049191364819,1.1178929445261816,-0.36833510981625461,-0.95808034938651965
-9.9908251315488332,11.551805697917194,-21.926455609429727,4.401731647367825,0.077883163402637776,-0.56556342123240522,0.74277719186519264
-18.772371626115376,-2.6957366289546032,14.099637229413872,2.8515014544587891,0.21736757968570961,0.54053484569212251,-0.98648707822748072
2.5194437884112051,-15.332514737830451,40.940418644351944,0.30045962335916698,-0.50515573908567346,-0.15676133390792646,0.9627999839055148
13.553766465622386,5.8735475549670531,44.564902598027793,0.44617393461615368,-0.12689255564119997,1.4407573021582982,-0.58612272142316291
-16.641753816221446,-18.517429562136186,0.019286582611879217,2.832533795556492,-0.71709874666692064,-1.9814321394873393,1.2559555120663863
-7.7492264353567242,-6.3453562656868758,1.5266293249159044,0.10553799015411887,0.47645937859498089,-1.2423418014450189,-1.5970772804406208
6.9991936482940016,13.488601823152919,30.278481210429952,1.6819070731811794,0.27797102733558476,-0.92653987732123988,1.7630690204527208
-0.014210389266005043,26.008579943470622,9.6955929074288552,6.1681366169823342,2.2155576348952621,-0.37257171293916852,-1.3204078482821269
0.44900822351632974,1.2046502106022681,-5.2847304670707764,1.2262288998324387,-1.1393115926736732,1.7390319637435674,-0.5446436180153803
41.953132428910088,31.355507994350297,-18.479323216814251,4.6771546391190801,-1.0879868552273626,0.14539207355153674,-0.51966810306531575
-5.8280469869923524,-6.5759404472135401,17.77194155622972,3.7517216220607397,0.47626270916750796,1.21071901480327,-0.45865278737630788
-10.233638737577756,-16.485898199008009,12.483116267964125,5.9355935260464703,1.4082525499709455,0.81177149663682691,-0.041560589732304108
12.590562657539392,-5.3876446444056443,19.635485956347956,4.2308181594035617,-0.20044080969606912,-0.32069482620248496,0.6537362950011022
1.3688327410243719,-9.6369628167393344,10.534378491860087,1.2188183386355342,-0.82605622932660538,-0.58559588367086235,-1.308865090757686
11.438581833030147,24.196035918943252,16.136548549322836,5.7821309894910105,-0.27104833714612581,2.0740735936486989,-1.0262003551203627
32.920316895509977,13.937538677861813,-27.968874986502328,3.6802329396796201,1.108424828516724,-0.4659317687699932,-1.4549215695948561
-7.7409778420598565,-0.90823364054880784,-27.606684238703764,0.93259119536827273,-1.3536293120522216,-0.43021823948935456,-2.370365352258156
-8.1534376517073071,-15.787620666394838,16.224750737437923,2.1387909264718816,-1.376970831285629,0.70185803734290808,0.9112101194516552
17.770615788213814,-4.7329622939494875,26.126973352517265,5.8378623407853523,0.73418975062625857,-0.0065805287367351013,0.38169501937776928
3.8206826040147441,7.5694623484780612,4.3514999673007955,3.6315450523841233,-1.7401095347684339,-0.29703091897965828,0.79565135882910709
1.146211089217368,-1.2116488712439717,29.473315501344292,2.4954105111617433,0.70712609085677613,-0.7717034925396401,0.14549929952383719
-14.702369106124358,17.287515110910622,-5.8867472322797001,3.0361999657849119,0.43370892635809366,-0.85312105611625877,1.082300888826325
45.562797772334676,-2.6378926814353063,-11.561362768669701,2.924754623621634,-1.0850387503732477,0.22823814200105041,0.068196855562544817
2.1669452486572003,-0.93768970023351983,-5.2452213942199739,5.4497275051878997,-1.2207806034329975,-0.50086784986534205,1.0618806860398495
-3.4451845016542944,26.505000927077038,-2.6491882122724375,2.3498351765076362,-0.49519084731083796,1.6809535046535793,0.73483704396675353
-13.73501553154793,-9.9578690935060798,20.676373983837575,6.1620560194610858,-0.41102129509608493,-0.74881956434621688,1.4863093413060071
9.5816649408661014,-8.8993523262472802,-1.2603045813603844,0.83583546417393373,0.21742689051325792,0.51587920949695354,-1.0175721493157537
-29.993174456053616,7.8401898168925284,-14.681071155371571,4.5394654803682402,-0.10040358200766247,-1.2604795878264214,0.30029390220720698
-7.1381980448599736,46.633846417034597,11.475663111454827,5.5756707978382911,1.4173928293591944,0.091052379719403095,-0.018193191967282554
-29.596790532509033,-31.054429801777214,-12.995197910266715,6.1131397264525029,-0.30835542384059195,1.5824267904192337,0.89633949421711223
-10.822953158051209,-18.34456679029676,-17.073205786662566,5.9244027826996044,-0.25580484977579743,-0.42254278968973691,-0.96569559870033583
10.791551311733103,16.678257672299932,-5.5803275119947919,6.0931672009766853,0.0096322657941110331,-0.1201897770320632,-0.33889787354192913
11.904173475353018,-12.360126930562956,6.8130241658603881,3.9743889046101204,-0.69655241745824847,0.44464507863043234,0.81533390831775276
12.228948669262854,-0.82534843108707656,2.1519318776478111,2.946651931517569,1.0586613356545862,-1.600555775668953,-0.15269166178544832
10.498853596688781,16.600781654118084,26.573174858582309,5.8276649249428853,0.26221638404107311,-0.20912083555266076,-0.6433765936451511
-5.169135658166101,17.515625484317209,-4.6452884561282568,5.3420933927228722,0.047171333417759212,-1.2126643088857267,-0.19522942190984252
19.595656185619081,-8.3219329848509371,-2.1304181066844174,2.6873314008359843,-1.2674546808955525,0.0085872833044302391,-1.0727290565572771
-21.637726732692595,-5.5441787903711042,7.9449033066999855,4.4736616623529741,0.8404810388453009,0.5745225793440909,0.44482331605242731
-9.5997790246566268,-16.333964667028145,19.540962946116732,5.824010226647955,0.97349038879119376,-1.7989592278561424,1.0672943514674551
-4.6973020948997641,-6.8671445251955685,4.6769998597506648,0.57162665359316445,-2.3283227507781445,0.71912454079991694,0.81805630954580588
9.9873625714832848,-21.696634127778523,-21.570565284800736,2.6060546472522934,-0.50830197117120413,0.033158870668160603,-0.83794250519065283
-11.14682090796614,-13.559142201400794,28.079677558086427,5.1598129652082392,1.0039499367126432,1.818190962439207,0.78515615387416859
2.923263769838393,-10.249606280953708,-18.761870095658878,1.0001616021059099,-0.2633331614740575,-0.11219474071318419,-0.17508069361600656
4.5921262817217272,21.690496534994086,-1.3020524548207604,3.239200264849996,-1.0318710764484471,-0.4009244016499281,0.94690405268049505
1.7320909573215515,-10.886568955462341,-1.0030682775725543,0.86352125020342951,-1.5044196407779467,0.30554888070251102,1.3518626949361101
11.606718018348115,13.092944797007798,27.690371475906439,0.046787527553831851,-1.1753460031046898,-0.065527300148541287,1.4454496036108724
-29.008505509497059,11.165523591581341,-7.409952422592152,1.3790344184820478,-1.4853937012961873,-0.26449680914235385,0.51075825172496936
-9.6700874067389258,20.920327770026596,6.3069534808750198,0.25256255966477065,0.091954982682287009,0.35462028416713787,-0.76912858376642967
4.7396906700677528,-24.570441008302975,-15.824061595018961,6.1517806409124107,0.053037855116454639,0.19058363381651605,0.66797075204105993
-44.442934070957747,-23.69622104626179,20.309372895944858,5.2593767856251885,0.2006296356468544,0.70421074241087944,-1.7982257438244467
7.1611642268415743,22.909051882946439,2.2102393725201011,4.3050811935781956,-1.6028265749554433,-0.61690145345754632,0.071778444686188825
29.180261439496245,-16.387827758152863,4.354928746759299,5.8431462391345166,0.11190024411886215,-0.028732656600909033,-0.50007782846076143
-18.539203001425534,2.8776796316663695,-10.97636653207727,6.0930330208716006,1.1773514075871712,2.4729072606054365,1.9777082719810868
21.335900533944372,6.5169846195910832,5.5557736742719444,1.6872092970731432,-0.93868840251316465,-0.67534287654785952,-3.0842107938660188
6.3991701415777813,18.658953879581414,-23.380458542525915,4.2764147000260708,0.1235359819763166,3.1182016410830413,-1.7791022020696221
22.046946518190101,-3.0717097574239687,-8.8844207114831448,5.6486296610690578,1.9206184245203883,-0.44044721802004605,1.9630589973592065
-10.526754977055431,-20.230433893748138,-18.771408391156648,3.014493359664232,0.10605929188905079,0.63021840077606928,0.64537683140199908
3.692286114816854,8.9563886736143701,-4.708566645245825,2.8303010338067454,-0.99003441850684415,-0.78513234318079794,-0.07605291317664778
-15.316562683483163,-0.53754651063089798,49.775887875092224,4.5974630406411228,-0.37164041784827362,0.95236157071931571,0.29975191340322038
16.875955151103661,15.59303431199646,2.5101231845794798,1.1422041115674872,0.022605280092717374,-0.19074832549553966,-0.056189609574624766
4.3117900845956516,-6.6656075903273466,-12.943807153355998,0.73334721291276317,0.99065573149835762,1.7045935779485173,-0.65489338260397589
-10.576152916477179,10.217722619918828,10.135484586863354,0.5186309318647242,0.61588902566760628,-0.8143144964504534,-0.45540236883803492
8.316213315172531,-2.5597413145788268,1.4010672137212346,2.6070488683041737,0.96821917729189422,-0.82512464201962687,0.86157246136396515
7.390643764046505,27.244412263415061,-0.53372910315378574,0.071993685080582098,0.019134699043238439,-0.62065502244969051,-1.8948586551639506
33.573830566514843,9.934891808769029,14.762530464575971,5.6913095320365139,0.61747165910879298,0.44496356446036239,0.078041684408659232
8.6165506160136172,-2.4223774309851702,-14.179945887606813,4.3864736582085024,2.1170808688512914,0.21065168583348429,-0.50464539684711951
18.723383360498563,32.399831399050292,0.55189941369867257,2.181747261109074,0.27923965616839153,0.7894919071906159,0.89906253467491049
-4.0974076063935518,13.985702036374137,0.45244740306278036,2.9700907744460099,0.61763876390255368,0.79494923299477771,-0.32343424397435072
20.39076268850917,1.5458639095637432,33.539998759013891,3.6941243260190393,1.0167677972941853,0.83521921712212666,-0.22076793043527762
19.626103108269081,16.792652193973698,-5.6189029984433327,6.071247750080647,-0.53262233972684936,0.92651720659986958,0.03701841637603074
-0.96084155529099891,-1.8074973028815775,-5.4923927341151879,4.4025587291984829,0.60313681033557798,1.215139966064676,0.86609863604486459
-0.121756976125637,-13.851081767865001,-6.2894727558384513,3.8137856434565132,0.071827335364445202,0.28215928893686026,-0.34140880643656663
2.9141067004098562,10.587927242203957,3.9016915337255513,6.1627410917799903,0.51522255847697607,2.3753172023303555,-0.11130248011727092
-3.3041929431125103,-25.157882392796633,-15.561252240005366,0.64878405489493007,0.20321199206906507,-0.17145168090255183,-1.2220900181557275
10.821580097678003,-11.336128426277973,9.460184412437556,4.6367532319474103,0.088469896486780761,0.32566132181380392,-1.2845045849676939
5.5522709063500848,-20.246504403498022,-3.6824378504356257,3.1764498116882605,0.48918138239769643,-0.37272477360075174,-0.35377083975316975
-4.4604114479963988,36.434806267620289,12.647066322258791,1.3468072459475202,1.7254287425331161,-0.32798246440983964,-1.1220728195782153
23.184585140453429,0.9358602833480979,-13.731273873280925,0.98761401060768739,0.2883161984381708,0.0060357699318857212,0.5803797486499509
-3.2542142053689012,-0.37244912403812697,-12.739086901107601,0.04076693546385371,-1.0533135707165566,-1.1176364025896257,-1.1974454369683214
5.4456679630576739,26.716220999230387,-2.2533855074917715,3.4666816698363294,-0.94637207303379445,0.63927200367213766,-2.0273659871837606
-20.816973829251452,-1.9018047757830148,-0.65259681034012518,1.4956036315949388,1.0299345144364476,0.59432425683331314,0.58764357513199117
-2.8670289177888288,-8.4341032450028663,-2.6555026076861719,0.11642355157360799,-0.41078836378106448,-1.0472113783513306,-1.4385878787880428
9.185086959248471,-7.1269272715657577,-3.9762160169243379,1.3138765487244926,0.1474886799593001,-1.1914196441010512,0.94864962958077181
0.53258663852711707,-26.420552779691249,21.410482048038524,5.1961871442022955,-1.7096714063826264,0.12367531713214226,-2.0116591405404547
1.3384811134895684,10.952876489451391,16.856075002729124,4.313017755274517,-0.9448397768802449,0.71210172288587936,0.94360735991916267
9.0383827095750746,2.7507321323464486,0.39532795658572623,4.2137011829878528,0.95511772341338474,0.76161155687555393,0.006178191372869824
-2.6867490514367875,19.309093170875975,-9.3168262440340506,5.4307063606012731,-0.32978354057407794,-1.3656806608654621,-0.41967589227570024
9.8639225039439342,2.6689468537120735,7.0611169370545062,3.7574631154598239,-1.9931993587076675,1.0585359083350847,-0.45574181148574028
3.1125772352685463,-10.086211105796256,2.4314261641245967,0.55476396024109376,0.78213954812546571,-1.8334534214963898,-0.59032216409257365
2.2015877769484602,4.8558167715173015,-28.031902000558205,3.7104011862648227,-0.50237498666872527,-0.39993517181278171,-0.65209203727497267
-3.4524900134774374,3.8036775495282797,16.169566834190093,5.0899557033445353,0.086057691538991607,-1.1675834918696484,-0.062171835705322989
-1.5216839757369864,-5.0110337483753504,-8.007875054876969,0.76513938914360025,-0.4757550181608754,-0.52763894620357499,-1.5739541899638569
0.21939046748749291,-18.096511051044931,15.596540142282276,4.1781270054015387,-0.82863635150216575,1.2458957737240897,-0.34563951433588053
-2.4138453997455969,-5.0770521133936057,-24.165329401412379,1.8945631074347036,-1.0101912373366901,-0.86128618146708014,0.58538982622660607
-8.1405689252314684,0.27220805413224847,4.7376902055828385,4.4831332575812155,0.47480456687691863,-0.36573103294233605,-0.20634335730378334
3.2820920640321458,26.111501195249438,-8.0471789545008541,4.207816240122022,-0.17790993549152856,-0.96038221578677962,1.401932140914371
