-1.0,-1.0,1.0
-1.0,-1.0,-1.0
-1.0,1.0,1.0
-1.0,1.0,-1.0
1.0,-1.0,-1.0
1.0,-1.0,1.0
0.0,1.0,1.0
0.0,0.0,1.0
1.0,0.0,1.0
1.0,1.0,-1.0
1.0,1.0,0.0
0.0,1.0,0.0
1.0,0.0,0.0
0.0,0.0,0.0
-1.0,-1.0,-0.8571428571428573
-1.0,-1.0,-0.7142857142857149
-1.0,-1.0,-0.5714285714285721
-1.0,-1.0,-0.4285714285714292
-1.0,-1.0,-0.2857142857142868
-1.0,-1.0,-0.1428571428571446
-1.0,-1.0,-2.442490654175344e-15
-1.0,-1.0,0.1428571428571399
-1.0,-1.0,0.2857142857142829
-1.0,-1.0,0.4285714285714264
-1.0,-1.0,0.5714285714285696
-1.0,-1.0,0.7142857142857131
-1.0,-1.0,0.8571428571428565
-1.0,-0.8571428571428573,1.0
-1.0,-0.7142857142857149,1.0
-1.0,-0.5714285714285721,1.0
-1.0,-0.4285714285714292,1.0
-1.0,-0.2857142857142868,1.0
-1.0,-0.1428571428571446,1.0
-1.0,-2.442490654175344e-15,1.0
-1.0,0.1428571428571399,1.0
-1.0,0.2857142857142829,1.0
-1.0,0.4285714285714264,1.0
-1.0,0.5714285714285696,1.0
-1.0,0.7142857142857131,1.0
-1.0,0.8571428571428565,1.0
-1.0,1.0,-0.8571428571428573
-1.0,1.0,-0.7142857142857149
-1.0,1.0,-0.5714285714285721
-1.0,1.0,-0.4285714285714292
-1.0,1.0,-0.2857142857142868
-1.0,1.0,-0.1428571428571446
-1.0,1.0,-2.442490654175344e-15
-1.0,1.0,0.1428571428571399
-1.0,1.0,0.2857142857142829
-1.0,1.0,0.4285714285714264
-1.0,1.0,0.5714285714285696
-1.0,1.0,0.7142857142857131
-1.0,1.0,0.8571428571428565
-1.0,-0.8571428571428573,-1.0
-1.0,-0.7142857142857149,-1.0
-1.0,-0.5714285714285721,-1.0
-1.0,-0.4285714285714292,-1.0
-1.0,-0.2857142857142868,-1.0
-1.0,-0.1428571428571446,-1.0
-1.0,-2.442490654175344e-15,-1.0
-1.0,0.1428571428571399,-1.0
-1.0,0.2857142857142829,-1.0
-1.0,0.4285714285714264,-1.0
-1.0,0.5714285714285696,-1.0
-1.0,0.7142857142857131,-1.0
-1.0,0.8571428571428565,-1.0
-0.8571428571428573,-1.0,-1.0
-0.7142857142857149,-1.0,-1.0
-0.5714285714285721,-1.0,-1.0
-0.4285714285714292,-1.0,-1.0
-0.2857142857142868,-1.0,-1.0
-0.1428571428571446,-1.0,-1.0
-2.442490654175344e-15,-1.0,-1.0
0.1428571428571399,-1.0,-1.0
0.2857142857142829,-1.0,-1.0
0.4285714285714264,-1.0,-1.0
0.5714285714285696,-1.0,-1.0
0.7142857142857131,-1.0,-1.0
0.8571428571428565,-1.0,-1.0
1.0,-1.0,-0.8571428571428573
1.0,-1.0,-0.7142857142857149
1.0,-1.0,-0.5714285714285721
1.0,-1.0,-0.4285714285714292
1.0,-1.0,-0.2857142857142868
1.0,-1.0,-0.1428571428571446
1.0,-1.0,-2.442490654175344e-15
1.0,-1.0,0.1428571428571399
1.0,-1.0,0.2857142857142829
1.0,-1.0,0.4285714285714264
1.0,-1.0,0.5714285714285696
1.0,-1.0,0.7142857142857131
1.0,-1.0,0.8571428571428565
-0.8571428571428573,-1.0,1.0
-0.7142857142857149,-1.0,1.0
-0.5714285714285721,-1.0,1.0
-0.4285714285714292,-1.0,1.0
-0.2857142857142868,-1.0,1.0
-0.1428571428571446,-1.0,1.0
-2.442490654175344e-15,-1.0,1.0
0.1428571428571399,-1.0,1.0
0.2857142857142829,-1.0,1.0
0.4285714285714264,-1.0,1.0
0.5714285714285696,-1.0,1.0
0.7142857142857131,-1.0,1.0
0.8571428571428565,-1.0,1.0
-0.8571428571428574,1.0,1.0
-0.7142857142857146,1.0,1.0
-0.5714285714285723,1.0,1.0
-0.42857142857143,1.0,1.0
-0.2857142857142868,1.0,1.0
-0.1428571428571435,1.0,1.0
0.0,0.1428571428571426,1.0
0.0,0.2857142857142854,1.0
0.0,0.4285714285714277,1.0
0.0,0.57142857142857,1.0
0.0,0.7142857142857132,1.0
0.0,0.8571428571428565,1.0
0.1428571428571426,0.0,1.0
0.2857142857142854,0.0,1.0
0.4285714285714277,0.0,1.0
0.57142857142857,0.0,1.0
0.7142857142857132,0.0,1.0
0.8571428571428565,0.0,1.0
1.0,-0.8571428571428574,1.0
1.0,-0.7142857142857146,1.0
1.0,-0.5714285714285723,1.0
1.0,-0.42857142857143,1.0
1.0,-0.2857142857142868,1.0
1.0,-0.1428571428571435,1.0
1.0,1.0,-0.8571428571428574
1.0,1.0,-0.7142857142857146
1.0,1.0,-0.5714285714285723
1.0,1.0,-0.42857142857143
1.0,1.0,-0.2857142857142868
1.0,1.0,-0.1428571428571435
0.1428571428571426,1.0,0.0
0.2857142857142854,1.0,0.0
0.4285714285714277,1.0,0.0
0.57142857142857,1.0,0.0
0.7142857142857132,1.0,0.0
0.8571428571428565,1.0,0.0
0.0,1.0,0.1428571428571426
0.0,1.0,0.2857142857142854
0.0,1.0,0.4285714285714277
0.0,1.0,0.57142857142857
0.0,1.0,0.7142857142857132
0.0,1.0,0.8571428571428565
-0.8571428571428573,1.0,-1.0
-0.7142857142857149,1.0,-1.0
-0.5714285714285721,1.0,-1.0
-0.4285714285714292,1.0,-1.0
-0.2857142857142868,1.0,-1.0
-0.1428571428571446,1.0,-1.0
-2.442490654175344e-15,1.0,-1.0
0.1428571428571399,1.0,-1.0
0.2857142857142829,1.0,-1.0
0.4285714285714264,1.0,-1.0
0.5714285714285696,1.0,-1.0
0.7142857142857131,1.0,-1.0
0.8571428571428565,1.0,-1.0
1.0,-0.8571428571428573,-1.0
1.0,-0.7142857142857149,-1.0
1.0,-0.5714285714285721,-1.0
1.0,-0.4285714285714292,-1.0
1.0,-0.2857142857142868,-1.0
1.0,-0.1428571428571446,-1.0
1.0,-2.442490654175344e-15,-1.0
1.0,0.1428571428571399,-1.0
1.0,0.2857142857142829,-1.0
1.0,0.4285714285714264,-1.0
1.0,0.5714285714285696,-1.0
1.0,0.7142857142857131,-1.0
1.0,0.8571428571428565,-1.0
1.0,0.0,0.1428571428571426
1.0,0.0,0.2857142857142854
1.0,0.0,0.4285714285714277
1.0,0.0,0.57142857142857
1.0,0.0,0.7142857142857132
1.0,0.0,0.8571428571428565
1.0,0.1428571428571426,0.0
1.0,0.2857142857142854,0.0
1.0,0.4285714285714277,0.0
1.0,0.57142857142857,0.0
1.0,0.7142857142857132,0.0
1.0,0.8571428571428565,0.0
0.0,0.0,0.1428571428571426
0.0,0.0,0.2857142857142854
0.0,0.0,0.4285714285714277
0.0,0.0,0.57142857142857
0.0,0.0,0.7142857142857132
0.0,0.0,0.8571428571428565
0.0,0.1428571428571426,0.0
0.0,0.2857142857142854,0.0
0.0,0.4285714285714277,0.0
0.0,0.57142857142857,0.0
0.0,0.7142857142857132,0.0
0.0,0.8571428571428565,0.0
0.1428571428571426,0.0,0.0
0.2857142857142854,0.0,0.0
0.4285714285714277,0.0,0.0
0.57142857142857,0.0,0.0
0.7142857142857132,0.0,0.0
0.8571428571428565,0.0,0.0
-1.0,0.07142857142856895,0.8762820851736528
-1.0,0.07451466876030688,-0.8673112620409771
-1.0,-0.8865829355707612,0.07468312713944503
-1.0,0.8937767885601842,0.06935268482333412
-1.0,-0.3571428571428616,-0.8694287952354247
-1.0,-0.3571428571428574,0.8762820851736524
-1.0,0.9028788008799784,-0.3615706738034111
-1.0,-0.9028788008799801,-0.3615706738034086
-1.0,0.8618785879095678,0.5136008644560515
-1.0,-0.8729814221070874,0.5018716480176599
-1.0,0.5001615757390268,-0.8743058952874609
-1.0,0.4999999999999978,0.8762820851736512
-1.0,-0.8746875646273238,-0.6452440052411337
-1.0,-0.64168956891246,0.8769561843049143
-1.0,0.8735181518303128,-0.6487630630650413
-1.0,-0.643300506685045,-0.8670807112200485
-1.0,0.7801892664864543,0.8794719565121172
-1.0,-0.870614678937029,0.7725963401346574
-1.0,0.7850925139105449,-0.880260515312461
-1.0,0.357142857142855,0.876282085173651
-1.0,0.4285714285714262,0.7525641703473027
-1.0,0.5714285714285694,0.7525641703473025
-1.0,0.4999999999999973,0.6288462555209544
-1.0,0.3571428571428545,0.6288462555209544
-1.0,0.4276328770846816,0.5056702136481257
-1.0,0.2855578604664921,0.5052186528535272
-1.0,0.3560218095336873,0.3820576630071848
-1.0,0.2140728021428848,0.381533350751234
-1.0,0.2854919590889493,0.2578208713788945
-1.0,0.1427846030624458,0.2577343919119048
-1.0,0.2142365698823716,0.13400296975006
-1.0,0.0714082907288951,0.1339863052829795
-1.0,0.1428455720066353,0.01026336182286824
-1.0,-5.308591701114196e-6,0.01025974630606186
-1.0,-0.07143283631046993,0.1339770585462758
-1.0,-0.1428587384360793,0.01025760259714437
-1.0,-0.07142972212368226,-0.1134605690830014
-1.0,-0.2142866910291887,0.1339751601386729
-1.0,-0.2142861719980595,-0.1134609691767858
-1.0,-0.1428574109250578,-0.2371789934943983
-1.0,0.2857041665053059,0.01026252371723979
-1.0,0.2142847732689663,-0.113460690140863
-1.0,0.07138099610564907,0.3814378934937555
-1.0,-0.2857144066776675,-0.237179078425238
-1.0,0.3571410137718971,-0.1134601691664172
-1.0,0.2857138216496615,-0.2371788803356496
-1.0,-0.357142953588815,-0.1134611777540295
-1.0,-0.2142857791242702,-0.3608970256552713
-1.0,-0.3571428881098528,-0.3608970452110229
-1.0,0.4250738334895658,0.2570154519788928
-1.0,0.4285710439988251,-0.2371789262303897
-1.0,0.3571428203249762,-0.3608970418330204
-1.0,-0.07142862691299001,-0.360897031055887
-1.0,-0.1428571480773292,-0.4846149749023028
-1.0,-1.011744232837231e-8,-0.484614972074873
-1.0,0.4999996286760668,-0.1134610190531653
-1.0,0.4999999297682458,-0.3608970225415127
-1.0,0.4285714107298155,-0.484614967615323
-1.0,0.5714285567496689,-0.4846149694413162
-1.0,0.5943649787393321,0.4959324344419542
-1.0,-0.0684977860489866,-0.6102516856381452
-1.0,0.07623757023669442,-0.6097691133847875
-1.0,-0.213797250925823,-0.6086526910561448
-1.0,0.2142596434110804,0.6288613075474416
-1.0,-0.1428580164613735,0.2576930154175503
-1.0,-0.2857143659910693,0.2576925573897368
-1.0,-0.2142858732658847,0.381410517655506
-1.0,-0.3571428970190168,0.3814104488907744
-1.0,-0.4285714485969206,0.2576925226036384
-1.0,-0.500000009983609,0.3814104316323035
-1.0,-0.2857143188570074,0.5051283598295702
-1.0,-0.5714285764300895,0.2576925139295445
-1.0,-0.1428571748776251,0.505128359181644
-1.0,-0.2142857251462473,0.6288462617912904
-1.0,-0.5000000041711707,0.1339745986237948
-1.0,-0.07142857857540663,0.6288462596471853
-1.0,-0.3571428644767322,0.6288462597551743
-1.0,-0.1393564801313752,-0.7343427004752289
-1.0,0.5006207039389636,-0.6112012586657618
-1.0,0.3572463048257408,-0.6088109520129219
-1.0,-0.6428571428571433,0.3814104258682662
-1.0,-0.571428573092506,0.5051283416552865
-1.0,-0.7127936089109018,0.2585707344378787
-1.0,0.1436586409722489,-0.4848543470496697
-1.0,0.1428569086769083,-0.2371790130594631
-1.0,-0.1428571458583713,0.7525641720800658
-1.0,0.638544758011351,-0.363386803300332
-1.0,0.6409979914007071,-0.6096412464228387
-1.0,-0.7178811810214294,0.5045855587419008
-1.0,-0.6434563875904169,0.6287557920222879
-1.0,-0.7872538739646169,0.6338717753534922
-1.0,-0.2850494313666838,-0.7347627682455656
-1.0,-0.3569506375249492,-0.6088381859075713
-1.0,-0.4284285829105153,-0.735106822255892
-1.0,-0.4999441557868705,-0.6089264440511952
-1.0,-0.5714693504208854,-0.7347875269456536
-1.0,-0.6392320460071521,-0.6067964368661225
-1.0,-0.5708150812513907,-0.4844578271548809
-1.0,-0.7088341977791168,-0.4872951278809212
-1.0,-0.6375339377158409,-0.3638073113380949
-1.0,-0.7380715942238223,-0.7257754023752723
-1.0,-0.788917302052765,-0.8715892579346376
-1.0,0.4288514324292427,-0.7344253102657272
-1.0,0.2871679426329687,-0.7317238629918057
-1.0,-0.7850383469839173,0.3767696090977113
-1.0,-0.8658028391304063,0.2345074325336711
-1.0,0.3574587298954413,-0.8660372984900355
-1.0,0.5731401200685653,-0.7422896547366111
-1.0,0.7371301956948,-0.7329298258821331
-1.0,-0.5000568828598848,-0.8677339759428364
-1.0,-0.2135914614401568,-0.8657171643919062
-1.0,-0.0684683642240248,-0.8648547183874309
-1.0,0.004270873570200173,-0.7356276763442982
-1.0,0.2154076630080239,-0.8606749015866073
-1.0,0.642857142857141,-0.8750615727930736
-1.0,-2.847379494408386e-7,-0.2371789838699514
-1.0,0.214285714285712,0.876282085173651
-1.0,0.07156205702774643,-0.3609369016999457
-1.0,0.214441422394303,-0.3609435269823209
-1.0,0.1428527977113694,0.7525666790183849
-1.0,0.5707097029328878,-0.2375940254710027
-1.0,0.6427372695538669,-0.1135303439077262
-1.0,0.5714085306573646,0.01024519870811025
-1.0,0.7047427290751815,0.00793834013409045
-1.0,0.6274402824577172,0.1301983527754191
-1.0,0.7760144921912939,-0.1073978574087366
-1.0,-0.499010555941423,-0.3613559096911847
-1.0,-0.5703764632285957,-0.2377406640717439
-1.0,-0.7124322914570205,-0.2370063495025677
-1.0,-0.6428571428571478,-0.1134612334371211
-1.0,-0.7773160648054855,-0.1069711489942943
-1.0,-0.7033663446028032,0.009033453066519925
-1.0,0.7110196903192734,-0.2359127808031894
-1.0,-0.4998246647076672,-0.1135548101246533
-1.0,-0.5000998756218467,0.6288311791369954
-1.0,0.6419363063191696,0.8768137303967287
-1.0,0.7132114049914127,0.7531844231075597
-1.0,0.8684057328918033,0.7673156660901124
-1.0,0.7841570737969441,0.6405987865219684
-1.0,-0.4998054043425524,0.8763944350288633
-1.0,0.8592144997687607,-0.4952240221370525
-1.0,0.8821587179519332,0.2139397331848385
-1.0,0.874860941092684,0.3593520043687175
-1.0,0.7615838059723767,0.2897391138993015
-1.0,0.739303380586771,0.4255926069014782
-1.0,0.630954157284535,0.3534525944310334
-1.0,-0.3571430373456783,0.1339747002557139
-1.0,-0.8586027706673965,-0.4951041781571672
-1.0,-0.2142857147859198,0.8762820854624462
-1.0,0.3565129929229345,0.1338888490716439
-1.0,0.07142532308319605,-0.1134593580040582
-1.0,0.2858910522554641,-0.484742288039297
-1.0,-0.4285880898417864,0.505125836816684
-1.0,0.2168995239586171,-0.6078561902696169
-1.0,0.1427833122591131,0.505170966810254
-1.0,0.6428571428571426,0.6288462555209553
-1.0,-2.425571723818631e-5,0.2577065150867881
-1.0,-0.428262934054797,-0.4848483983220043
-1.0,0.2857092163775494,0.752567097130231
-1.0,-0.2855494396361702,-0.4847913868423863
-1.0,-0.4282019887090036,-0.2373647808796455
-1.0,0.7056674395526366,-0.487414413579379
-1.0,-0.2857148368282088,0.01025699957498949
-1.0,-0.07144072070274532,0.3814174402549755
-1.0,-1.136006483315466e-5,0.5051348994310989
-1.0,0.4284610554222603,0.01024166324882891
-1.0,0.49438572984037,0.1318654728749451
-1.0,-0.4285423446783528,0.01024116532750674
-1.0,-0.5695746073123812,0.01003462827860302
-1.0,-0.6379154008429697,0.1353605118655818
-1.0,-0.07142857201214481,0.8762820855105784
-1.0,0.07140930245688715,0.6288573804669451
-1.0,-0.4285556431211408,0.7525803832982163
-1.0,-0.2857116584218782,0.7525668745934742
-1.0,-3.937474849613487e-6,0.7525664436494683
-1.0,-0.5713154323123548,0.7526803573564305
-1.0,-0.7155064639605115,0.7575311881888331
-1.0,-0.8733366075448024,-0.2207130996991876
-1.0,0.8731953032053625,-0.220678381858449
-1.0,0.49737502366846,0.3770142466176747
-1.0,-0.7813764068278427,0.8827725068737826
-1.0,0.8814221674460749,-0.7854410130718469
-1.0,0.1473056858280257,-0.7331346183514547
-1.0,0.5559954190052618,0.2476862726581333
-1.0,-0.8835753294820152,-0.7783908233479014
-1.0,0.7636936704780433,0.1336120603509157
-1.0,-0.7703168147391626,0.1241139383653387
-1.0,0.9006395005190051,-0.07142857142857362
-1.0,-0.9006395005190161,-0.0714285714285734
-1.0,0.7633056556494435,-0.5947945142172889
-1.0,-0.7638856346609624,-0.5920430301041234
-1.0,0.9035816246795143,0.642137131479255
-1.0,-0.9061699950017467,0.6388108098440186
-1.0,0.765544287325769,-0.3718950839199643
-1.0,-0.7598400615502303,-0.3758355533760095
-1.0,-0.905875718816793,0.360099985632091
-1.0,0.7169477609569528,0.5386020443356456
-1.0,-0.8950577842984728,-0.8950577842984728
-1.0,-0.8954213132044463,0.8954213132044457
-1.0,0.895421313204446,-0.8954213132044463
-1.0,0.8954213132044457,0.8954213132044457
-1.0,0.6607434872909241,0.2365715172708349
-1.0,0.8115137361842901,-0.00282743650609496
-1.0,-0.8125798711084934,-0.005771107072703785
0.07142857142856851,-1.0,0.8762820851736521
0.07145816727752519,-1.0,-0.8743902340426846
-0.8762820851736521,-1.0,0.07142857142856873
0.8835804688716444,-1.0,0.07406049975550655
-0.8860022612146055,-1.0,-0.3481751800665924
0.9028788008799784,-1.0,-0.361570673803411
-0.3571428571428581,-1.0,0.8762820851736524
-0.3570336988307369,-1.0,-0.8663211732008511
0.8731858459950366,-1.0,0.5030557096254962
-0.8730496581561176,-1.0,0.501569900212635
0.5001615757390265,-1.0,-0.8743058952874607
0.499999999999998,-1.0,0.876282085173651
-0.6433005066850432,-1.0,-0.8670807112200491
0.8735181518303117,-1.0,-0.6487630630650422
-0.6416895689124615,-1.0,0.8769561843049143
-0.8746875646273229,-1.0,-0.6452440052411348
0.8713183694451174,-1.0,0.7669740022979483
-0.8706146789370302,-1.0,0.772596340134657
0.7850925139105445,-1.0,-0.8802605153124605
0.357142857142855,-1.0,0.8762820851736512
0.4285714285714262,-1.0,0.7525641703473029
0.571428571428569,-1.0,0.7525641703473025
0.4999999999999967,-1.0,0.6288462555209542
0.3571428571428541,-1.0,0.6288462555209551
0.4285714285714246,-1.0,0.5051283406946068
0.285714285714282,-1.0,0.5051283406946077
0.3571428571428523,-1.0,0.3814104258682596
0.21428571428571,-1.0,0.3814104258682605
0.2857142857142798,-1.0,0.2576925110419117
0.1428571428571377,-1.0,0.2576925110419128
0.2142857142857078,-1.0,0.1339745962155645
0.07142857142856562,-1.0,0.1339745962155656
0.1428571428571357,-1.0,0.01025668138921731
-6.439293542825908e-15,-1.0,0.01025668138921842
-0.07142857142857673,-1.0,0.1339745962155665
-0.1428571428571486,-1.0,0.01025668138921909
-0.07142857142857806,-1.0,-0.113461233437129
-0.2142857142857192,-1.0,0.1339745962155672
-0.2142857142857201,-1.0,-0.1134612334371286
-0.1428571428571493,-1.0,-0.2371791482634766
0.285714285714278,-1.0,0.01025668138921576
0.07142857142856673,-1.0,0.3814104258682616
0.2142857142857058,-1.0,-0.1134612334371308
-0.2857142857142917,-1.0,-0.2371791482634762
0.3571428571428481,-1.0,-0.1134612334371323
0.2857142857142758,-1.0,-0.2371791482634795
-0.3571428571428623,-1.0,-0.1134612334371282
-0.2142857142857211,-1.0,-0.3608970630898243
-0.3571428571428635,-1.0,-0.3608970630898236
0.4285714285714226,-1.0,0.2576925110419106
0.4285714285714179,-1.0,-0.2371791482634809
0.3571428571428457,-1.0,-0.3608970630898279
0.214285714285704,-1.0,-0.3608970630898271
0.2870129682998279,-1.0,-0.4838651831758138
0.4287878756690082,-1.0,-0.4844900121261164
0.1470984240254778,-1.0,-0.4855091093616428
0.4999999999999902,-1.0,-0.113461233437134
-0.2857142857142929,-1.0,-0.4846149779161717
-0.4285714285714353,-1.0,-0.4846149779161711
-0.5000000000000059,-1.0,-0.3608970630898229
-0.5714285714285774,-1.0,-0.4846149779161705
0.5714285714285601,-1.0,-0.2371791482634824
0.571428571428567,-1.0,0.5051283406946059
0.3586940613422556,-1.0,-0.6074373045804254
0.5009153179085448,-1.0,-0.6110311694696879
-0.5000000000000069,-1.0,-0.6085746029949041
-0.1428571428571476,-1.0,0.2576925110419146
-0.2857142857142898,-1.0,0.2576925110419155
-0.2142857142857182,-1.0,0.3814104258682629
-0.3571428571428608,-1.0,0.3814104258682631
-0.4285714285714322,-1.0,0.2576925110419157
-0.5000000000000031,-1.0,0.3814104258682638
-0.4285714285714316,-1.0,0.5051283406946112
-0.5714285714285744,-1.0,0.2576925110419155
-0.5714285714285741,-1.0,0.5051283406946117
0.5716171989295831,-1.0,-0.4850438630723622
0.2142857142857106,-1.0,0.6288462555209562
-0.5000000000000033,-1.0,0.1339745962155674
-0.1428571428571507,-1.0,-0.4846149779161724
-0.2142857142857223,-1.0,-0.6083328927425199
-0.06870241994338122,-1.0,-0.6101017847184107
-0.5000000000000021,-1.0,0.6288462555209595
-0.3571428571428595,-1.0,0.6288462555209589
0.6428571428571321,-1.0,-0.1134612334371358
0.5714285714285627,-1.0,0.01025668138921265
-0.642857142857145,-1.0,0.6288462555209604
-0.1422936259641603,-1.0,-0.7355754489519228
-7.771561172376096e-15,-1.0,-0.2371791482634772
-0.6402929725098424,-1.0,0.1354550206558296
-0.5710012097040245,-1.0,0.01050341879592986
-0.7145861216414104,-1.0,0.2562589145511145
-0.638544772163138,-1.0,-0.3633868114708546
-0.5707098429795747,-1.0,-0.2375941063269806
0.6410785340922891,-1.0,-0.6096843804953354
-0.6392345568772875,-1.0,-0.6062816767939467
-0.6968368149176948,-1.0,-0.2500128345096674
0.7092756320729969,-1.0,-0.4878741244720448
0.7134948436805559,-1.0,-0.236427722159821
0.7774931568427332,-1.0,-0.1068747111038411
-0.7346434990878239,-1.0,0.007171306410978406
-0.7178925534189478,-1.0,0.5045352672809493
-0.7871672679168311,-1.0,0.6338281793922746
0.0008536448848628364,-1.0,-0.7343754899147655
-0.2854930148679825,-1.0,-0.737868525906441
0.4288470235492601,-1.0,-0.7336799063719945
0.2861611944315907,-1.0,-0.7335554662824386
-0.5708987010699158,-1.0,-0.7341193919160585
-0.7379904315837018,-1.0,-0.7256064173607351
-0.788907639833702,-1.0,-0.8715691406710027
-0.788535332224092,-1.0,0.3692005132235878
0.3573293157040767,-1.0,-0.8655413526229516
0.5731842567091812,-1.0,-0.742185802472645
0.7371480070279701,-1.0,-0.7329211518547809
-0.07117836815481993,-1.0,-0.865873069687565
-0.4999673891928555,-1.0,-0.8668370575700228
0.1459715864709183,-1.0,-0.7432042501020871
0.0745498408728158,-1.0,-0.610273289385572
-0.2139623774976513,-1.0,-0.869761029365375
0.2149152820759221,-1.0,-0.8694485505083603
-0.4284226101840604,-1.0,-0.7370089407217995
0.642857142857141,-1.0,-0.8750615727930713
0.6451045107681566,-1.0,0.6284085693152888
0.7152792952594078,-1.0,0.7532318879345281
0.7142857142857095,-1.0,0.5051283406946041
0.6428571428571377,-1.0,0.3814104258682567
0.7857142857142805,-1.0,0.381410425868256
0.7117215439384061,-1.0,0.2591729354821712
0.7884646598587528,-1.0,0.6332759421208343
0.8625340579123033,-1.0,0.2421821819513623
0.5710012097040151,-1.0,0.2579392484486198
0.6397943838311906,-1.0,0.1357428809636523
-0.07142857142857606,-1.0,0.3814104258682625
-0.1428571428571468,-1.0,0.5051283406946108
-4.218847493575595e-15,-1.0,0.5051283406946099
-0.07142857142857517,-1.0,0.6288462555209586
0.0714285714285674,-1.0,0.6288462555209575
0.214285714285712,-1.0,0.876282085173651
-0.07142857142857917,-1.0,-0.3608970630898253
0.6418551657414078,-1.0,0.8770674705694494
0.8584987737383738,-1.0,-0.4956896145021772
-0.4998054043425539,-1.0,0.8763944350288633
-5.10702591327572e-15,-1.0,0.2576925110419137
-0.8651824621095573,-1.0,0.2322084896820984
-0.2857142857142909,-1.0,0.01025668138921998
-0.856970624501857,-1.0,-0.4928076576283739
-0.8754445673335179,-1.0,-0.06728303054970552
-0.888419316417367,-1.0,-0.2089714902724593
-0.0714285714285734,-1.0,0.8762820851736528
-0.2142857142857156,-1.0,0.8762820851736532
0.3571428571428501,-1.0,0.133974596215563
-0.3570811756039167,-1.0,-0.6101691530330012
0.499928773045903,-1.0,0.3814515487693764
-0.7049995593927019,-1.0,-0.4864517606640107
-0.6439785250236003,-1.0,0.3790376621100737
0.4285714285714202,-1.0,0.01025668138921443
0.4994183132082437,-1.0,0.1343104332413618
-0.4284516404966003,-1.0,-0.2372483079407266
0.6376093846103175,-1.0,-0.3638762457389266
-0.2142857142857169,-1.0,0.6288462555209589
0.1428571428571388,-1.0,0.5051283406946085
-0.3571428571428613,-1.0,0.1339745962155678
-0.428500201617341,-1.0,0.01029780429033811
0.4991928860586219,-1.0,-0.3614442467590328
0.2857142857142825,-1.0,0.7525641703473038
-0.2857142857142889,-1.0,0.5051283406946108
0.1428571428571392,-1.0,0.7525641703473047
0.07142857142856363,-1.0,-0.1134612334371299
-0.499777149132925,-1.0,-0.1134939430092826
0.7028854001046778,-1.0,0.009344240172936447
0.1428571428571339,-1.0,-0.2371791482634783
-3.108624468950438e-15,-1.0,0.7525641703473054
0.001681450349624081,-1.0,-0.4853822145935751
-0.6428571428571472,-1.0,-0.1134612334371279
0.0724156933482254,-1.0,-0.361173957776971
-0.4285389959618557,-1.0,0.7525828953231746
-0.1428571428571452,-1.0,0.7525641703473058
-0.2857088802793586,-1.0,0.752567291176617
-0.5711961377266226,-1.0,0.7526983660076962
-0.715372273066047,-1.0,0.7575420008869531
0.8734011454592525,-1.0,-0.2206779546953785
0.7797088447708271,-1.0,0.8807923971206932
0.8814242878428806,-1.0,-0.7854399804495431
-0.7813604317213592,-1.0,0.8827737940997493
0.2181517641619701,-1.0,-0.6086960120486699
-0.8835676062797032,-1.0,-0.7783747432222072
0.7698148210210611,-1.0,0.13017895931559
-0.7692537129416899,-1.0,0.14224472034792
-0.7736351126672751,-1.0,-0.1528668968016818
0.9006395005190044,-1.0,-0.0714285714285734
0.7639038197523886,-1.0,-0.5949864668778762
-0.7631200395218734,-1.0,-0.5925656130408011
-0.9061663210019958,-1.0,0.6387417410907699
0.7598400615502217,-1.0,-0.3758355533760206
-0.7598400615502294,-1.0,-0.3758355533760149
-0.9053534904979534,-1.0,0.3634529234808059
0.9034872286276006,-1.0,0.3674974101534063
0.9080281888710124,-1.0,0.6392477464961204
-0.895057784298472,-1.0,-0.895057784298472
0.8954213132044457,-1.0,-0.8954213132044463
-0.8954213132044463,-1.0,0.895421313204446
0.8954213132044457,-1.0,0.8954213132044457
0.8123022972835532,-1.0,-0.005344750034567136
-0.8022508547591478,-1.0,-0.2757299619996463
-0.8753346871341455,-0.3570487880161592,1.0
-0.3435859039543776,-0.8712835973036774,1.0
-0.8762820851736521,0.07142857142856873,1.0
0.0727354534012501,-0.8821373406217382,1.0
-0.1237179148263479,0.4999999999999982,1.0
0.4981772993071654,-0.1265427876294634,1.0
-0.1237179148263481,0.0714285714285714,1.0
-0.1300976575032795,-0.07142857142857117,1.0
-0.8740266011073328,0.4992753193117605,1.0
0.4978021397023091,-0.8704865593677973,1.0
-0.4986197623443737,0.862660284249785,1.0
0.8740266011073334,-0.4992753193117623,1.0
-0.2484991200988516,2.220446049250313e-16,1.0
-0.2486763351732106,-0.1428571428571423,1.0
-0.1313676988695205,-0.2142857142857135,1.0
-0.2489175445799774,-0.2857142857142849,1.0
0.230349763600711,-0.132981403516556,1.0
-0.872952143820577,-0.6430296184649753,1.0
-0.1252398313214238,-0.3571428571428559,1.0
-0.3712718471987355,-0.214285714285714,1.0
-0.3714203807535394,-0.3571428571428563,1.0
-0.2476130447270551,0.1428571428571423,1.0
-0.37136049539913,0.07142857142857117,1.0
-0.3712177388114513,0.2142857142857137,1.0
-0.494916783514141,0.1428571428571428,1.0
-0.4948898457289175,0.2857142857142856,1.0
-0.49493578247109,-0.2857142857142854,1.0
-0.4949267858787575,-0.4285714285714277,1.0
-0.371207371620354,-0.4999999999999989,1.0
-0.4948897849245043,-0.5714285714285702,1.0
-0.6513518597302752,-0.8725409092974228,1.0
0.7704611174415668,-0.8704656139396736,1.0
0.7710799917249003,-0.1287341333529868,1.0
-0.8743436158175091,0.7801892664864554,1.0
-0.1209674350079764,0.7851089472455883,1.0
-0.6205849774602517,0.214498812270955,1.0
-0.6239135660485298,0.07202716757266181,1.0
-0.6205691843339658,0.3571783734737308,1.0
-0.4952046254096831,0.4285773479599071,1.0
-0.620619015426379,0.5000069059532255,1.0
-0.4952653938718796,0.5714307089855217,1.0
-0.6189934367752601,0.6428586501088391,1.0
-0.6186017828304862,-0.4999999999999991,1.0
0.004907185242682965,-0.2651383222115833,1.0
0.0005642114579342827,-0.4251421013209769,1.0
0.1237179148263476,-0.3571428571428559,1.0
0.1238119500693364,-0.4994284454582566,1.0
0.2474515021931936,-0.4284761694811368,1.0
0.2474541142832765,-0.5713174358232309,1.0
0.3711594040075568,-0.4999656008840602,1.0
0.0003906868358174442,-0.5679284964221807,1.0
0.3711577351722255,-0.6428328870702615,1.0
0.4948732676756737,-0.5714187956114337,1.0
0.4948716593053917,-0.4285714285714272,1.0
0.6202338541036734,-0.4999983706971431,1.0
0.6188638888554421,-0.6428552420038097,1.0
0.6205076327039492,-0.3571425855923808,1.0
-0.7474315657470992,0.2843868342227325,1.0
-0.4964968036304427,-0.1428571428571427,1.0
-0.6237784856308253,-0.2136068809830693,1.0
-0.2474760312204899,0.2857142857142847,1.0
-0.3712748612575065,0.5000013428242371,1.0
-0.3736319565403847,0.6387139584998005,1.0
0.2491681891849966,-0.7112690446588381,1.0
-0.3735581067762965,-0.6387133784362686,1.0
-0.2485228971415423,-0.569564648335162,1.0
-0.6163358227813311,-0.6389447742473163,1.0
-0.2575568187089144,-0.731856237644473,1.0
0.2474358296526955,-0.2857142857142846,1.0
0.4948716593053921,-0.2857142857142845,1.0
0.3695964016934119,-0.7833868203952485,1.0
0.628300202476106,-0.2134100513315212,1.0
0.754690778317058,-0.2818383917779721,1.0
0.3665218589146439,-0.2127468993863921,1.0
-0.7431537901768169,-0.5708052559282388,1.0
-0.7330546299027885,-0.7368201161607884,1.0
-0.7434823601478042,-0.4284046587843084,1.0
-0.8760175809834885,-0.7880699759870269,1.0
-0.7440335580671329,0.5713676643296504,1.0
-0.7440488462556936,0.7133549777732053,1.0
0.7439897902744019,-0.5713666487377181,1.0
0.7496407724724934,-0.7152371713594148,1.0
0.6290827867723903,-0.7861196784951137,1.0
-0.6221778789945485,0.7819651148243656,1.0
0.23511473976713,-0.8621272168231737,1.0
-0.7630923294327507,0.8674884110963239,1.0
-0.8707531207367786,-0.4999152763325816,1.0
-0.7497367797137999,-0.2844551543187104,1.0
-0.8694522914154774,0.6422413823531041,1.0
-0.7500040511522515,0.4279280331700503,1.0
-0.8750239185020542,0.3560010109021736,1.0
0.870397818877547,-0.6422291380003554,1.0
0.7521715604194106,-0.4285714285714289,1.0
0.8757027635459389,-0.3541918884422901,1.0
-0.8759593005418902,-0.2137193997540425,1.0
-0.7509416509466486,-0.1420897811575179,1.0
-0.6234558881799492,-0.07073779107620126,1.0
-0.751015625120755,0.0005558876845872529,1.0
-0.4968828802085397,0.0002148960827432767,1.0
-0.123259501523286,0.6427562531123585,1.0
-0.497193474314802,-0.8544574277330276,1.0
-0.4954203476684171,-0.7044393208482606,1.0
0.07898757205589058,-0.1288712015400039,1.0
-0.3721979136181517,-0.07139275541478074,1.0
0.370385318896479,-0.356864778291931,1.0
-0.201799555940794,-0.8777987588472433,1.0
-0.1096546129814662,-0.7704808863559354,1.0
-0.3445234382897894,0.8696873962809608,1.0
-0.2474358296526959,-0.4285714285714273,1.0
-0.6191936857815008,-0.3570515438669065,1.0
-0.1237246150876468,0.3571428571428559,1.0
-0.3712498220134572,0.3571440675116424,1.0
-0.2474798456763571,0.4285718541035977,1.0
0.1267775044797201,-0.6370031669811516,1.0
-0.124670998357129,-0.4973611500850283,1.0
0.496896036645242,-0.7161833304906108,1.0
-0.12375526764359,0.2142857142857135,1.0
-0.499032765671431,0.7097467359762266,1.0
-0.2595167834957259,0.7355533579596489,1.0
-0.2498134772199347,0.5742661277499401,1.0
-0.8756997769638243,-0.07111364410925858,1.0
-0.7518874760838419,0.1431334393562365,1.0
-0.8761262081809746,0.2128373427495032,1.0
0.8806805579559231,-0.7812351947263961,1.0
-0.2130067322916215,0.8807803626901864,1.0
-0.1263753804657495,-0.6369719712580243,1.0
0.8829088262997449,-0.2162260696556845,1.0
0.002702359559534795,-0.6981033578677447,1.0
-0.7842224618496505,-0.8822346275702333,1.0
-0.0714285714285734,-0.8931718317793744,1.0
0.1232858535847241,-0.7671228003082696,1.0
0.1370796530756655,-0.2339696140250567,1.0
-0.6004899425457819,-0.7616689566282114,1.0
0.6366120659261101,-0.9054143703605169,1.0
0.636654355844491,-0.09373739446279428,1.0
0.3633597990897124,-0.9032001193172439,1.0
-0.3934629302845617,-0.7601499923931414,1.0
-0.3950649412683409,0.7632723465932842,1.0
-0.634226080328486,0.9014882053857951,1.0
0.3605171929134208,-0.09272037767631836,1.0
-0.03727104489295052,-0.1403380535845595,1.0
-0.8954213132044463,0.895421313204446,1.0
-0.1045786867955537,0.895421313204446,1.0
0.8954213132044457,-0.8954213132044463,1.0
-0.8954896726971076,-0.8954896726971076,1.0
0.8959794242105723,-0.1040205757894272,1.0
-0.005749068976926175,-0.8068505223787719,1.0
-0.8712835973036774,1.0,-0.3435859039543777
-0.3570487880161594,1.0,-0.8753346871341454
-0.8762820851736521,1.0,0.07142857142856873
0.07142857142856873,1.0,-0.8762820851736521
-0.1265722397109615,1.0,0.4980434777181522
0.4999999999999987,1.0,-0.1237179148263478
0.0714285714285714,1.0,-0.1237179148263481
-0.07142857142857117,1.0,-0.1300976575032795
-0.8641123745091024,1.0,0.4949338854855194
0.4992753193117605,1.0,-0.8740266011073327
-0.5135797717140254,1.0,0.8616296831890609
0.862660284249785,1.0,-0.4986197623443739
2.220446049250313e-16,1.0,-0.2484991200988516
-0.1428571428571423,1.0,-0.2486763351732106
-0.2142857142857135,1.0,-0.1313676988695205
-0.2857142857142849,1.0,-0.2489175445799774
-0.1329814035165556,1.0,0.230349763600711
-0.8725409092974229,1.0,-0.6513518597302751
-0.3571428571428561,1.0,-0.1252398313214237
-0.214285714285714,1.0,-0.3712718471987355
-0.3571428571428563,1.0,-0.3714203807535396
0.1428571428571423,1.0,-0.2476130447270551
0.07142857142857117,1.0,-0.37136049539913
0.214285714285714,1.0,-0.371217738811451
0.1428571428571428,1.0,-0.494916783514141
0.2857142857142858,1.0,-0.4948898457289173
-0.2857142857142854,1.0,-0.4949357824710899
-0.4285714285714277,1.0,-0.4949267858787575
-0.4999999999999987,1.0,-0.371207371620354
-0.6430296184649754,1.0,-0.872952143820577
-0.5714285714285702,1.0,-0.4948897849245044
-0.8794719565121171,1.0,0.7801892664864547
0.7801892664864551,1.0,-0.8743436158175092
-0.2197966168543268,1.0,0.8793982935513966
0.7851089472455883,1.0,-0.1209674350079764
0.2144988122709548,1.0,-0.6205849774602517
0.07202716757266181,1.0,-0.6239135660485295
0.3571783734737308,1.0,-0.6205691843339657
0.4285773479599078,1.0,-0.4952046254096829
0.5000069059532257,1.0,-0.6206190154263788
0.5714307089855224,1.0,-0.4952653938718794
0.6428586501088387,1.0,-0.6189934367752603
-0.4999999999999992,1.0,-0.6186017828304862
-0.2651383222115835,1.0,0.004907185242682965
-0.4251421013209771,1.0,0.0005642114579345048
-0.3571428571428559,1.0,0.1237179148263476
-0.4994284454582565,1.0,0.1238119500693369
-0.4284761694811362,1.0,0.2474515021931938
-0.5713174358232305,1.0,0.2474541142832771
-0.4999656008840593,1.0,0.3711594040075572
-0.5707617577965377,1.0,0.0001097077834875115
-0.6428328870702604,1.0,0.3711577351722266
-0.571418795611432,1.0,0.4948732676756749
-0.4285714285714259,1.0,0.4948716593053923
0.2843868342227325,1.0,-0.747431565747099
-0.4943670617766784,1.0,0.6153386044723352
-0.3571428571428541,1.0,0.61858957413174
-0.6381890559988458,1.0,0.6323421983855688
-0.1428571428571427,1.0,-0.4964968036304425
-0.2136068809830693,1.0,-0.623778485630825
0.2857142857142849,1.0,-0.2474760312204894
0.5000013428242378,1.0,-0.371274861257506
0.638713958499801,1.0,-0.3736319565403847
-0.7112690446588377,1.0,0.2491681891849984
-0.6387133784362685,1.0,-0.3735581067762965
-0.570737944025091,1.0,-0.2478454945591229
-0.6389447742473164,1.0,-0.616335822781331
-0.7326393580471623,1.0,-0.2603701566571991
-0.285714285714284,1.0,0.2474358296526948
-0.2857142857142834,1.0,0.4948716593053917
-0.7823244562521317,1.0,0.3691183593239489
-0.214285714285712,1.0,0.6185895741317404
-0.2127518080666411,1.0,0.3664995553164747
-0.4242645918994162,1.0,0.7411352616695963
0.5713676643296501,1.0,-0.7440335580671328
0.7133549777732049,1.0,-0.7440488462556938
-0.5708052559282389,1.0,-0.7431537901768168
-0.7368201161607884,1.0,-0.7330546299027885
-0.4284046587843088,1.0,-0.7434823601478043
-0.788069975987027,1.0,-0.8760175809834885
0.7819651148243658,1.0,-0.6221778789945487
-0.8614213372730507,1.0,0.2349326046301781
0.8674884110963239,1.0,-0.763092329432751
-0.4999152763325816,1.0,-0.8707531207367785
-0.2844551543187105,1.0,-0.7497367797137998
0.6422413823531032,1.0,-0.8694522914154775
0.4279280331700508,1.0,-0.750004051152251
0.3560010109021736,1.0,-0.875023918502054
-0.2137193997540427,1.0,-0.8759593005418901
-0.142089781157518,1.0,-0.7509416509466481
-0.0707377910762016,1.0,-0.6234558881799489
0.0005558876845868088,1.0,-0.7510156251207548
0.0002148960827432767,1.0,-0.4968828802085395
-0.8773915296520951,1.0,0.6456058244310285
-0.7525641703473023,1.0,0.714285714285714
-0.7672270585529335,1.0,0.8685592056481326
-0.6420096528960072,1.0,0.78398678733098
0.6427562531123585,1.0,-0.1232595015232859
-0.6391353428946388,1.0,0.1257722930029159
-0.7344025332265911,1.0,0.00030915513715013
-0.356865596405305,1.0,0.3703816016301169
-0.8544574277330276,1.0,-0.4971934743148019
-0.1288712015400039,1.0,0.07898757205589035
-0.07139275541478063,1.0,-0.3721979136181517
-0.3570515438669066,1.0,-0.6191936857815008
-0.8757860604865256,1.0,-0.06991582121225659
-0.3596068300779621,1.0,0.8723891331382445
-0.2861408736757611,1.0,0.7485509981119258
-0.1316600408810821,1.0,0.7650441631660176
0.8696873962809608,1.0,-0.3445234382897897
-0.8745764458637706,1.0,-0.2060888511819434
-0.7044393208482606,1.0,-0.4954203476684169
0.3571440675116426,1.0,-0.3712498220134567
-0.642857142857141,1.0,-0.1237179148263473
0.3571428571428561,1.0,-0.1237246150876463
-0.7111797076643036,1.0,0.4934895401095232
-0.4992022052856717,1.0,-0.1239275251863615
-0.4283233582184598,1.0,-0.2480930246701298
0.2142857142857135,1.0,-0.1237552676435898
0.7097467359762268,1.0,-0.4990327656714313
0.7355533579596489,1.0,-0.259516783495726
0.5742660568279119,1.0,-0.2498061412159908
0.4290447683368219,1.0,-0.247874897603573
-0.07111364410925869,1.0,-0.8756997769638242
0.1431334393562365,1.0,-0.7518874760838419
0.2128373427495034,1.0,-0.8761262081809745
0.8807803626901864,1.0,-0.2130067322916215
-0.8822346275702333,1.0,-0.7842224618496505
-0.7645020686453541,1.0,0.1363221626767621
-0.7688696741180037,1.0,-0.1335345387444287
-0.2339696140250566,1.0,0.1370796530756653
-0.7616689566282115,1.0,-0.6004899425457817
-0.09681839455621843,1.0,0.6419203917340466
-0.9023522696751906,1.0,0.3610794682872962
-0.6424376861947185,1.0,0.9037686103517151
-0.7604623543923561,1.0,-0.3915920457679097
0.7632723465932845,1.0,-0.3950649412683411
-0.7682006765440493,1.0,0.5985117946142018
0.9014882053857955,1.0,-0.6342260803284867
-0.09272528635656774,1.0,0.3604948893152518
-0.1403380535845595,1.0,-0.03727104489295052
-0.1045786867955543,1.0,0.8954213132044453
0.895421313204446,1.0,-0.8954213132044463
0.895421313204446,1.0,-0.1045786867955537
-0.8954213132044463,1.0,0.8954213132044457
-0.8954896726971077,1.0,-0.8954896726971077
-0.5401107734931411,1.0,0.724884983232464
0.07142857142856895,0.8762820851736519,-1.0
0.06834247409682837,-0.8673112620409779,-1.0
-0.8865829355707595,0.07468312713944147,-1.0
0.8835804688716451,0.0740604997555061,-1.0
-0.3571428571428565,-0.8695521167927684,-1.0
-0.3571428571428577,0.8762820851736493,-1.0
0.9020486483366079,-0.3565293004257084,-1.0
-0.9028788008799797,-0.3615706738034127,-1.0
0.8731858459950372,0.5030557096254951,-1.0
-0.8729814221070898,0.5018716480176537,-1.0
0.5001615757390285,-0.8743058952874617,-1.0
0.4999999999999978,0.8762820851736512,-1.0
-0.8746875646273209,-0.6452440052411373,-1.0
-0.6416895689124609,0.8769561843049118,-1.0
0.8764789701848521,-0.6449048424998685,-1.0
-0.6433005066850396,-0.867080711220054,-1.0
0.8713183694451176,0.7669740022979485,-1.0
-0.8706146789370298,0.7725963401346556,-1.0
0.7858068225519275,-0.8792673914607912,-1.0
0.3571428571428545,0.876282085173651,-1.0
0.4285714285714257,0.7525641703473025,-1.0
0.5714285714285694,0.7525641703473029,-1.0
0.4999999999999969,0.6288462555209544,-1.0
0.3571428571428541,0.6288462555209544,-1.0
0.4285714285714248,0.5051283406946068,-1.0
0.2857142857142827,0.5051283406946061,-1.0
0.3571428571428539,0.3814104258682582,-1.0
0.214285714285712,0.381410425868258,-1.0
0.2857142857142834,0.2576925110419102,-1.0
0.142857142857141,0.2576925110419097,-1.0
0.2142857142857129,0.1339745962155623,-1.0
0.07142857142857051,0.1339745962155618,-1.0
0.1428571428571421,0.01025668138921421,-1.0
-2.220446049250313e-16,0.01025668138921354,-1.0
-0.07142857142857195,0.1339745962155612,-1.0
-0.1428571428571425,0.01025668138921287,-1.0
-0.07142857142857073,-0.1134612334371348,-1.0
-0.2142857142857143,0.1339745962155605,-1.0
-0.214285714285713,-0.1134612334371353,-1.0
-0.1428571428571414,-0.237179148263483,-1.0
0.2857142857142843,0.01025668138921465,-1.0
8.881784197001252e-16,-0.2371791482634821,-1.0
-0.142857142857144,0.2576925110419088,-1.0
-0.2857142857142867,0.2576925110419079,-1.0
-0.2857142857142837,-0.2371791482634837,-1.0
-0.3571428571428551,-0.113461233437136,-1.0
-0.2142857142857117,-0.3608970630898312,-1.0
-0.3571428571428541,-0.360897063089832,-1.0
-0.214285714285716,0.3814104258682562,-1.0
-0.3571428571428584,0.3814104258682556,-1.0
0.4285714285714248,0.257692511041911,-1.0
-0.4285714285714292,0.257692511041907,-1.0
0.1428571428571397,0.5051283406946061,-1.0
-0.285714285714282,-0.4846149779161795,-1.0
-0.1428571428571399,-0.4846149779161786,-1.0
-0.4285714285714243,-0.4846149779161804,-1.0
-0.4999999999999964,-0.3608970630898329,-1.0
-0.500000000000001,0.3814104258682549,-1.0
-0.4285714285714297,0.5051283406946032,-1.0
-0.5714285714285718,0.2576925110419066,-1.0
-0.5714285714285666,-0.4846149779161815,-1.0
-0.5714285714285726,0.5051283406946028,-1.0
0.5714285714285678,0.5051283406946061,-1.0
-0.2142857142857103,-0.6083328927425269,-1.0
-0.07281831975714392,-0.6075305211709171,-1.0
-0.4999999999999947,-0.6085746029949164,-1.0
-0.5000000000000006,0.6288462555209511,-1.0
-0.3571428571428581,0.6288462555209509,-1.0
-0.5,0.1339745962155587,-1.0
-0.0002316247214271261,-0.4844812493209096,-1.0
0.06683780632246616,-0.6092932988479223,-1.0
0.1420534112192218,-0.4847527575011981,-1.0
0.2104558435591799,-0.6104347180624129,-1.0
0.2849420186535436,-0.4849882454003274,-1.0
0.359090638977601,-0.6103202636004531,-1.0
0.4314821524997179,-0.4865832730304448,-1.0
0.3574992666207817,-0.3612873235228975,-1.0
0.499244734119622,-0.3605397226631116,-1.0
0.575578028401788,-0.481075280950287,-1.0
0.2142857142857135,-0.1134612334371332,-1.0
0.4285049525043523,-0.2371846349312053,-1.0
0.5699918263225814,-0.2363700729523752,-1.0
0.499749463137821,-0.1133273019965685,-1.0
0.6425759291957793,-0.1133040656451859,-1.0
0.5713399463413116,0.01030519792796736,-1.0
-0.6428571428571438,0.6288462555209511,-1.0
0.2824698162964581,-0.7346511346366607,-1.0
-0.1444785159071439,-0.7311147074019971,-1.0
-0.07142857142857362,0.3814104258682571,-1.0
-0.1428571428571457,0.5051283406946048,-1.0
-0.6402929725098396,0.1354550206558218,-1.0
-0.5710012097040199,0.01050341879592098,-1.0
-0.7123662463527654,0.2588174713633045,-1.0
-0.6385447721631295,-0.3633868114708658,-1.0
-0.5707098429795672,-0.2375941063269911,-1.0
-0.6392345568772758,-0.6062816767939591,-1.0
-0.7126563271567281,-0.2369118399005805,-1.0
0.7112169353184488,-0.2313151041432853,-1.0
0.7770666365054928,-0.1059964134690927,-1.0
-0.704267459408957,0.008239632633865845,-1.0
-0.7178811807441098,0.5045855585817778,-1.0
-0.7871539997961863,0.6338868525765797,-1.0
-0.2859845145559493,-0.7344337335263741,-1.0
0.4293904437867064,-0.7342106809496083,-1.0
-0.5708987010699069,-0.734119391916072,-1.0
-0.7379904315836959,-0.7256064173607424,-1.0
-0.7889076398336993,-0.8715691406710047,-1.0
-0.7849671198446768,0.3768107318919185,-1.0
-0.214600981267658,-0.8651448800193936,-1.0
-0.4999855822448712,-0.8673755481686827,-1.0
0.3567655440656035,-0.8664894055448252,-1.0
0.57606284406217,-0.7465668384472073,-1.0
0.5049615469360875,-0.6095475146351118,-1.0
0.6453493903854561,-0.6014698350630958,-1.0
0.710865492777772,-0.4768328064852765,-1.0
0.7405882271009248,-0.7282011276769733,-1.0
0.2113937372092849,-0.864983370210569,-1.0
0.1385268645854609,-0.7356517269896271,-1.0
-0.07256473021557142,-0.8605472167175228,-1.0
-0.4285257520260719,-0.7370647143568902,-1.0
0.644210350636256,-0.8741058866256005,-1.0
-0.4285714285714288,0.7525641703473003,-1.0
-0.2857142857142865,0.7525641703472994,-1.0
-0.2142857142857151,0.8762820851736493,-1.0
-0.1428571428571445,0.7525641703473007,-1.0
-0.7154088006629304,0.7575294138076027,-1.0
-0.5714211568339942,0.7535040607792278,-1.0
-0.3571428571428575,0.1339745962155594,-1.0
-3.108624468950438e-15,0.5051283406946052,-1.0
0.2142857142857113,0.876282085173651,-1.0
0.1428571428571397,0.7525641703473032,-1.0
0.2142857142857109,0.6288462555209544,-1.0
0.6416895689124584,0.8769561843049121,-1.0
0.7154693089258723,0.7535665032333263,-1.0
0.6453017765415172,0.6285756247962935,-1.0
0.7142857142857109,0.5051283406946041,-1.0
0.6428571428571375,0.3814104258682571,-1.0
0.78571428571428,0.3814104258682545,-1.0
0.7117215439384053,0.2591729354821721,-1.0
0.788529206432057,0.6333595539174679,-1.0
0.8625340579123022,0.2421821819513603,-1.0
-0.4284516404965923,-0.2372483079407356,-1.0
-0.4997890202919339,-0.113500796826145,-1.0
0.2142857142857151,-0.3608970630898277,-1.0
-0.4998041685767904,0.8765510834341814,-1.0
0.8603311642623299,-0.4857606010467047,-1.0
0.07142857142856918,0.381410425868258,-1.0
-1.332267629550188e-15,0.2576925110419095,-1.0
-0.640689690875915,-0.1137874875101783,-1.0
-0.7753224529457701,-0.1073459478653666,-1.0
-0.8593815587397639,-0.4947212995907825,-1.0
-0.6430119482997829,0.3807408399069605,-1.0
-0.8657316120307817,0.2345485553507567,-1.0
0.4285149015798537,0.01028708938576783,-1.0
0.2857626079494264,-0.237245106113613,-1.0
-0.07146717554880766,-0.360874774990619,-1.0
0.2857142857142825,0.7525641703473025,-1.0
0.07142857142856807,0.6288462555209549,-1.0
-0.2857142857142849,0.01025668138921199,-1.0
0.0714285714285714,-0.1134612334371339,-1.0
0.07124957801530751,-0.3608940235715864,-1.0
-0.07142857142857273,0.8762820851736521,-1.0
0.4999999999999956,0.3814104258682589,-1.0
0.3571334359775924,0.133979664214988,-1.0
0.499974237792647,0.1339885949713515,-1.0
-0.3571802825255722,-0.609605983242178,-1.0
-0.4284650383326587,0.01029121039216152,-1.0
-0.705401381765679,-0.4867707009910887,-1.0
0.7032631334280286,0.009230189709163561,-1.0
0.1428353643274558,-0.2371896346521294,-1.0
0.3570886541952416,-0.1134457509505896,-1.0
-0.2857142857142871,0.5051283406946034,-1.0
-2.664535259100376e-15,0.7525641703473034,-1.0
-0.07142857142857473,0.6288462555209522,-1.0
-0.2142857142857166,0.6288462555209513,-1.0
0.570996916002791,0.257941581574586,-1.0
0.6379375068556072,0.1355826070870632,-1.0
0.8638087170732756,-0.2206385006465141,-1.0
-0.8732444805060692,-0.2207276920184902,-1.0
0.7797099040880178,0.8808020861840291,-1.0
-0.7813647802447976,0.8827722956379214,-1.0
0.882271352970128,-0.7843005318073228,-1.0
0.635058414168661,-0.3563944649821966,-1.0
-0.004305571048403234,-0.7329543477027489,-1.0
-0.8835676062797015,-0.778374743222209,-1.0
0.7696890434996124,0.1301556324158994,-1.0
-0.7706477786457397,0.1240649559962994,-1.0
-0.9006395005190084,-0.0714285714285734,-1.0
0.9006395005190106,-0.0714285714285734,-1.0
0.7667226489422667,-0.5874338425543837,-1.0
-0.7635218618948514,-0.5928845533678779,-1.0
0.7683758276545327,-0.3526438785627315,-1.0
-0.9061500201680612,0.6388138252886344,-1.0
-0.7656131314477509,-0.3718908297157043,-1.0
0.903487228627601,0.3674974101534043,-1.0
-0.9058757188168041,0.3600999856320704,-1.0
0.9080374098100561,0.6392596910384967,-1.0
-0.89505778429847,-0.89505778429847,-1.0
-0.8954213132044463,0.8954213132044457,-1.0
0.895421313204446,-0.8954213132044463,-1.0
0.8954213132044457,0.8954213132044457,-1.0
0.812289573920923,-0.005290747099343962,-1.0
-0.8125243657770785,-0.005859853550308158,-1.0
1.0,-0.3435859039543777,-0.8712835973036774
1.0,-0.8753346871341454,-0.3570487880161594
1.0,0.07142857142856873,-0.8762820851736521
1.0,-0.8762820851736521,0.07142857142856873
1.0,-0.1237179148263478,0.4999999999999987
1.0,0.4980434777181522,-0.1265722397109615
1.0,-0.1237179148263481,0.0714285714285714
1.0,-0.1300976575032795,-0.07142857142857117
1.0,-0.8740266011073327,0.4992753193117605
1.0,0.4949338854855194,-0.8641123745091024
1.0,-0.4986197623443739,0.862660284249785
1.0,0.8616296831890609,-0.5135797717140254
1.0,-0.2484991200988516,2.220446049250313e-16
1.0,-0.2486763351732106,-0.1428571428571423
1.0,-0.1313676988695205,-0.2142857142857135
1.0,-0.2489175445799772,-0.285714285714285
1.0,0.230349763600711,-0.1329814035165556
1.0,-0.872952143820577,-0.6430296184649754
1.0,-0.1252398313214236,-0.3571428571428561
1.0,-0.3712718471987355,-0.214285714285714
1.0,-0.3714203807535394,-0.3571428571428565
1.0,-0.2476130447270551,0.1428571428571423
1.0,-0.37136049539913,0.07142857142857117
1.0,-0.371217738811451,0.214285714285714
1.0,-0.494916783514141,0.1428571428571428
1.0,-0.4948898457289173,0.2857142857142858
1.0,-0.49493578247109,-0.2857142857142855
1.0,-0.4949267858787574,-0.4285714285714278
1.0,-0.3712073716203538,-0.4999999999999989
1.0,-0.4948897849245042,-0.5714285714285703
1.0,-0.6513518597302752,-0.8725409092974228
1.0,-0.8743436158175092,0.7801892664864551
1.0,0.7801892664864547,-0.8794719565121171
1.0,0.8793982935513966,-0.2197966168543268
1.0,-0.1209674350079764,0.7851089472455883
1.0,-0.6205849774602515,0.2144988122709548
1.0,-0.6239135660485297,0.07202716757266159
1.0,-0.6205691843339657,0.3571783734737308
1.0,-0.4952046254096829,0.4285773479599078
1.0,-0.6206190154263788,0.5000069059532257
1.0,-0.4952653938718794,0.5714307089855224
1.0,-0.6189934367752603,0.6428586501088387
1.0,-0.6186017828304862,-0.4999999999999993
1.0,0.004907185242682965,-0.2651383222115835
1.0,0.0005642114579345048,-0.425142101320977
1.0,0.1237179148263476,-0.3571428571428559
1.0,0.1238119500693369,-0.4994284454582565
1.0,0.2474515021931938,-0.4284761694811362
1.0,0.2474541142832771,-0.5713174358232305
1.0,0.3711594040075572,-0.4999656008840593
1.0,0.0001097077834875115,-0.5707617577965376
1.0,0.3711577351722266,-0.6428328870702604
1.0,0.4948732676756749,-0.571418795611432
1.0,0.4948716593053923,-0.4285714285714259
1.0,-0.7474315657470989,0.2843868342227325
1.0,0.6153386044723352,-0.4943670617766784
1.0,0.61858957413174,-0.3571428571428541
1.0,0.6323421983855688,-0.6381890559988458
1.0,-0.4964968036304426,-0.1428571428571427
1.0,-0.623778485630825,-0.2136068809830695
1.0,-0.2474760312204894,0.2857142857142849
1.0,-0.371274861257506,0.5000013428242378
1.0,-0.3736319565403847,0.638713958499801
1.0,0.2491681891849984,-0.7112690446588377
1.0,-0.3735581067762964,-0.6387133784362687
1.0,-0.2478454945591227,-0.5707379440250911
1.0,-0.6163358227813309,-0.6389447742473165
1.0,-0.2603701566571991,-0.7326393580471624
1.0,0.2474358296526948,-0.285714285714284
1.0,0.4948716593053917,-0.2857142857142834
1.0,0.3691183593239489,-0.7823244562521317
1.0,0.6185895741317404,-0.214285714285712
1.0,0.3664995553164747,-0.2127518080666411
1.0,0.7411352616695963,-0.4242645918994162
1.0,-0.7440335580671328,0.5713676643296501
1.0,-0.7440488462556938,0.7133549777732049
1.0,-0.7431537901768168,-0.5708052559282389
1.0,-0.7330546299027885,-0.7368201161607884
1.0,-0.7434823601478041,-0.4284046587843089
1.0,-0.8760175809834885,-0.7880699759870269
1.0,-0.6221778789945487,0.7819651148243658
1.0,0.2349326046301781,-0.8614213372730507
1.0,-0.763092329432751,0.8674884110963239
1.0,-0.8707531207367785,-0.4999152763325816
1.0,-0.7497367797137998,-0.2844551543187106
1.0,-0.8694522914154775,0.6422413823531032
1.0,-0.750004051152251,0.4279280331700508
1.0,-0.875023918502054,0.3560010109021736
1.0,-0.87595930054189,-0.2137193997540427
1.0,-0.7509416509466482,-0.142089781157518
1.0,-0.623455888179949,-0.0707377910762016
1.0,-0.7510156251207548,0.0005558876845868088
1.0,-0.4968828802085397,0.0002148960827432767
1.0,-0.4971934743148019,-0.8544574277330277
1.0,0.6456058244310285,-0.8773915296520951
1.0,0.714285714285714,-0.7525641703473023
1.0,0.8685592056481326,-0.7672270585529335
1.0,0.78398678733098,-0.6420096528960072
1.0,-0.1232595015232859,0.6427562531123585
1.0,0.1257722930029159,-0.6391353428946388
1.0,0.00030915513715013,-0.7344025332265912
1.0,0.3703816016301169,-0.356865596405305
1.0,0.07898757205589035,-0.1288712015400039
1.0,-0.3721979136181517,-0.07139275541478074
1.0,-0.6191936857815008,-0.3570515438669066
1.0,-0.3445234382897897,0.8696873962809608
1.0,0.8723891331382445,-0.3596068300779621
1.0,0.7485509981119258,-0.2861408736757611
1.0,0.7650441631660176,-0.1316600408810821
1.0,-0.06991582121225637,-0.8757860604865255
1.0,-0.4954203476684169,-0.7044393208482607
1.0,-0.2060888511819434,-0.8745764458637706
1.0,-0.3712498220134567,0.3571440675116426
1.0,-0.1237246150876463,0.3571428571428561
1.0,-0.1237179148263475,-0.642857142857141
1.0,0.4934895401095232,-0.7111797076643036
1.0,-0.1239275251863614,-0.4992022052856717
1.0,-0.2480930246701298,-0.42832335821846
1.0,-0.1237552676435898,0.2142857142857135
1.0,-0.4990327656714313,0.7097467359762268
1.0,-0.259516783495726,0.7355533579596489
1.0,-0.2498061412159908,0.5742660568279119
1.0,-0.247874897603573,0.4290447683368219
1.0,-0.8756997769638242,-0.07111364410925869
1.0,-0.7518874760838417,0.1431334393562365
1.0,-0.8761262081809744,0.2128373427495034
1.0,-0.2130067322916215,0.8807803626901864
1.0,-0.7842224618496505,-0.8822346275702333
1.0,0.1363221626767621,-0.7645020686453541
1.0,-0.1335345387444284,-0.7688696741180037
1.0,0.1370796530756653,-0.2339696140250566
1.0,-0.6004899425457817,-0.7616689566282115
1.0,0.6419203917340466,-0.09681839455621843
1.0,0.3610794682872962,-0.9023522696751906
1.0,0.9037686103517151,-0.6424376861947185
1.0,-0.3915920457679098,-0.7604623543923561
1.0,-0.3950649412683411,0.7632723465932845
1.0,0.5985117946142018,-0.7682006765440493
1.0,-0.6342260803284867,0.9014882053857955
1.0,0.3604948893152518,-0.09272528635656774
1.0,-0.03727104489295052,-0.1403380535845595
1.0,0.8954213132044453,-0.1045786867955543
1.0,-0.8954213132044463,0.895421313204446
1.0,-0.1045786867955537,0.895421313204446
1.0,0.8954213132044457,-0.8954213132044463
1.0,-0.8954896726971076,-0.8954896726971076
1.0,0.724884983232464,-0.5401107734931411
0.0,0.1265427876294645,0.4981772993071659
0.0,0.862660284249785,0.4986197623443722
0.0,0.4992753193117614,0.874026601107333
0.0,0.4999999999999989,0.1237179148263479
0.0,0.1287341333529879,0.7710799917248997
0.0,0.214285714285714,0.123717914826348
0.0,0.7851089472455881,0.1209674350079761
0.0,0.7801892664864553,0.8743436158175089
0.0,0.3535499438421972,0.1244455545700567
0.0,0.4253229820386316,0.2472282007945731
0.0,0.5708871636731042,0.2474012248430084
0.0,0.497193134598444,0.3698575066048279
0.0,0.638155332910099,0.3733243408689084
0.0,0.5701771255371382,0.495017385724666
0.0,0.4257198203357525,0.4934240417999876
0.0,0.4993161576454824,0.620016604194271
0.0,0.6425345948161512,0.6188517002120397
0.0,0.3565536153778259,0.6202301548014812
0.0,0.2779991605783597,0.4946365804424945
0.0,0.2120260354397756,0.6282147763485451
0.0,0.2036161027913332,0.3683090392388504
0.0,0.2815095607602568,0.7546302943120522
0.0,0.5712813715064848,0.7439702801933803
0.0,0.7132865864205629,0.7440146771828646
0.0,0.7818997070501443,0.6221485613885397
0.0,0.8674692969353434,0.7630832599072019
0.0,0.3465965268553013,0.3673214192337301
0.0,0.6422282289367938,0.8694440051104959
0.0,0.4285714285714304,0.7521715604194077
0.0,0.3541527418925631,0.8756955630691514
0.0,0.8696873962809608,0.3445234382897876
0.0,0.7093797906253942,0.4989116526734439
0.0,0.6426660184864477,0.1232537340550046
0.0,0.7353833196780666,0.2594670709315186
0.0,0.2784411445254095,0.2437282390416001
0.0,0.1272755973392797,0.2313473055860425
0.0,0.8807601200376172,0.2130008141292146
0.0,0.2161647400611108,0.882897545552779
0.0,0.09346059128444559,0.6366372706189788
0.0,0.7630532247488611,0.3949692530216062
0.0,0.9014882053857955,0.6342260803284853
0.0,0.08838577660090904,0.3571428571428566
0.0,0.8954213132044454,0.1045786867955543
0.0,0.8954213132044457,0.8954213132044457
0.0,0.1045786867955538,0.1045786867955538
0.0,0.104020575789429,0.8959794242105709
0.4981772993071659,0.0,0.1265427876294645
0.4998527712770374,0.0,0.8629316506252817
0.874026601107333,0.0,0.4992753193117614
0.1237179148263479,0.0,0.4999999999999989
0.123717914826348,0.0,0.214285714285714
0.7710799917248997,0.0,0.1287341333529879
0.1209674350079761,0.0,0.7851089472455881
0.770461117441567,0.0,0.870465613939674
0.1244455545700567,0.0,0.3535499438421972
0.2472282007945731,0.0,0.4253229820386316
0.2474012248430084,0.0,0.5708871636731042
0.3698575066048279,0.0,0.497193134598444
0.3733243408689084,0.0,0.6381553329100988
0.495017385724666,0.0,0.5701771255371382
0.4934240417999876,0.0,0.4257198203357525
0.6200166041942712,0.0,0.4993161576454824
0.6202301548014814,0.0,0.3565536153778259
0.6188517002120397,0.0,0.6425345948161512
0.4946365804424945,0.0,0.2779991605783597
0.6282147763485452,0.0,0.2120260354397756
0.3683090392388504,0.0,0.2036161027913332
0.7546302943120522,0.0,0.2815095607602568
0.7439702801933803,0.0,0.5712813715064848
0.7496354893517562,0.0,0.7151695172896004
0.629421646740822,0.0,0.7847958101617822
0.3673214192337301,0.0,0.3465965268553013
0.8703957106120911,0.0,0.6422161336380221
0.7521715604194077,0.0,0.4285714285714304
0.8756955630691514,0.0,0.3541527418925631
0.3447289397785652,0.0,0.8697326240102101
0.5003293350542685,0.0,0.7099077022065834
0.1232537340550046,0.0,0.6426660184864477
0.2594964282870583,0.0,0.735389780782245
0.2437282390416001,0.0,0.2784411445254095
0.2313473055860425,0.0,0.1272755973392797
0.8806796780289959,0.0,0.7812255925320932
0.2130287735154429,0.0,0.8807662734701682
0.882897545552779,0.0,0.2161647400611108
0.6366372706189788,0.0,0.09346059128444559
0.6428571428571417,0.0,0.9033877700142726
0.3955463630531675,0.0,0.7632234181068838
0.3571428571428566,0.0,0.08838577660090904
0.1045786867955543,0.0,0.8954213132044454
0.8954213132044457,0.0,0.8954213132044457
0.1045786867955538,0.0,0.1045786867955538
0.8959794242105709,0.0,0.104020575789429
0.1265427876294626,0.498177299307165,0.0
0.8731858459950379,0.4969442903745011,0.0
0.4992753193117595,0.874059986305284,0.0
0.4999999999999988,0.123717914826348,0.0
0.7829236577721206,0.1204381401513021,0.0
0.1287341333529856,0.7710799917249003,0.0
0.214285714285714,0.123717914826348,0.0
0.780189266486453,0.8744090508054931,0.0
0.6431160078222908,0.123794978660095,0.0
0.5729312758965722,0.2482913511612154,0.0
0.4285714285714273,0.2474358296526955,0.0
0.4980752277244863,0.3700404658008827,0.0
0.6428571428571402,0.3711537444790443,0.0
0.5711077760493167,0.4946861128590316,0.0
0.4260219442754536,0.4933993228550567,0.0
0.499521620054126,0.6199572722258442,0.0
0.6427239469696189,0.6187865994063643,0.0
0.3566382131025473,0.6202161463159213,0.0
0.2780636141890948,0.494630125870745,0.0
0.2120508773290165,0.6282113658389932,0.0
0.2036237758402278,0.3683082708374507,0.0
0.2815278006959132,0.7546273911462018,0.0
0.5712694932712312,0.7446712969674685,0.0
0.7133161654069298,0.7441970039969151,0.0
0.7857142857142819,0.6185895741317413,0.0
0.8680184623139862,0.762610227699379,0.0
0.3469795872514023,0.3673519163541454,0.0
0.6422297341027035,0.8697198211784187,0.0
0.4285714285714254,0.7521715604194108,0.0
0.3541549133134704,0.8756991918824979,0.0
0.7142857142857117,0.4948716593053926,0.0
0.7882963076132579,0.3690741317646173,0.0
0.7158193724958949,0.2457654484386863,0.0
0.3535499438421964,0.1244455545700566,0.0
0.8705821249264012,0.2322243846949207,0.0
0.2790476745217075,0.2437677986377892,0.0
0.1272755973392772,0.2313473055860393,0.0
0.2161681419538703,0.8828976664940292,0.0
0.09346555966229295,0.6366365885170684,0.0
0.9053837188046613,0.632771675583981,0.0
0.9078989607618396,0.3609734622007808,0.0
0.08838577660090732,0.3571428571428565,0.0
0.8954213132044453,0.1045786867955545,0.0
0.8954213132044457,0.8954213132044457,0.0
0.1045786867955538,0.1045786867955538,0.0
0.1040205757894244,0.8959794242105754,0.0
